{
  "N_test": 1000,
  "relL2": {
    "mean": 0.04092200845479965,
    "std": 0.02738783322274685,
    "median": 0.03438615798950195,
    "p05": 0.014619176276028156,
    "p95": 0.08835848420858383,
    "ci95": 0.0016975154899499102
  },
  "MAE": {
    "mean": 0.009793450124561787,
    "std": 0.0070731258019804955,
    "median": 0.00864656362682581,
    "p05": 0.00380446994677186,
    "p95": 0.018027568235993385,
    "ci95": 0.0004383968791388041
  },
  "RMSE": {
    "mean": 0.011826220899820328,
    "std": 0.0077632879838347435,
    "median": 0.010727467946708202,
    "p05": 0.00473175710067153,
    "p95": 0.02071133442223072,
    "ci95": 0.00048117357435039086
  },
  "MaxAbs": {
    "mean": 0.0226102564483881,
    "std": 0.012293475680053234,
    "median": 0.02105245739221573,
    "p05": 0.009432883001863956,
    "p95": 0.03881831467151642,
    "ci95": 0.0007619575167735701
  },
  "R2": {
    "mean": 0.9935165643692017,
    "std": 0.009036700241267681,
    "median": 0.9966335296630859,
    "p05": 0.9790047407150269,
    "p95": 0.9993083477020264,
    "ci95": 0.0005601004837741402
  }
}