{
  "relL2_mean": 0.09307870268821716,
  "relL2_median": 0.05790559947490692,
  "relL2_p95": 0.2536700367927551,
  "MAE_mean": 0.023837268352508545,
  "MAE_median": 0.0180073119699955,
  "MAE_p95": 0.059520505368709564,
  "MaxErr_mean": 0.04857746884226799,
  "MaxErr_median": 0.04045819491147995,
  "MaxErr_p95": 0.11880255490541458,
  "R2_mean": 0.9671652317047119,
  "R2_median": 0.9854693412780762,
  "R2_p95": 0.999081552028656,
  "ResidualMSE_mean": 0.006425896193832159,
  "ResidualMSE_median": 0.0033735623583197594,
  "ResidualMSE_p95": 0.021957198157906532,
  "IC_MSE_mean": 2.529384073568508e-05,
  "IC_MSE_median": 7.5569405453279614e-06,
  "IC_MSE_p95": 0.00010366265632910654,
  "best_relL2_during_training": 0.03810657188296318
}