{
  "N_test": 1000,
  "relL2": {
    "mean": 0.024979202076792717,
    "std": 0.01903175190091133,
    "median": 0.019730839878320694,
    "p05": 0.005914623383432627,
    "p95": 0.06175112724304199,
    "ci95": 0.0011796002038543321
  },
  "MAE": {
    "mean": 0.006440702360123396,
    "std": 0.005398249253630638,
    "median": 0.0051259929314255714,
    "p05": 0.0017800199566408992,
    "p95": 0.014644945971667767,
    "ci95": 0.00033458695516802513
  },
  "RMSE": {
    "mean": 0.007190295495092869,
    "std": 0.005744271446019411,
    "median": 0.005778134800493717,
    "p05": 0.002183853182941675,
    "p95": 0.015835482627153397,
    "ci95": 0.00035603363284672984
  },
  "MaxAbs": {
    "mean": 0.01215578056871891,
    "std": 0.009197209030389786,
    "median": 0.010148163884878159,
    "p05": 0.004171386826783419,
    "p95": 0.025159703567624092,
    "ci95": 0.0005700489215929298
  },
  "R2": {
    "mean": 0.9969637393951416,
    "std": 0.005603122059255838,
    "median": 0.9988669157028198,
    "p05": 0.9869563579559326,
    "p95": 0.9998971819877625,
    "ci95": 0.00034728510321755513
  }
}