{
  "N_test": 1000,
  "relL2": {
    "mean": 0.030509700998663902,
    "std": 0.020024912431836128,
    "median": 0.025618327781558037,
    "p05": 0.009464859962463379,
    "p95": 0.06590645015239716,
    "ci95": 0.0012411569313084596
  },
  "MAE": {
    "mean": 0.00823399517685175,
    "std": 0.006157847587019205,
    "median": 0.006589566357433796,
    "p05": 0.0025328968185931444,
    "p95": 0.018932880833745003,
    "ci95": 0.0003816673476393908
  },
  "RMSE": {
    "mean": 0.009213157929480076,
    "std": 0.006549163721501827,
    "median": 0.007646646350622177,
    "p05": 0.003071865299716592,
    "p95": 0.019958535209298134,
    "ci95": 0.0004059213729340925
  },
  "MaxAbs": {
    "mean": 0.015020608901977539,
    "std": 0.009357963688671589,
    "median": 0.0129462368786335,
    "p05": 0.005793978460133076,
    "p95": 0.030435943976044655,
    "ci95": 0.0005800125985401198
  },
  "R2": {
    "mean": 0.9957407116889954,
    "std": 0.0068941880017519,
    "median": 0.9980131387710571,
    "p05": 0.9837149381637573,
    "p95": 0.9997759461402893,
    "ci95": 0.00042730619937764186
  }
}