{
  "N_test": 1000,
  "relL2": {
    "mean": 0.029379097744822502,
    "std": 0.024745341390371323,
    "median": 0.023130038753151894,
    "p05": 0.006743531674146652,
    "p95": 0.07523731887340546,
    "ci95": 0.001533732149331419
  },
  "MAE": {
    "mean": 0.007318014279007912,
    "std": 0.006168934982270002,
    "median": 0.0056020962074398994,
    "p05": 0.0022118932101875544,
    "p95": 0.01802370510995388,
    "ci95": 0.00038235455151668747
  },
  "RMSE": {
    "mean": 0.008239376358687878,
    "std": 0.0063797119073569775,
    "median": 0.006629623472690582,
    "p05": 0.002657049335539341,
    "p95": 0.018389474600553513,
    "ci95": 0.0003954186406817253
  },
  "MaxAbs": {
    "mean": 0.014361507259309292,
    "std": 0.00898895226418972,
    "median": 0.012391101568937302,
    "p05": 0.005161701235920191,
    "p95": 0.029135828837752342,
    "ci95": 0.0005571410334939957
  },
  "R2": {
    "mean": 0.9957741498947144,
    "std": 0.012025420553982258,
    "median": 0.9984863996505737,
    "p05": 0.9838224649429321,
    "p95": 0.9998469352722168,
    "ci95": 0.00074534328793096
  }
}