{
  "N_test": 1000,
  "relL2": {
    "mean": 0.03286108747124672,
    "std": 0.022253187373280525,
    "median": 0.02729359269142151,
    "p05": 0.009793402627110481,
    "p95": 0.07261810451745987,
    "ci95": 0.001379266843042095
  },
  "MAE": {
    "mean": 0.007778559345752001,
    "std": 0.006283753551542759,
    "median": 0.0059719206765294075,
    "p05": 0.002570969285443425,
    "p95": 0.01936321333050728,
    "ci95": 0.0003894710801697286
  },
  "RMSE": {
    "mean": 0.00909093115478754,
    "std": 0.0069874306209385395,
    "median": 0.007135582156479359,
    "p05": 0.0031194889452308416,
    "p95": 0.022493824362754822,
    "ci95": 0.0004330854367895801
  },
  "MaxAbs": {
    "mean": 0.0164335984736681,
    "std": 0.010961564257740974,
    "median": 0.013627329841256142,
    "p05": 0.006185401231050491,
    "p95": 0.03801002353429794,
    "ci95": 0.0006794047915459875
  },
  "R2": {
    "mean": 0.9961837530136108,
    "std": 0.005330901592969894,
    "median": 0.9978450536727905,
    "p05": 0.9863620400428772,
    "p95": 0.9996301531791687,
    "ci95": 0.00033041270391369256
  }
}