{
  "N_test": 1000,
  "relL2": {
    "mean": 0.02881096675992012,
    "std": 0.02042272314429283,
    "median": 0.023227350786328316,
    "p05": 0.008272205479443073,
    "p95": 0.06975532323122025,
    "ci95": 0.0012658134947164184
  },
  "MAE": {
    "mean": 0.006942302919924259,
    "std": 0.004911511205136776,
    "median": 0.005947462283074856,
    "p05": 0.002342648571357131,
    "p95": 0.013319982215762138,
    "ci95": 0.00030441861836874573
  },
  "RMSE": {
    "mean": 0.00813373364508152,
    "std": 0.00534095149487257,
    "median": 0.007092247251421213,
    "p05": 0.0029075173661112785,
    "p95": 0.015542581677436829,
    "ci95": 0.0003310356032870574
  },
  "MaxAbs": {
    "mean": 0.014702890068292618,
    "std": 0.008330026641488075,
    "median": 0.013026369735598564,
    "p05": 0.005788091570138931,
    "p95": 0.02773164212703705,
    "ci95": 0.0005163004002769094
  },
  "R2": {
    "mean": 0.9965949654579163,
    "std": 0.004636333789676428,
    "median": 0.9982883334159851,
    "p05": 0.9881775975227356,
    "p95": 0.999815046787262,
    "ci95": 0.00028736294545628037
  }
}