{
  "N_test": 1000,
  "relL2": {
    "mean": 0.6650312542915344,
    "std": 0.20841947197914124,
    "median": 0.6284802556037903,
    "p05": 0.38475579023361206,
    "p95": 1.052498698234558,
    "ci95": 0.012917972707601066
  },
  "MAE": {
    "mean": 0.1960723102092743,
    "std": 0.13743023574352264,
    "median": 0.1632920503616333,
    "p05": 0.04555971175432205,
    "p95": 0.470386266708374,
    "ci95": 0.008518014260738945
  },
  "RMSE": {
    "mean": 0.2286456823348999,
    "std": 0.15455517172813416,
    "median": 0.19206178188323975,
    "p05": 0.05465058609843254,
    "p95": 0.5494190454483032,
    "ci95": 0.009579428789659577
  },
  "MaxAbs": {
    "mean": 0.3834768533706665,
    "std": 0.24278756976127625,
    "median": 0.32509809732437134,
    "p05": 0.10411503165960312,
    "p95": 0.8732637763023376,
    "ci95": 0.015048129477244054
  },
  "R2": {
    "mean": -0.6529293656349182,
    "std": 1.3102706670761108,
    "median": -0.1896609663963318,
    "p05": -3.189631223678589,
    "p95": 0.6250756978988647,
    "ci95": 0.08121141732166663
  }
}