{
  "N_test": 1000,
  "relL2": {
    "mean": 0.040036994963884354,
    "std": 0.03085223399102688,
    "median": 0.03116576001048088,
    "p05": 0.011837413534522057,
    "p95": 0.0975484549999237,
    "ci95": 0.0019122412741957916
  },
  "MAE": {
    "mean": 0.010378514416515827,
    "std": 0.007506327237933874,
    "median": 0.00863461010158062,
    "p05": 0.0029382905922830105,
    "p95": 0.023148033767938614,
    "ci95": 0.0004652469823148614
  },
  "RMSE": {
    "mean": 0.011513796634972095,
    "std": 0.007756562903523445,
    "median": 0.009870965033769608,
    "p05": 0.0034560386557132006,
    "p95": 0.0246802419424057,
    "ci95": 0.0004807567495542582
  },
  "MaxAbs": {
    "mean": 0.018022654578089714,
    "std": 0.009937513619661331,
    "median": 0.015928715467453003,
    "p05": 0.006728008855134249,
    "p95": 0.03438572958111763,
    "ci95": 0.000615933475414651
  },
  "R2": {
    "mean": 0.9932056665420532,
    "std": 0.012421241961419582,
    "median": 0.9968135356903076,
    "p05": 0.9770073294639587,
    "p95": 0.999631941318512,
    "ci95": 0.0007698765529364069
  }
}