{
  "N_test": 1000,
  "relL2": {
    "mean": 0.043250672519207,
    "std": 0.02530965581536293,
    "median": 0.03662875294685364,
    "p05": 0.017462361603975296,
    "p95": 0.09603387117385864,
    "ci95": 0.001568708719760869
  },
  "MAE": {
    "mean": 0.011992361396551132,
    "std": 0.008038568310439587,
    "median": 0.01031947135925293,
    "p05": 0.003250077599659562,
    "p95": 0.02555742859840393,
    "ci95": 0.0004982356257616754
  },
  "RMSE": {
    "mean": 0.013484752736985683,
    "std": 0.008664488792419434,
    "median": 0.01165739819407463,
    "p05": 0.004033319186419249,
    "p95": 0.028460131958127022,
    "ci95": 0.0005370305791629266
  },
  "MaxAbs": {
    "mean": 0.02140342816710472,
    "std": 0.01262850221246481,
    "median": 0.01879899576306343,
    "p05": 0.00764871621504426,
    "p95": 0.04445884749293327,
    "ci95": 0.0007827226763861426
  },
  "R2": {
    "mean": 0.9923306107521057,
    "std": 0.010078261606395245,
    "median": 0.9957735538482666,
    "p05": 0.9728227257728577,
    "p95": 0.9992548823356628,
    "ci95": 0.0006246571260122328
  }
}