{
  "N_test": 1000,
  "relL2": {
    "mean": 0.04433978721499443,
    "std": 0.02957461215555668,
    "median": 0.037544406950473785,
    "p05": 0.018204446882009506,
    "p95": 0.09031495451927185,
    "ci95": 0.0018330534524221573
  },
  "MAE": {
    "mean": 0.012192257679998875,
    "std": 0.010781981982290745,
    "median": 0.008684772066771984,
    "p05": 0.003434952348470688,
    "p95": 0.031912192702293396,
    "ci95": 0.0006682741667967456
  },
  "RMSE": {
    "mean": 0.014046456664800644,
    "std": 0.011906345374882221,
    "median": 0.010285777971148491,
    "p05": 0.004310852847993374,
    "p95": 0.035593219101428986,
    "ci95": 0.0007379629318674875
  },
  "MaxAbs": {
    "mean": 0.024918830022215843,
    "std": 0.018574530258774757,
    "median": 0.019759438931941986,
    "p05": 0.008788826875388622,
    "p95": 0.05727241933345795,
    "ci95": 0.001151261312874722
  },
  "R2": {
    "mean": 0.9921627044677734,
    "std": 0.017737651243805885,
    "median": 0.9959108829498291,
    "p05": 0.9756007194519043,
    "p95": 0.9989786744117737,
    "ci95": 0.0010993910141340463
  }
}