{
  "N_test": 1000,
  "relL2": {
    "mean": 0.04363280534744263,
    "std": 0.03354813531041145,
    "median": 0.03442946821451187,
    "p05": 0.01456853561103344,
    "p95": 0.09942502528429031,
    "ci95": 0.0020793349691154346
  },
  "MAE": {
    "mean": 0.009696663357317448,
    "std": 0.005699765868484974,
    "median": 0.00862041488289833,
    "p05": 0.004004545044153929,
    "p95": 0.01757059246301651,
    "ci95": 0.000353275148572365
  },
  "RMSE": {
    "mean": 0.011424457654356956,
    "std": 0.0060997758992016315,
    "median": 0.010352782905101776,
    "p05": 0.004974988754838705,
    "p95": 0.02008330263197422,
    "ci95": 0.0003780680271383446
  },
  "MaxAbs": {
    "mean": 0.021519310772418976,
    "std": 0.009767602197825909,
    "median": 0.020269542932510376,
    "p05": 0.009768417105078697,
    "p95": 0.03720399737358093,
    "ci95": 0.0006054022563824901
  },
  "R2": {
    "mean": 0.9925975203514099,
    "std": 0.01599659025669098,
    "median": 0.9963911771774292,
    "p05": 0.9748594164848328,
    "p95": 0.9992984533309937,
    "ci95": 0.0009914789361489804
  }
}