{
  "N_test": 1000,
  "relL2": {
    "mean": 0.04605601727962494,
    "std": 0.03633500635623932,
    "median": 0.03562404587864876,
    "p05": 0.011192346923053265,
    "p95": 0.11316762864589691,
    "ci95": 0.0022520670260952687
  },
  "MAE": {
    "mean": 0.011054164730012417,
    "std": 0.008965049870312214,
    "median": 0.008598463609814644,
    "p05": 0.0033282325603067875,
    "p95": 0.026062173768877983,
    "ci95": 0.0005556595477728013
  },
  "RMSE": {
    "mean": 0.013181036338210106,
    "std": 0.010352975688874722,
    "median": 0.010301577858626842,
    "p05": 0.004175358451902866,
    "p95": 0.030777985230088234,
    "ci95": 0.0006416840812490195
  },
  "MaxAbs": {
    "mean": 0.02477470226585865,
    "std": 0.018783723935484886,
    "median": 0.019341345876455307,
    "p05": 0.008350491523742676,
    "p95": 0.05795443803071976,
    "ci95": 0.0011642272712886971
  },
  "R2": {
    "mean": 0.9922865033149719,
    "std": 0.011617062613368034,
    "median": 0.9959705471992493,
    "p05": 0.9720785021781921,
    "p95": 0.9995314478874207,
    "ci95": 0.0007200330005490081
  }
}