{
  "N_test": 1000,
  "relL2": {
    "mean": 0.040853921324014664,
    "std": 0.02960924431681633,
    "median": 0.032869793474674225,
    "p05": 0.010707377456128597,
    "p95": 0.09671684354543686,
    "ci95": 0.0018351999760157023
  },
  "MAE": {
    "mean": 0.009508984163403511,
    "std": 0.006099944934248924,
    "median": 0.008280925452709198,
    "p05": 0.003878592746332288,
    "p95": 0.018353452906012535,
    "ci95": 0.00037807850403911986
  },
  "RMSE": {
    "mean": 0.011171706952154636,
    "std": 0.0066121770069003105,
    "median": 0.0099784005433321,
    "p05": 0.004876162391155958,
    "p95": 0.020953819155693054,
    "ci95": 0.0004098269768263975
  },
  "MaxAbs": {
    "mean": 0.020887328311800957,
    "std": 0.010374077595770359,
    "median": 0.01915186643600464,
    "p05": 0.009715444408357143,
    "p95": 0.03777977079153061,
    "ci95": 0.0006429919909887747
  },
  "R2": {
    "mean": 0.9941068887710571,
    "std": 0.009035746566951275,
    "median": 0.9966913461685181,
    "p05": 0.9807722568511963,
    "p95": 0.999571681022644,
    "ci95": 0.0005600413744276177
  }
}