{
  "N_test": 1000,
  "relL2": {
    "mean": 0.03206684812903404,
    "std": 0.020907273516058922,
    "median": 0.02725384384393692,
    "p05": 0.00931332167237997,
    "p95": 0.07130696624517441,
    "ci95": 0.0012958462379073173
  },
  "MAE": {
    "mean": 0.008019738830626011,
    "std": 0.006360669620335102,
    "median": 0.006239103153347969,
    "p05": 0.002643059939146042,
    "p95": 0.017872532829642296,
    "ci95": 0.0003942383875043087
  },
  "RMSE": {
    "mean": 0.009087644517421722,
    "std": 0.006908610928803682,
    "median": 0.007456893566995859,
    "p05": 0.0032464300747960806,
    "p95": 0.01961849443614483,
    "ci95": 0.00042820014165783965
  },
  "MaxAbs": {
    "mean": 0.015583183616399765,
    "std": 0.010609532706439495,
    "median": 0.013589423149824142,
    "p05": 0.0064007886685431,
    "p95": 0.03095664270222187,
    "ci95": 0.0006575856499430278
  },
  "R2": {
    "mean": 0.9957137107849121,
    "std": 0.0065526640973985195,
    "median": 0.9978582859039307,
    "p05": 0.983514666557312,
    "p95": 0.9997406005859375,
    "ci95": 0.00040613832847989845
  }
}