{
  "N_test": 1000,
  "relL2": {
    "mean": 0.025930091738700867,
    "std": 0.017143964767456055,
    "median": 0.022029511630535126,
    "p05": 0.0069810133427381516,
    "p95": 0.05981134623289108,
    "ci95": 0.0010625939451004653
  },
  "MAE": {
    "mean": 0.006379265803843737,
    "std": 0.005561030004173517,
    "median": 0.005163329653441906,
    "p05": 0.0020143254660069942,
    "p95": 0.014456294476985931,
    "ci95": 0.0003446762106145901
  },
  "RMSE": {
    "mean": 0.007300686556845903,
    "std": 0.006003225222229958,
    "median": 0.0060398462228477,
    "p05": 0.0024838573299348354,
    "p95": 0.015782851725816727,
    "ci95": 0.0003720837541806561
  },
  "MaxAbs": {
    "mean": 0.012839795090258121,
    "std": 0.009078927338123322,
    "median": 0.011082679033279419,
    "p05": 0.004915270023047924,
    "p95": 0.025910193100571632,
    "ci95": 0.0005627177463529313
  },
  "R2": {
    "mean": 0.9970659017562866,
    "std": 0.004946168977767229,
    "median": 0.9985511898994446,
    "p05": 0.9895342588424683,
    "p95": 0.9998525977134705,
    "ci95": 0.0003065667293714991
  }
}