{
  "N_test": 1000,
  "relL2": {
    "mean": 0.08208660781383514,
    "std": 0.07406903803348541,
    "median": 0.05752910301089287,
    "p05": 0.021079225465655327,
    "p95": 0.23498882353305817,
    "ci95": 0.004590846539955677
  },
  "MAE": {
    "mean": 0.016938740387558937,
    "std": 0.011093463748693466,
    "median": 0.01405294332653284,
    "p05": 0.0055427271872758865,
    "p95": 0.03699387609958649,
    "ci95": 0.0006875800066930698
  },
  "RMSE": {
    "mean": 0.020063022151589394,
    "std": 0.0125058488920331,
    "median": 0.017196455970406532,
    "p05": 0.0067214686423540115,
    "p95": 0.041919879615306854,
    "ci95": 0.0007751205448252679
  },
  "MaxAbs": {
    "mean": 0.03625336289405823,
    "std": 0.020205704495310783,
    "median": 0.03235491365194321,
    "p05": 0.013105323538184166,
    "p95": 0.07115057110786438,
    "ci95": 0.0012523625394963078
  },
  "R2": {
    "mean": 0.9707822203636169,
    "std": 0.060181453824043274,
    "median": 0.9898045063018799,
    "p05": 0.877930760383606,
    "p95": 0.998633861541748,
    "ci95": 0.0037300851528908477
  }
}