{
  "N_test": 1000,
  "relL2": {
    "mean": 0.05716078728437424,
    "std": 0.050130750983953476,
    "median": 0.040973685681819916,
    "p05": 0.009455415420234203,
    "p95": 0.1660650074481964,
    "ci95": 0.003107136136910794
  },
  "MAE": {
    "mean": 0.011285264976322651,
    "std": 0.0070812515914440155,
    "median": 0.00954027846455574,
    "p05": 0.003164541209116578,
    "p95": 0.024865947663784027,
    "ci95": 0.00043890052078764184
  },
  "RMSE": {
    "mean": 0.013455689884722233,
    "std": 0.008624034933745861,
    "median": 0.01131819561123848,
    "p05": 0.0038529098965227604,
    "p95": 0.03084295615553856,
    "ci95": 0.000534523223025326
  },
  "MaxAbs": {
    "mean": 0.023555627092719078,
    "std": 0.015494204126298428,
    "median": 0.0195937342941761,
    "p05": 0.007519494276493788,
    "p95": 0.05326644703745842,
    "ci95": 0.0009603407211853719
  },
  "R2": {
    "mean": 0.9887807369232178,
    "std": 0.016322195529937744,
    "median": 0.9947654008865356,
    "p05": 0.9586775898933411,
    "p95": 0.9996121525764465,
    "ci95": 0.0010116601600687572
  }
}