{
  "N_test": 1000,
  "relL2": {
    "mean": 0.030408360064029694,
    "std": 0.020511280745267868,
    "median": 0.02527221292257309,
    "p05": 0.009465878829360008,
    "p95": 0.06775448471307755,
    "ci95": 0.001271302351691167
  },
  "MAE": {
    "mean": 0.006963277701288462,
    "std": 0.004394977819174528,
    "median": 0.0059960391372442245,
    "p05": 0.0022682701237499714,
    "p95": 0.014527822844684124,
    "ci95": 0.0002724035474204186
  },
  "RMSE": {
    "mean": 0.008038053289055824,
    "std": 0.004761835094541311,
    "median": 0.007008487358689308,
    "p05": 0.0027758923824876547,
    "p95": 0.016078362241387367,
    "ci95": 0.00029514159692112593
  },
  "MaxAbs": {
    "mean": 0.014469592832028866,
    "std": 0.0075823040679097176,
    "median": 0.01313540618866682,
    "p05": 0.005748978815972805,
    "p95": 0.027614401653409004,
    "ci95": 0.00046995607502447263
  },
  "R2": {
    "mean": 0.9960803985595703,
    "std": 0.007290042471140623,
    "median": 0.9982044696807861,
    "p05": 0.9845812916755676,
    "p95": 0.9997331500053406,
    "ci95": 0.00045184151358406696
  }
}