{
  "N_test": 1000,
  "relL2": {
    "mean": 0.054625727236270905,
    "std": 0.04664747044444084,
    "median": 0.03930674493312836,
    "p05": 0.016876591369509697,
    "p95": 0.1420842856168747,
    "ci95": 0.002891240172320472
  },
  "MAE": {
    "mean": 0.01108954194933176,
    "std": 0.00603477144613862,
    "median": 0.0098875742405653,
    "p05": 0.004708124324679375,
    "p95": 0.021000050008296967,
    "ci95": 0.00037403900939558517
  },
  "RMSE": {
    "mean": 0.01316565927118063,
    "std": 0.0067783864215016365,
    "median": 0.011952226050198078,
    "p05": 0.005666633602231741,
    "p95": 0.024810874834656715,
    "ci95": 0.00042012874307298484
  },
  "MaxAbs": {
    "mean": 0.025069601833820343,
    "std": 0.011814398691058159,
    "median": 0.02310243248939514,
    "p05": 0.011230104602873325,
    "p95": 0.04553944617509842,
    "ci95": 0.0007322640173614929
  },
  "R2": {
    "mean": 0.9882042407989502,
    "std": 0.021605627611279488,
    "median": 0.9953187704086304,
    "p05": 0.9579047560691833,
    "p95": 0.999047040939331,
    "ci95": 0.0013391306731696982
  }
}