{
  "N_test": 1000,
  "relL2": {
    "mean": 0.05181437358260155,
    "std": 0.03871937841176987,
    "median": 0.040743157267570496,
    "p05": 0.0165594220161438,
    "p95": 0.12956100702285767,
    "ci95": 0.0023998519371960553
  },
  "MAE": {
    "mean": 0.011705229990184307,
    "std": 0.007928351871669292,
    "median": 0.0096139470115304,
    "p05": 0.004142455756664276,
    "p95": 0.026668941602110863,
    "ci95": 0.0004914043401123856
  },
  "RMSE": {
    "mean": 0.013727564364671707,
    "std": 0.008865932002663612,
    "median": 0.011432329192757607,
    "p05": 0.0050474731251597404,
    "p95": 0.030474495142698288,
    "ci95": 0.0005495161586884629
  },
  "MaxAbs": {
    "mean": 0.025363557040691376,
    "std": 0.014698497951030731,
    "median": 0.021913988515734673,
    "p05": 0.009828080423176289,
    "p95": 0.05247054249048233,
    "ci95": 0.0009110223414880735
  },
  "R2": {
    "mean": 0.9896524548530579,
    "std": 0.016332710161805153,
    "median": 0.9952483773231506,
    "p05": 0.96064692735672,
    "p95": 0.9990355372428894,
    "ci95": 0.0010123118637037575
  }
}