{
  "N_test": 1000,
  "relL2": {
    "mean": 0.031230995431542397,
    "std": 0.024471169337630272,
    "median": 0.02281399630010128,
    "p05": 0.009566908702254295,
    "p95": 0.07695504277944565,
    "ci95": 0.0015167387894458788
  },
  "MAE": {
    "mean": 0.0072474353946745396,
    "std": 0.004716169089078903,
    "median": 0.006092903204262257,
    "p05": 0.002148454077541828,
    "p95": 0.015755651518702507,
    "ci95": 0.00029231118857862907
  },
  "RMSE": {
    "mean": 0.008151666261255741,
    "std": 0.004971638321876526,
    "median": 0.006986914202570915,
    "p05": 0.0025693634524941444,
    "p95": 0.01695127785205841,
    "ci95": 0.0003081453356742601
  },
  "MaxAbs": {
    "mean": 0.01338733360171318,
    "std": 0.0070606134831905365,
    "median": 0.01203492283821106,
    "p05": 0.0052354480139911175,
    "p95": 0.026106975972652435,
    "ci95": 0.00043762135758555076
  },
  "R2": {
    "mean": 0.9957489967346191,
    "std": 0.009443147107958794,
    "median": 0.9983997344970703,
    "p05": 0.9832157492637634,
    "p95": 0.9997189044952393,
    "ci95": 0.000585292321567162
  }
}