{
  "N_test": 1000,
  "relL2": {
    "mean": 0.04494548588991165,
    "std": 0.0321505032479763,
    "median": 0.03406749665737152,
    "p05": 0.015799598768353462,
    "p95": 0.10812032967805862,
    "ci95": 0.0019927088364112295
  },
  "MAE": {
    "mean": 0.010869394056499004,
    "std": 0.007067577447742224,
    "median": 0.009178552776575089,
    "p05": 0.004134019371122122,
    "p95": 0.023823482915759087,
    "ci95": 0.0004380529885802997
  },
  "RMSE": {
    "mean": 0.012698031961917877,
    "std": 0.007464387454092503,
    "median": 0.010940837673842907,
    "p05": 0.004975808784365654,
    "p95": 0.025648174807429314,
    "ci95": 0.0004626475275811898
  },
  "MaxAbs": {
    "mean": 0.023398904129862785,
    "std": 0.011262700892984867,
    "median": 0.02146047353744507,
    "p05": 0.009975137189030647,
    "p95": 0.04300049692392349,
    "ci95": 0.0006980694335700723
  },
  "R2": {
    "mean": 0.9925283789634705,
    "std": 0.01088957954198122,
    "median": 0.9961521625518799,
    "p05": 0.9731862545013428,
    "p95": 0.9991316199302673,
    "ci95": 0.000674943132638983
  }
}