{
  "N_test": 1000,
  "relL2": {
    "mean": 0.04437555745244026,
    "std": 0.03275647386908531,
    "median": 0.0353335440158844,
    "p05": 0.01272679679095745,
    "p95": 0.1056128516793251,
    "ci95": 0.002030267284625116
  },
  "MAE": {
    "mean": 0.010730388574302197,
    "std": 0.007796879857778549,
    "median": 0.008662196807563305,
    "p05": 0.003914434928447008,
    "p95": 0.025415848940610886,
    "ci95": 0.0004832556202680904
  },
  "RMSE": {
    "mean": 0.012535979971289635,
    "std": 0.008439933881163597,
    "median": 0.010406393557786942,
    "p05": 0.0048248241655528545,
    "p95": 0.02817568928003311,
    "ci95": 0.0005231125215677563
  },
  "MaxAbs": {
    "mean": 0.02334648184478283,
    "std": 0.01329286489635706,
    "median": 0.020487263798713684,
    "p05": 0.009627409279346466,
    "p95": 0.04874951392412186,
    "ci95": 0.0008239003021471733
  },
  "R2": {
    "mean": 0.9926270842552185,
    "std": 0.010302850045263767,
    "median": 0.9962537288665771,
    "p05": 0.9742389917373657,
    "p95": 0.9994857907295227,
    "ci95": 0.0006385772616703668
  }
}