{
  "N_test": 1000,
  "relL2": {
    "mean": 0.0336097776889801,
    "std": 0.029632285237312317,
    "median": 0.025041107088327408,
    "p05": 0.009393812157213688,
    "p95": 0.08657106012105942,
    "ci95": 0.001836628067063524
  },
  "MAE": {
    "mean": 0.0071470164693892,
    "std": 0.00357871619053185,
    "median": 0.0065551819279789925,
    "p05": 0.0026543650310486555,
    "p95": 0.013894372619688511,
    "ci95": 0.00022181112752347437
  },
  "RMSE": {
    "mean": 0.008192388340830803,
    "std": 0.003948025405406952,
    "median": 0.007569949142634869,
    "p05": 0.003147534793242812,
    "p95": 0.015738358721137047,
    "ci95": 0.000244701149809394
  },
  "MaxAbs": {
    "mean": 0.013681354932487011,
    "std": 0.005992904305458069,
    "median": 0.012765930034220219,
    "p05": 0.005912234541028738,
    "p95": 0.024845238775014877,
    "ci95": 0.00037144405713166823
  },
  "R2": {
    "mean": 0.9952767491340637,
    "std": 0.01097838208079338,
    "median": 0.9979840517044067,
    "p05": 0.9851253628730774,
    "p95": 0.9997575879096985,
    "ci95": 0.0006804471710181608
  }
}