{
  "N_test": 1000,
  "relL2": {
    "mean": 0.02625853754580021,
    "std": 0.01869119331240654,
    "median": 0.01986953616142273,
    "p05": 0.009266280569136143,
    "p95": 0.06390641629695892,
    "ci95": 0.0011584921638527516
  },
  "MAE": {
    "mean": 0.006764784920960665,
    "std": 0.005427858326584101,
    "median": 0.005500290542840958,
    "p05": 0.0021973629482090473,
    "p95": 0.014267497695982456,
    "ci95": 0.0003364221445228302
  },
  "RMSE": {
    "mean": 0.007633261848241091,
    "std": 0.005613197106868029,
    "median": 0.0065183318220078945,
    "p05": 0.0027122918982058764,
    "p95": 0.014945697970688343,
    "ci95": 0.0003479095611381427
  },
  "MaxAbs": {
    "mean": 0.013134296052157879,
    "std": 0.00755472993478179,
    "median": 0.01177091896533966,
    "p05": 0.0056289746426045895,
    "p95": 0.02331843413412571,
    "ci95": 0.00046824701254676916
  },
  "R2": {
    "mean": 0.9966874718666077,
    "std": 0.0068083819933235645,
    "median": 0.9987725019454956,
    "p05": 0.9870717525482178,
    "p95": 0.9997705817222595,
    "ci95": 0.0004219878878758435
  }
}