{
  "N_test": 1000,
  "relL2": {
    "mean": 0.6395206451416016,
    "std": 0.41056087613105774,
    "median": 0.51352858543396,
    "p05": 0.16102515161037445,
    "p95": 1.4205912351608276,
    "ci95": 0.025446826739876662
  },
  "MAE": {
    "mean": 0.15617899596691132,
    "std": 0.08464838564395905,
    "median": 0.13950887322425842,
    "p05": 0.05121783912181854,
    "p95": 0.3150711953639984,
    "ci95": 0.005246561298267705
  },
  "RMSE": {
    "mean": 0.17885830998420715,
    "std": 0.09588001668453217,
    "median": 0.16097992658615112,
    "p05": 0.05930325761437416,
    "p95": 0.35949331521987915,
    "ci95": 0.005942705002434124
  },
  "MaxAbs": {
    "mean": 0.2813682556152344,
    "std": 0.1438007652759552,
    "median": 0.2536890506744385,
    "p05": 0.10033342242240906,
    "p95": 0.5526771545410156,
    "ci95": 0.00891286377192649
  },
  "R2": {
    "mean": -0.3526621162891388,
    "std": 1.3793821334838867,
    "median": 0.1487165093421936,
    "p05": -3.054126024246216,
    "p95": 0.8885950446128845,
    "ci95": 0.08549499038880926
  }
}