{
  "N_test": 1000,
  "relL2": {
    "mean": 0.026124058291316032,
    "std": 0.020941071212291718,
    "median": 0.0204961895942688,
    "p05": 0.006590311881154776,
    "p95": 0.06329897046089172,
    "ci95": 0.001297941040822655
  },
  "MAE": {
    "mean": 0.006240305956453085,
    "std": 0.004975652322173119,
    "median": 0.00502482894808054,
    "p05": 0.0021787728182971478,
    "p95": 0.014432291500270367,
    "ci95": 0.00030839412599019026
  },
  "RMSE": {
    "mean": 0.007273627445101738,
    "std": 0.0055150981061160564,
    "median": 0.0059221051633358,
    "p05": 0.0027088525239378214,
    "p95": 0.01603017747402191,
    "ci95": 0.00034182932207831176
  },
  "MaxAbs": {
    "mean": 0.013197590596973896,
    "std": 0.009026347659528255,
    "median": 0.011058088392019272,
    "p05": 0.005246335174888372,
    "p95": 0.027159210294485092,
    "ci95": 0.000559458824110131
  },
  "R2": {
    "mean": 0.99727863073349,
    "std": 0.00418923469260335,
    "median": 0.9987927675247192,
    "p05": 0.9895936846733093,
    "p95": 0.9998633861541748,
    "ci95": 0.00025965145631978964
  }
}