{
  "adam": {
    "final_loss": 0.04578996195558015,
    "final_l2_error": 0.05269477861437519,
    "final_h1_error": 0.44535714225763334,
    "training_time_seconds": 47.92650840000715
  },
  "engd": {
    "final_loss": 7.048678846159808e-12,
    "final_l2_error": 8.306357525323106e-08,
    "final_h1_error": 1.5155775047999992e-06,
    "training_time_seconds": 375.50666180008557
  },
  "gd": {
    "final_loss": 0.09683564627740932,
    "final_l2_error": 0.05660537934810464,
    "final_h1_error": 0.4771099661977448,
    "training_time_seconds": 108.81665929988958
  },
  "precond": {
    "final_loss": 0.41014077599801435,
    "final_l2_error": 0.003114928335411741,
    "final_h1_error": 0.04410345444761522,
    "training_time_seconds": 35.324640700011514
  }
}