{
  "N_test": 1000,
  "relL2": {
    "mean": 0.05555615574121475,
    "std": 0.051428552716970444,
    "median": 0.03881590813398361,
    "p05": 0.011643677018582821,
    "p95": 0.1568547636270523,
    "ci95": 0.003187574721692682
  },
  "MAE": {
    "mean": 0.01069297268986702,
    "std": 0.006406201049685478,
    "median": 0.00939198024570942,
    "p05": 0.003863033838570118,
    "p95": 0.02198328636586666,
    "ci95": 0.0003970604547329652
  },
  "RMSE": {
    "mean": 0.012802346609532833,
    "std": 0.007499685976654291,
    "median": 0.011229360476136208,
    "p05": 0.0047620246186852455,
    "p95": 0.025681352242827415,
    "ci95": 0.000464835352676138
  },
  "MaxAbs": {
    "mean": 0.024658577516674995,
    "std": 0.013959209434688091,
    "median": 0.0213145911693573,
    "p05": 0.009431647136807442,
    "p95": 0.05048001930117607,
    "ci95": 0.0008652007645189461
  },
  "R2": {
    "mean": 0.987185537815094,
    "std": 0.02344227023422718,
    "median": 0.9953808784484863,
    "p05": 0.9449111819267273,
    "p95": 0.9995083212852478,
    "ci95": 0.0014529669623204048
  }
}