{
  "N_test": 1000,
  "relL2": {
    "mean": 0.21888214349746704,
    "std": 0.2376180738210678,
    "median": 0.1389801800251007,
    "p05": 0.024959830567240715,
    "p95": 0.6882110834121704,
    "ci95": 0.014727720799333429
  },
  "MAE": {
    "mean": 0.04416361451148987,
    "std": 0.02868771366775036,
    "median": 0.03887740522623062,
    "p05": 0.007642985787242651,
    "p95": 0.0971476212143898,
    "ci95": 0.0017780829146355473
  },
  "RMSE": {
    "mean": 0.04836931452155113,
    "std": 0.030819499865174294,
    "median": 0.04246725142002106,
    "p05": 0.009235928766429424,
    "p95": 0.10679282993078232,
    "ci95": 0.00191021239205558
  },
  "MaxAbs": {
    "mean": 0.07331279665231705,
    "std": 0.044009339064359665,
    "median": 0.06384135782718658,
    "p05": 0.017642522230744362,
    "p95": 0.15548701584339142,
    "ci95": 0.0027277270953352025
  },
  "R2": {
    "mean": 0.7697109580039978,
    "std": 0.5765685439109802,
    "median": 0.9402031898498535,
    "p05": 0.11037566512823105,
    "p95": 0.9978553652763367,
    "ci95": 0.035736088588923874
  }
}