{
  "N_test": 1000,
  "relL2": {
    "mean": 0.045693494379520416,
    "std": 0.034623537212610245,
    "median": 0.03451719880104065,
    "p05": 0.01694982685148716,
    "p95": 0.11116410791873932,
    "ci95": 0.0021459890695715404
  },
  "MAE": {
    "mean": 0.010516905225813389,
    "std": 0.005484567489475012,
    "median": 0.009548565372824669,
    "p05": 0.004544634837657213,
    "p95": 0.018870200961828232,
    "ci95": 0.000339937014853991
  },
  "RMSE": {
    "mean": 0.012477463111281395,
    "std": 0.00603577122092247,
    "median": 0.011346975341439247,
    "p05": 0.005535252392292023,
    "p95": 0.022060168907046318,
    "ci95": 0.00037410097607868287
  },
  "MaxAbs": {
    "mean": 0.023892832919955254,
    "std": 0.01049419678747654,
    "median": 0.021945029497146606,
    "p05": 0.011006481945514679,
    "p95": 0.042638931423425674,
    "ci95": 0.0006504370556239776
  },
  "R2": {
    "mean": 0.991852879524231,
    "std": 0.01428895816206932,
    "median": 0.9960026741027832,
    "p05": 0.9716202616691589,
    "p95": 0.9992654323577881,
    "ci95": 0.0008856388023866517
  }
}