{
  "N_test": 1000,
  "relL2": {
    "mean": 0.043885737657547,
    "std": 0.035082317888736725,
    "median": 0.03334106504917145,
    "p05": 0.012574920430779457,
    "p95": 0.10979301482439041,
    "ci95": 0.002174424590478962
  },
  "MAE": {
    "mean": 0.010106552392244339,
    "std": 0.0063067711889743805,
    "median": 0.008800489827990532,
    "p05": 0.004048533271998167,
    "p95": 0.020537804812192917,
    "ci95": 0.0003908977281182701
  },
  "RMSE": {
    "mean": 0.011881881393492222,
    "std": 0.006966467015445232,
    "median": 0.010374028235673904,
    "p05": 0.0049412851221859455,
    "p95": 0.02442702278494835,
    "ci95": 0.0004317860990595499
  },
  "MaxAbs": {
    "mean": 0.022050894796848297,
    "std": 0.011400677263736725,
    "median": 0.019622329622507095,
    "p05": 0.009869128465652466,
    "p95": 0.043680060654878616,
    "ci95": 0.0007066212976293226
  },
  "R2": {
    "mean": 0.9920562505722046,
    "std": 0.0131442341953516,
    "median": 0.9962823390960693,
    "p05": 0.9695264101028442,
    "p95": 0.9995287656784058,
    "ci95": 0.0008146880758572406
  }
}