{
  "N_test": 1000,
  "relL2": {
    "mean": 0.029723064973950386,
    "std": 0.019860370084643364,
    "median": 0.024757396429777145,
    "p05": 0.008491172455251217,
    "p95": 0.06778737157583237,
    "ci95": 0.0012309584909703443
  },
  "MAE": {
    "mean": 0.008698549121618271,
    "std": 0.008019087836146355,
    "median": 0.006128762848675251,
    "p05": 0.0023517936933785677,
    "p95": 0.023170720785856247,
    "ci95": 0.0004970282134558027
  },
  "RMSE": {
    "mean": 0.0094646280631423,
    "std": 0.008149847388267517,
    "median": 0.006938302889466286,
    "p05": 0.002856430597603321,
    "p95": 0.023763924837112427,
    "ci95": 0.0005051327744621196
  },
  "MaxAbs": {
    "mean": 0.01473688893020153,
    "std": 0.010048553347587585,
    "median": 0.01191774383187294,
    "p05": 0.005785966757684946,
    "p95": 0.032288290560245514,
    "ci95": 0.0006228157890544935
  },
  "R2": {
    "mean": 0.9955734610557556,
    "std": 0.007410288788378239,
    "median": 0.9982419013977051,
    "p05": 0.982427716255188,
    "p95": 0.9998077154159546,
    "ci95": 0.00045929445754134033
  }
}