{
  "N_test": 1000,
  "relL2": {
    "mean": 0.027278263121843338,
    "std": 0.017209453508257866,
    "median": 0.022765355184674263,
    "p05": 0.00824396125972271,
    "p95": 0.05817841738462448,
    "ci95": 0.0010666529793082558
  },
  "MAE": {
    "mean": 0.00784072931855917,
    "std": 0.007273731287568808,
    "median": 0.005547617562115192,
    "p05": 0.002165603917092085,
    "p95": 0.019886072725057602,
    "ci95": 0.00045083053595223376
  },
  "RMSE": {
    "mean": 0.008770432323217392,
    "std": 0.007544192485511303,
    "median": 0.00650265347212553,
    "p05": 0.002650963142514229,
    "p95": 0.021326236426830292,
    "ci95": 0.0004675938946744741
  },
  "MaxAbs": {
    "mean": 0.014712328091263771,
    "std": 0.010393870994448662,
    "median": 0.012331562116742134,
    "p05": 0.005095617845654488,
    "p95": 0.03218358755111694,
    "ci95": 0.0006442187985489752
  },
  "R2": {
    "mean": 0.9965825080871582,
    "std": 0.0052148085087537766,
    "median": 0.9984341859817505,
    "p05": 0.9867686629295349,
    "p95": 0.9998044371604919,
    "ci95": 0.00032321718000604576
  }
}