{
  "N_test": 1000,
  "relL2": {
    "mean": 0.02368590235710144,
    "std": 0.017919057980179787,
    "median": 0.01902213878929615,
    "p05": 0.005607966333627701,
    "p95": 0.056038301438093185,
    "ci95": 0.0011106347201428955
  },
  "MAE": {
    "mean": 0.0058718291111290455,
    "std": 0.004978868644684553,
    "median": 0.0044921450316905975,
    "p05": 0.0019065163796767592,
    "p95": 0.014915271662175655,
    "ci95": 0.0003085934757247761
  },
  "RMSE": {
    "mean": 0.0066457693465054035,
    "std": 0.0051568192429840565,
    "median": 0.005263283848762512,
    "p05": 0.002364660147577524,
    "p95": 0.01570555940270424,
    "ci95": 0.00031962296807645194
  },
  "MaxAbs": {
    "mean": 0.011961836367845535,
    "std": 0.007493672426789999,
    "median": 0.010207278653979301,
    "p05": 0.004547711927443743,
    "p95": 0.023933198302984238,
    "ci95": 0.00046446262899401243
  },
  "R2": {
    "mean": 0.9975138306617737,
    "std": 0.004000419285148382,
    "median": 0.998903751373291,
    "p05": 0.9902350306510925,
    "p95": 0.9999005198478699,
    "ci95": 0.00024794855611993716
  }
}