{
  "N_test": 1000,
  "relL2": {
    "mean": 0.027293462306261063,
    "std": 0.024298742413520813,
    "median": 0.018576214089989662,
    "p05": 0.0070240492932498455,
    "p95": 0.07689730077981949,
    "ci95": 0.00150605165796747
  },
  "MAE": {
    "mean": 0.006391867529600859,
    "std": 0.004428158514201641,
    "median": 0.005361846648156643,
    "p05": 0.0020114679355174303,
    "p95": 0.014203852042555809,
    "ci95": 0.00027446010820482734
  },
  "RMSE": {
    "mean": 0.007268152199685574,
    "std": 0.004631723742932081,
    "median": 0.006331322714686394,
    "p05": 0.0024683342780917883,
    "p95": 0.015471842139959335,
    "ci95": 0.00028707721179877356
  },
  "MaxAbs": {
    "mean": 0.013023166917264462,
    "std": 0.006989760790020227,
    "median": 0.011978763155639172,
    "p05": 0.004811455495655537,
    "p95": 0.02503000944852829,
    "ci95": 0.0004332298621655562
  },
  "R2": {
    "mean": 0.9966527819633484,
    "std": 0.006658870726823807,
    "median": 0.9988266825675964,
    "p05": 0.9871519804000854,
    "p95": 0.9998554587364197,
    "ci95": 0.00041272108357112843
  }
}