{
  "N_test": 1000,
  "relL2": {
    "mean": 0.05490165576338768,
    "std": 0.04411330074071884,
    "median": 0.04250408709049225,
    "p05": 0.013713370077311993,
    "p95": 0.13990217447280884,
    "ci95": 0.0027341707067938224
  },
  "MAE": {
    "mean": 0.01282512303441763,
    "std": 0.008821215480566025,
    "median": 0.010520463809370995,
    "p05": 0.004721690434962511,
    "p95": 0.028914837166666985,
    "ci95": 0.0005467445999346181
  },
  "RMSE": {
    "mean": 0.014963245950639248,
    "std": 0.00975887756794691,
    "median": 0.012302897870540619,
    "p05": 0.005719225388020277,
    "p95": 0.03305596858263016,
    "ci95": 0.0006048614982201621
  },
  "MaxAbs": {
    "mean": 0.02722213789820671,
    "std": 0.01636267639696598,
    "median": 0.0228562168776989,
    "p05": 0.01111351978033781,
    "p95": 0.06001531332731247,
    "ci95": 0.001014169190201523
  },
  "R2": {
    "mean": 0.9875998497009277,
    "std": 0.025547930970788002,
    "median": 0.9944640398025513,
    "p05": 0.9559263586997986,
    "p95": 0.9993409514427185,
    "ci95": 0.0015834771668999563
  }
}