{
  "N_test": 1000,
  "relL2": {
    "mean": 0.07056441903114319,
    "std": 0.06161695346236229,
    "median": 0.05150764435529709,
    "p05": 0.01388055831193924,
    "p95": 0.18527154624462128,
    "ci95": 0.0038190583422645936
  },
  "MAE": {
    "mean": 0.015185690484941006,
    "std": 0.008498252369463444,
    "median": 0.013476822525262833,
    "p05": 0.005738245323300362,
    "p95": 0.029687372967600822,
    "ci95": 0.000526727138921174
  },
  "RMSE": {
    "mean": 0.01775638945400715,
    "std": 0.00954210665076971,
    "median": 0.016014261171221733,
    "p05": 0.00689428998157382,
    "p95": 0.033861685544252396,
    "ci95": 0.0005914258975763942
  },
  "MaxAbs": {
    "mean": 0.0318019837141037,
    "std": 0.016288811340928078,
    "median": 0.028374671936035156,
    "p05": 0.012468157336115837,
    "p95": 0.0609407052397728,
    "ci95": 0.0010095909865966385
  },
  "R2": {
    "mean": 0.9804940223693848,
    "std": 0.045963432639837265,
    "median": 0.9917820692062378,
    "p05": 0.9334397315979004,
    "p95": 0.9990193843841553,
    "ci95": 0.0028488430699435854
  }
}