{
  "N_test": 1000,
  "relL2": {
    "mean": 0.06403329968452454,
    "std": 0.05609356611967087,
    "median": 0.049181047827005386,
    "p05": 0.01152084767818451,
    "p95": 0.16932478547096252,
    "ci95": 0.003476715247980496
  },
  "MAE": {
    "mean": 0.01460904348641634,
    "std": 0.009232909418642521,
    "median": 0.01272185705602169,
    "p05": 0.00398003775626421,
    "p95": 0.031156081706285477,
    "ci95": 0.0005722616545814567
  },
  "RMSE": {
    "mean": 0.01714472286403179,
    "std": 0.010841762647032738,
    "median": 0.014687107875943184,
    "p05": 0.0048101008869707584,
    "p95": 0.036483198404312134,
    "ci95": 0.0006719794107849686
  },
  "MaxAbs": {
    "mean": 0.02830597758293152,
    "std": 0.01702575758099556,
    "median": 0.024065280333161354,
    "p05": 0.009098897688090801,
    "p95": 0.0597025565803051,
    "ci95": 0.0010552673877781639
  },
  "R2": {
    "mean": 0.9846452474594116,
    "std": 0.02664809115231037,
    "median": 0.9925345182418823,
    "p05": 0.9477607011795044,
    "p95": 0.999482274055481,
    "ci95": 0.001651665801406802
  }
}