{
  "N_test": 1000,
  "relL2": {
    "mean": 0.028803134337067604,
    "std": 0.02223760262131691,
    "median": 0.022429563105106354,
    "p05": 0.008303171955049038,
    "p95": 0.06813233345746994,
    "ci95": 0.0013783008901078083
  },
  "MAE": {
    "mean": 0.00738469697535038,
    "std": 0.005161129869520664,
    "median": 0.00627704244107008,
    "p05": 0.00216595153324306,
    "p95": 0.015795676037669182,
    "ci95": 0.0003198901434772136
  },
  "RMSE": {
    "mean": 0.008283738978207111,
    "std": 0.0055419462732970715,
    "median": 0.007142595946788788,
    "p05": 0.0025316032115370035,
    "p95": 0.017290178686380386,
    "ci95": 0.00034349338872045437
  },
  "MaxAbs": {
    "mean": 0.013657386414706707,
    "std": 0.008079226128757,
    "median": 0.011957110837101936,
    "p05": 0.0050741080194711685,
    "p95": 0.026437127962708473,
    "ci95": 0.0005007556234489716
  },
  "R2": {
    "mean": 0.9966249465942383,
    "std": 0.008670954965054989,
    "median": 0.9983671307563782,
    "p05": 0.9896618723869324,
    "p95": 0.9997415542602539,
    "ci95": 0.0005374313566950618
  }
}