{
  "N_test": 1000,
  "relL2": {
    "mean": 0.04406740516424179,
    "std": 0.033416103571653366,
    "median": 0.034945614635944366,
    "p05": 0.01465238630771637,
    "p95": 0.10566401481628418,
    "ci95": 0.00207115155716444
  },
  "MAE": {
    "mean": 0.010410217568278313,
    "std": 0.008124780841171741,
    "median": 0.008264539763331413,
    "p05": 0.004183643963187933,
    "p95": 0.0241860281676054,
    "ci95": 0.0005035791337769085
  },
  "RMSE": {
    "mean": 0.012092463672161102,
    "std": 0.008558082394301891,
    "median": 0.009939709678292274,
    "p05": 0.005044871941208839,
    "p95": 0.02661566436290741,
    "ci95": 0.0005304354422798713
  },
  "MaxAbs": {
    "mean": 0.022253945469856262,
    "std": 0.012097458355128765,
    "median": 0.019759351387619972,
    "p05": 0.009992209263145924,
    "p95": 0.04329678788781166,
    "ci95": 0.0007498082371043237
  },
  "R2": {
    "mean": 0.9921987056732178,
    "std": 0.015507611446082592,
    "median": 0.9964290857315063,
    "p05": 0.9747306108474731,
    "p95": 0.9992231726646423,
    "ci95": 0.0009611717154749614
  }
}