{
  "N_test": 1000,
  "relL2": {
    "mean": 0.034852467477321625,
    "std": 0.02276379056274891,
    "median": 0.028658807277679443,
    "p05": 0.011181078851222992,
    "p95": 0.07526938617229462,
    "ci95": 0.0014109143566037202
  },
  "MAE": {
    "mean": 0.009474455378949642,
    "std": 0.009004417806863785,
    "median": 0.006951875519007444,
    "p05": 0.0028905803337693214,
    "p95": 0.02429681085050106,
    "ci95": 0.0005580995977599669
  },
  "RMSE": {
    "mean": 0.011039848439395428,
    "std": 0.009976575151085854,
    "median": 0.008356302976608276,
    "p05": 0.003532092785462737,
    "p95": 0.027129603549838066,
    "ci95": 0.0006183545342152875
  },
  "MaxAbs": {
    "mean": 0.019602645188570023,
    "std": 0.015088431537151337,
    "median": 0.015549730509519577,
    "p05": 0.0071408869698643684,
    "p95": 0.0450117290019989,
    "ci95": 0.0009351906755475088
  },
  "R2": {
    "mean": 0.9955530762672424,
    "std": 0.00570532213896513,
    "median": 0.9973229765892029,
    "p05": 0.9843798279762268,
    "p95": 0.9995898008346558,
    "ci95": 0.00035361952978462465
  }
}