{
  "N_test": 1000,
  "relL2": {
    "mean": 0.03672852739691734,
    "std": 0.024858299642801285,
    "median": 0.02971344068646431,
    "p05": 0.014184266328811646,
    "p95": 0.08268576860427856,
    "ci95": 0.0015407333743519612
  },
  "MAE": {
    "mean": 0.010076834820210934,
    "std": 0.008818565867841244,
    "median": 0.007850582711398602,
    "p05": 0.00343486201018095,
    "p95": 0.02457171306014061,
    "ci95": 0.0005465803752365158
  },
  "RMSE": {
    "mean": 0.01137298159301281,
    "std": 0.009186599403619766,
    "median": 0.009301941841840744,
    "p05": 0.004088055808097124,
    "p95": 0.025464648380875587,
    "ci95": 0.0005693913301128657
  },
  "MaxAbs": {
    "mean": 0.019594743847846985,
    "std": 0.011821111664175987,
    "median": 0.01759454607963562,
    "p05": 0.008041041903197765,
    "p95": 0.036935824900865555,
    "ci95": 0.0007326800917459998
  },
  "R2": {
    "mean": 0.9944416880607605,
    "std": 0.008347162976861,
    "median": 0.9973307251930237,
    "p05": 0.9789206981658936,
    "p95": 0.9994688630104065,
    "ci95": 0.0005173625213472377
  }
}