{
  "N_test": 1000,
  "relL2": {
    "mean": 0.5805849432945251,
    "std": 0.38409316539764404,
    "median": 0.48970067501068115,
    "p05": 0.1109066978096962,
    "p95": 1.3079708814620972,
    "ci95": 0.02380634103266243
  },
  "MAE": {
    "mean": 0.13485947251319885,
    "std": 0.079169362783432,
    "median": 0.1196872889995575,
    "p05": 0.03848228603601456,
    "p95": 0.28388741612434387,
    "ci95": 0.004906967943076333
  },
  "RMSE": {
    "mean": 0.1608104556798935,
    "std": 0.09208215028047562,
    "median": 0.14313361048698425,
    "p05": 0.046242207288742065,
    "p95": 0.3379615247249603,
    "ci95": 0.005707310803951424
  },
  "MaxAbs": {
    "mean": 0.2637719213962555,
    "std": 0.14033076167106628,
    "median": 0.23800241947174072,
    "p05": 0.07891830056905746,
    "p95": 0.5278100967407227,
    "ci95": 0.00869779072026979
  },
  "R2": {
    "mean": -0.2656986117362976,
    "std": 1.3652242422103882,
    "median": 0.29486319422721863,
    "p05": -3.062725067138672,
    "p95": 0.9560217261314392,
    "ci95": 0.08461747519633941
  }
}