{
  "N_test": 1000,
  "relL2": {
    "mean": 0.044544342905282974,
    "std": 0.036187365651130676,
    "median": 0.034458402544260025,
    "p05": 0.012486550956964493,
    "p95": 0.10897738486528397,
    "ci95": 0.002242916160386736
  },
  "MAE": {
    "mean": 0.010509412735700607,
    "std": 0.00815239455550909,
    "median": 0.008586276322603226,
    "p05": 0.004155532456934452,
    "p95": 0.021374603733420372,
    "ci95": 0.0005052906495233886
  },
  "RMSE": {
    "mean": 0.012421119958162308,
    "std": 0.009095484390854836,
    "median": 0.010205559432506561,
    "p05": 0.0049537052400410175,
    "p95": 0.024884846061468124,
    "ci95": 0.0005637439631131648
  },
  "MaxAbs": {
    "mean": 0.023486027494072914,
    "std": 0.01521528884768486,
    "median": 0.019656039774417877,
    "p05": 0.009456498548388481,
    "p95": 0.046450626105070114,
    "ci95": 0.0009430533731144412
  },
  "R2": {
    "mean": 0.9912848472595215,
    "std": 0.01753762923181057,
    "median": 0.9966025352478027,
    "p05": 0.9644873142242432,
    "p95": 0.9994591474533081,
    "ci95": 0.001086993521388582
  }
}