{
  "N_test": 1000,
  "relL2": {
    "mean": 0.039710450917482376,
    "std": 0.034749966114759445,
    "median": 0.027955155819654465,
    "p05": 0.010597392916679382,
    "p95": 0.10279519110918045,
    "ci95": 0.0021538252141117143
  },
  "MAE": {
    "mean": 0.008779855445027351,
    "std": 0.004854109138250351,
    "median": 0.00796929094940424,
    "p05": 0.0034735410008579493,
    "p95": 0.015271247364580631,
    "ci95": 0.00030086080140300203
  },
  "RMSE": {
    "mean": 0.010312830097973347,
    "std": 0.005479446612298489,
    "median": 0.009581994265317917,
    "p05": 0.004262997768819332,
    "p95": 0.01756713166832924,
    "ci95": 0.00033961961959827366
  },
  "MaxAbs": {
    "mean": 0.018257390707731247,
    "std": 0.009375235065817833,
    "median": 0.016941159963607788,
    "p05": 0.007912260480225086,
    "p95": 0.0312079768627882,
    "ci95": 0.000581083089586274
  },
  "R2": {
    "mean": 0.9924702048301697,
    "std": 0.01588439755141735,
    "median": 0.9971664547920227,
    "p05": 0.973128080368042,
    "p95": 0.999687671661377,
    "ci95": 0.0009845251602327758
  }
}