{
  "N_test": 1000,
  "relL2": {
    "mean": 0.05627582594752312,
    "std": 0.020693281665444374,
    "median": 0.0548621341586113,
    "p05": 0.027385272085666656,
    "p95": 0.09265527129173279,
    "ci95": 0.0012825828855936505
  },
  "MAE": {
    "mean": 0.01816541515290737,
    "std": 0.015911025926470757,
    "median": 0.013317891396582127,
    "p05": 0.0036832420155406,
    "p95": 0.04987659677863121,
    "ci95": 0.0009861756040177119
  },
  "RMSE": {
    "mean": 0.020599281415343285,
    "std": 0.01778913475573063,
    "median": 0.0150406863540411,
    "p05": 0.004444586578756571,
    "p95": 0.055012382566928864,
    "ci95": 0.0011025819952627282
  },
  "MaxAbs": {
    "mean": 0.0338251069188118,
    "std": 0.027425134554505348,
    "median": 0.025333434343338013,
    "p05": 0.00832806434482336,
    "p95": 0.08716976642608643,
    "ci95": 0.0016998274504449531
  },
  "R2": {
    "mean": 0.9879615306854248,
    "std": 0.011386658065021038,
    "median": 0.9910503625869751,
    "p05": 0.9673197269439697,
    "p95": 0.998181164264679,
    "ci95": 0.0007057523786906458
  }
}