{
  "relL2_mean": 0.03978240489959717,
  "relL2_median": 0.03298810124397278,
  "relL2_p95": 0.08944064378738403,
  "MAE_mean": 0.00976940430700779,
  "MAE_median": 0.008591925725340843,
  "MAE_p95": 0.02153000980615616,
  "MaxErr_mean": 0.017259085550904274,
  "MaxErr_median": 0.015710731968283653,
  "MaxErr_p95": 0.03321949765086174,
  "R2_mean": 0.9940380454063416,
  "R2_median": 0.9965803623199463,
  "R2_p95": 0.9996141791343689,
  "ResidualMSE_mean": 0.0011130401398986578,
  "ResidualMSE_median": 0.0008316320599988103,
  "ResidualMSE_p95": 0.0030001746490597725,
  "IC_MSE_mean": 3.5373500395508017e-06,
  "IC_MSE_median": 1.6376361600123346e-06,
  "IC_MSE_p95": 1.3453515748551581e-05,
  "best_relL2_during_training": 0.026247572153806686
}