{
  "N_test": 1000,
  "relL2": {
    "mean": 0.044545553624629974,
    "std": 0.035173267126083374,
    "median": 0.03389396145939827,
    "p05": 0.01456027664244175,
    "p95": 0.10583588480949402,
    "ci95": 0.0021800616826117866
  },
  "MAE": {
    "mean": 0.010452560149133205,
    "std": 0.008218337781727314,
    "median": 0.008552799001336098,
    "p05": 0.003840588266029954,
    "p95": 0.02248174138367176,
    "ci95": 0.0005093778530291311
  },
  "RMSE": {
    "mean": 0.012219173833727837,
    "std": 0.009034770540893078,
    "median": 0.0101776123046875,
    "p05": 0.004827512428164482,
    "p95": 0.025196624919772148,
    "ci95": 0.0005599808797057858
  },
  "MaxAbs": {
    "mean": 0.02270500175654888,
    "std": 0.014496340416371822,
    "median": 0.019355982542037964,
    "p05": 0.009643761441111565,
    "p95": 0.04530957713723183,
    "ci95": 0.0008984924876766164
  },
  "R2": {
    "mean": 0.9923070073127747,
    "std": 0.01909191533923149,
    "median": 0.9962770342826843,
    "p05": 0.9768456220626831,
    "p95": 0.9992565512657166,
    "ci95": 0.0011833291723947238
  }
}