{
  "N_test": 1000,
  "relL2": {
    "mean": 0.047779906541109085,
    "std": 0.03972313180565834,
    "median": 0.0357639417052269,
    "p05": 0.012959537096321583,
    "p95": 0.12037836015224457,
    "ci95": 0.002462065217098765
  },
  "MAE": {
    "mean": 0.009784103371202946,
    "std": 0.005506247282028198,
    "median": 0.008590059354901314,
    "p05": 0.0040283165872097015,
    "p95": 0.018095796927809715,
    "ci95": 0.00034128074231788437
  },
  "RMSE": {
    "mean": 0.011503336019814014,
    "std": 0.0059481048956513405,
    "median": 0.01049402542412281,
    "p05": 0.0049650524742901325,
    "p95": 0.02036195993423462,
    "ci95": 0.00036866736094438553
  },
  "MaxAbs": {
    "mean": 0.021722085773944855,
    "std": 0.009986273013055325,
    "median": 0.020336730405688286,
    "p05": 0.009599139913916588,
    "p95": 0.037356261163949966,
    "ci95": 0.0006189556139275336
  },
  "R2": {
    "mean": 0.991146981716156,
    "std": 0.015265586785972118,
    "median": 0.9959520101547241,
    "p05": 0.9683375358581543,
    "p95": 0.9994400143623352,
    "ci95": 0.0009461708716277683
  }
}