{
  "N_test": 1000,
  "relL2": {
    "mean": 0.0326700434088707,
    "std": 0.02602081000804901,
    "median": 0.024161476641893387,
    "p05": 0.01111052930355072,
    "p95": 0.08541267365217209,
    "ci95": 0.0016127865132836078
  },
  "MAE": {
    "mean": 0.008091935887932777,
    "std": 0.006035995204001665,
    "median": 0.006446868181228638,
    "p05": 0.0029496110510081053,
    "p95": 0.017878329381346703,
    "ci95": 0.00037411485869375975
  },
  "RMSE": {
    "mean": 0.009165523573756218,
    "std": 0.006243429612368345,
    "median": 0.007645553443580866,
    "p05": 0.003669401863589883,
    "p95": 0.019125275313854218,
    "ci95": 0.0003869717765261124
  },
  "MaxAbs": {
    "mean": 0.015832174569368362,
    "std": 0.008466940373182297,
    "median": 0.014167949557304382,
    "p05": 0.006927284877747297,
    "p95": 0.029377389699220657,
    "ci95": 0.0005247864012850051
  },
  "R2": {
    "mean": 0.9949813485145569,
    "std": 0.010119660757482052,
    "median": 0.9981209635734558,
    "p05": 0.9806064367294312,
    "p95": 0.9996626973152161,
    "ci95": 0.0006272230719806149
  }
}