{
  "N_test": 1000,
  "relL2": {
    "mean": 0.04887443408370018,
    "std": 0.041133005172014236,
    "median": 0.03613847866654396,
    "p05": 0.010848713107407093,
    "p95": 0.1282212734222412,
    "ci95": 0.0025494500736806
  },
  "MAE": {
    "mean": 0.01119348406791687,
    "std": 0.007482615765184164,
    "median": 0.009328065440058708,
    "p05": 0.003819148987531662,
    "p95": 0.024384625256061554,
    "ci95": 0.00046377733000776587
  },
  "RMSE": {
    "mean": 0.01295485906302929,
    "std": 0.00813142117112875,
    "median": 0.010906976647675037,
    "p05": 0.004579767119139433,
    "p95": 0.027803799137473106,
    "ci95": 0.0005039907056916607
  },
  "MaxAbs": {
    "mean": 0.02370447851717472,
    "std": 0.012908616103231907,
    "median": 0.021112540736794472,
    "p05": 0.009056424722075462,
    "p95": 0.046661704778671265,
    "ci95": 0.0008000843152080251
  },
  "R2": {
    "mean": 0.9900791049003601,
    "std": 0.01800498180091381,
    "median": 0.9958295822143555,
    "p05": 0.9608339667320251,
    "p95": 0.9995191097259521,
    "ci95": 0.0011159603337270525
  }
}