{
  "N_test": 1000,
  "relL2": {
    "mean": 0.045324958860874176,
    "std": 0.034736599773168564,
    "median": 0.034903593361377716,
    "p05": 0.01534329354763031,
    "p95": 0.11271548271179199,
    "ci95": 0.0021529967596768586
  },
  "MAE": {
    "mean": 0.010598470456898212,
    "std": 0.006405086722224951,
    "median": 0.009143449366092682,
    "p05": 0.00435446435585618,
    "p95": 0.021586541086435318,
    "ci95": 0.0003969913880014082
  },
  "RMSE": {
    "mean": 0.012534759938716888,
    "std": 0.007010913919657469,
    "median": 0.010982436127960682,
    "p05": 0.005237792618572712,
    "p95": 0.02499542385339737,
    "ci95": 0.0004345409467237283
  },
  "MaxAbs": {
    "mean": 0.02370220422744751,
    "std": 0.01150553859770298,
    "median": 0.021334268152713776,
    "p05": 0.010022278875112534,
    "p95": 0.043627701699733734,
    "ci95": 0.0007131206704441346
  },
  "R2": {
    "mean": 0.9919187426567078,
    "std": 0.013059844262897968,
    "median": 0.9961952567100525,
    "p05": 0.971545934677124,
    "p95": 0.9992655515670776,
    "ci95": 0.0008094575336536722
  }
}