{
  "N_test": 1000,
  "relL2": {
    "mean": 0.025865841656923294,
    "std": 0.017003251239657402,
    "median": 0.02102321945130825,
    "p05": 0.00977126881480217,
    "p95": 0.06128837168216705,
    "ci95": 0.0010538724302898185
  },
  "MAE": {
    "mean": 0.006527412217110395,
    "std": 0.004516213200986385,
    "median": 0.005597796756774187,
    "p05": 0.002087570959702134,
    "p95": 0.01316321361809969,
    "ci95": 0.00027991779423512073
  },
  "RMSE": {
    "mean": 0.007779532577842474,
    "std": 0.00496703339740634,
    "median": 0.006776874884963036,
    "p05": 0.0025214185006916523,
    "p95": 0.015400726348161697,
    "ci95": 0.00030785991949859495
  },
  "MaxAbs": {
    "mean": 0.01469430886209011,
    "std": 0.007758661638945341,
    "median": 0.013126224279403687,
    "p05": 0.005115796811878681,
    "p95": 0.0283890962600708,
    "ci95": 0.00048088683052338783
  },
  "R2": {
    "mean": 0.9973424077033997,
    "std": 0.004115442745387554,
    "median": 0.9985862970352173,
    "p05": 0.9900310039520264,
    "p95": 0.9997379183769226,
    "ci95": 0.0002550777840466453
  }
}