{
  "N_test": 1000,
  "relL2": {
    "mean": 0.035561684519052505,
    "std": 0.033174626529216766,
    "median": 0.027039475739002228,
    "p05": 0.006535748485475779,
    "p95": 0.09765172749757767,
    "ci95": 0.0020561846550123204
  },
  "MAE": {
    "mean": 0.008218181319534779,
    "std": 0.0057134367525577545,
    "median": 0.006942118518054485,
    "p05": 0.0023703991901129484,
    "p95": 0.018587667495012283,
    "ci95": 0.00035412247874580787
  },
  "RMSE": {
    "mean": 0.009376759640872478,
    "std": 0.006352204829454422,
    "median": 0.008092052303254604,
    "p05": 0.0029526161961257458,
    "p95": 0.020421886816620827,
    "ci95": 0.0003937137343299492
  },
  "MaxAbs": {
    "mean": 0.015514777973294258,
    "std": 0.009480454958975315,
    "median": 0.013890452682971954,
    "p05": 0.00573381781578064,
    "p95": 0.030918357893824577,
    "ci95": 0.0005876046861300032
  },
  "R2": {
    "mean": 0.9947462677955627,
    "std": 0.015530658885836601,
    "median": 0.9977824687957764,
    "p05": 0.9816996455192566,
    "p95": 0.9998277425765991,
    "ci95": 0.0009626002105905817
  }
}