{
  "N_test": 1000,
  "relL2": {
    "mean": 0.04486173018813133,
    "std": 0.03301681950688362,
    "median": 0.037153832614421844,
    "p05": 0.010685140267014503,
    "p95": 0.10730419307947159,
    "ci95": 0.0020464036744340212
  },
  "MAE": {
    "mean": 0.011036667041480541,
    "std": 0.007275775074958801,
    "median": 0.009311914443969727,
    "p05": 0.0032146628946065903,
    "p95": 0.022730717435479164,
    "ci95": 0.0004509572112070618
  },
  "RMSE": {
    "mean": 0.012668277136981487,
    "std": 0.008114091120660305,
    "median": 0.010803226381540298,
    "p05": 0.00390120898373425,
    "p95": 0.025667397305369377,
    "ci95": 0.00050291657803532
  },
  "MaxAbs": {
    "mean": 0.020448481664061546,
    "std": 0.011830632574856281,
    "median": 0.01822306215763092,
    "p05": 0.007424750830978155,
    "p95": 0.039029233157634735,
    "ci95": 0.0007332702039037153
  },
  "R2": {
    "mean": 0.9926385283470154,
    "std": 0.011154263280332088,
    "median": 0.9958748817443848,
    "p05": 0.974395751953125,
    "p95": 0.9995381236076355,
    "ci95": 0.0006913484007058003
  }
}