{
  "N_test": 1000,
  "relL2": {
    "mean": 0.03368772938847542,
    "std": 0.022546207532286644,
    "median": 0.027956826612353325,
    "p05": 0.009799374267458916,
    "p95": 0.07943042367696762,
    "ci95": 0.001397428420657054
  },
  "MAE": {
    "mean": 0.008669795468449593,
    "std": 0.006024056114256382,
    "median": 0.007263805717229843,
    "p05": 0.002455824287608266,
    "p95": 0.017859559506177902,
    "ci95": 0.00037337486624478835
  },
  "RMSE": {
    "mean": 0.009939535520970821,
    "std": 0.006417219527065754,
    "median": 0.0085187628865242,
    "p05": 0.003059502923861146,
    "p95": 0.020274722948670387,
    "ci95": 0.00039774338703639197
  },
  "MaxAbs": {
    "mean": 0.01713074930012226,
    "std": 0.009123703464865685,
    "median": 0.015353977680206299,
    "p05": 0.006260378751903772,
    "p95": 0.033862676471471786,
    "ci95": 0.0005654929994409336
  },
  "R2": {
    "mean": 0.995621919631958,
    "std": 0.006311346776783466,
    "median": 0.9975119233131409,
    "p05": 0.985659658908844,
    "p95": 0.9997159838676453,
    "ci95": 0.00039118132598884203
  }
}