{
  "N_test": 1000,
  "relL2": {
    "mean": 0.033848509192466736,
    "std": 0.032397035509347916,
    "median": 0.02598131075501442,
    "p05": 0.008393867872655392,
    "p95": 0.07827775180339813,
    "ci95": 0.0020079890642790955
  },
  "MAE": {
    "mean": 0.00784325785934925,
    "std": 0.0049082087352871895,
    "median": 0.006747371517121792,
    "p05": 0.002457503927871585,
    "p95": 0.015635082498192787,
    "ci95": 0.00030421392916682265
  },
  "RMSE": {
    "mean": 0.009133771993219852,
    "std": 0.005444222129881382,
    "median": 0.007977992296218872,
    "p05": 0.0029784434009343386,
    "p95": 0.018253332003951073,
    "ci95": 0.00033743638355903684
  },
  "MaxAbs": {
    "mean": 0.01616170071065426,
    "std": 0.008551999926567078,
    "median": 0.014631818048655987,
    "p05": 0.0057678851298987865,
    "p95": 0.03158119320869446,
    "ci95": 0.0005300584470238758
  },
  "R2": {
    "mean": 0.9947474598884583,
    "std": 0.013655580580234528,
    "median": 0.997897744178772,
    "p05": 0.9823236465454102,
    "p95": 0.99979567527771,
    "ci95": 0.0008463816531478942
  }
}