{
  "adam": {
    "final_loss": 0.11510997273411558,
    "final_l2_error": 0.071497087688561,
    "final_h1_error": 0.6073100093344377,
    "training_time_seconds": 22.199505800032057
  },
  "engd": {
    "final_loss": 7.048684481653665e-12,
    "final_l2_error": 8.305744671158035e-08,
    "final_h1_error": 1.5154793323778107e-06,
    "training_time_seconds": 156.95775599998888
  },
  "gd": {
    "final_loss": 0.7722794961078953,
    "final_l2_error": 0.09873100028297668,
    "final_h1_error": 0.886630857742537,
    "training_time_seconds": 10.074455599999055
  },
  "precond": {
    "final_loss": 0.4519142363122334,
    "final_l2_error": 0.0035992552921604334,
    "final_h1_error": 0.04473075648742352,
    "training_time_seconds": 15.28590959997382
  }
}