{
  "N_test": 1000,
  "relL2": {
    "mean": 0.06276578456163406,
    "std": 0.047049012035131454,
    "median": 0.050340767949819565,
    "p05": 0.018836012110114098,
    "p95": 0.14840947091579437,
    "ci95": 0.0029161279779571126
  },
  "MAE": {
    "mean": 0.016075370833277702,
    "std": 0.010177741758525372,
    "median": 0.013718526810407639,
    "p05": 0.004988699685782194,
    "p95": 0.03604236617684364,
    "ci95": 0.0006308229697213734
  },
  "RMSE": {
    "mean": 0.01811974309384823,
    "std": 0.010904381982982159,
    "median": 0.015786167234182358,
    "p05": 0.005983728915452957,
    "p95": 0.038950636982917786,
    "ci95": 0.0006758605974374502
  },
  "MaxAbs": {
    "mean": 0.028521636500954628,
    "std": 0.015194359235465527,
    "median": 0.02529202401638031,
    "p05": 0.010665169917047024,
    "p95": 0.056684188544750214,
    "ci95": 0.0009417561423093603
  },
  "R2": {
    "mean": 0.9856544733047485,
    "std": 0.0324215404689312,
    "median": 0.992117166519165,
    "p05": 0.9566212892532349,
    "p95": 0.9987152218818665,
    "ci95": 0.002009507897409665
  }
}