{
  "N_test": 1000,
  "relL2": {
    "mean": 0.02396620623767376,
    "std": 0.016835343092679977,
    "median": 0.019511155784130096,
    "p05": 0.006821952760219574,
    "p95": 0.057862505316734314,
    "ci95": 0.0010434653755197376
  },
  "MAE": {
    "mean": 0.006374691147357225,
    "std": 0.005917935166507959,
    "median": 0.004638336598873138,
    "p05": 0.001894499990157783,
    "p95": 0.01632050983607769,
    "ci95": 0.00036679742175890995
  },
  "RMSE": {
    "mean": 0.007237028796225786,
    "std": 0.006231966894119978,
    "median": 0.005521614104509354,
    "p05": 0.002312637399882078,
    "p95": 0.017606478184461594,
    "ci95": 0.00038626130988841673
  },
  "MaxAbs": {
    "mean": 0.01278931275010109,
    "std": 0.009551667608320713,
    "median": 0.010270074009895325,
    "p05": 0.004661967977881432,
    "p95": 0.028949841856956482,
    "ci95": 0.0005920184918648719
  },
  "R2": {
    "mean": 0.9973781704902649,
    "std": 0.004556281957775354,
    "median": 0.9989391565322876,
    "p05": 0.9894376397132874,
    "p95": 0.9998517036437988,
    "ci95": 0.0002824012815106245
  }
}