{
  "N_test": 1000,
  "relL2": {
    "mean": 0.030593005940318108,
    "std": 0.020330555737018585,
    "median": 0.02488844096660614,
    "p05": 0.011966926977038383,
    "p95": 0.06621987372636795,
    "ci95": 0.0012601008996292464
  },
  "MAE": {
    "mean": 0.008093084208667278,
    "std": 0.007287627086043358,
    "median": 0.005507956258952618,
    "p05": 0.002387732034549117,
    "p95": 0.021254900842905045,
    "ci95": 0.0004516918064647247
  },
  "RMSE": {
    "mean": 0.009087484329938889,
    "std": 0.0075536868534982204,
    "median": 0.006543690338730812,
    "p05": 0.002988117979839444,
    "p95": 0.02217365987598896,
    "ci95": 0.00046818236169901
  },
  "MaxAbs": {
    "mean": 0.015531638637185097,
    "std": 0.010378656908869743,
    "median": 0.01256245281547308,
    "p05": 0.005994461476802826,
    "p95": 0.03312616050243378,
    "ci95": 0.0006432758197552315
  },
  "R2": {
    "mean": 0.9961283802986145,
    "std": 0.006931424606591463,
    "median": 0.9981260299682617,
    "p05": 0.987469494342804,
    "p95": 0.9996482133865356,
    "ci95": 0.0004296141480566854
  }
}