{
  "N_test": 1000,
  "relL2": {
    "mean": 0.0336311012506485,
    "std": 0.022378962486982346,
    "median": 0.027362627908587456,
    "p05": 0.012069565244019032,
    "p95": 0.07425655424594879,
    "ci95": 0.0013870624653544773
  },
  "MAE": {
    "mean": 0.008072343654930592,
    "std": 0.006208702921867371,
    "median": 0.006455454044044018,
    "p05": 0.0027406092267483473,
    "p95": 0.01795412227511406,
    "ci95": 0.00038481939394948924
  },
  "RMSE": {
    "mean": 0.009311669506132603,
    "std": 0.006631819996982813,
    "median": 0.0076453047804534435,
    "p05": 0.0033715127501636744,
    "p95": 0.020696379244327545,
    "ci95": 0.0004110444619652469
  },
  "MaxAbs": {
    "mean": 0.01640649326145649,
    "std": 0.00948666874319315,
    "median": 0.014341690577566624,
    "p05": 0.006802633870393038,
    "p95": 0.03180890902876854,
    "ci95": 0.0005879898204659397
  },
  "R2": {
    "mean": 0.9957888126373291,
    "std": 0.006138606928288937,
    "median": 0.9975713491439819,
    "p05": 0.985928475856781,
    "p95": 0.9996095895767212,
    "ci95": 0.00038047479925610564
  }
}