{
  "N_test": 1000,
  "relL2": {
    "mean": 0.07436022907495499,
    "std": 0.06860195845365524,
    "median": 0.050356969237327576,
    "p05": 0.01726839505136013,
    "p95": 0.21204309165477753,
    "ci95": 0.004251993436971148
  },
  "MAE": {
    "mean": 0.01539567206054926,
    "std": 0.009624463506042957,
    "median": 0.0129665806889534,
    "p05": 0.005493911448866129,
    "p95": 0.03157277777791023,
    "ci95": 0.0005965304283508035
  },
  "RMSE": {
    "mean": 0.01734461821615696,
    "std": 0.009919076226651669,
    "median": 0.015052990056574345,
    "p05": 0.006805329583585262,
    "p95": 0.03401651233434677,
    "ci95": 0.0006147907139565375
  },
  "MaxAbs": {
    "mean": 0.029597332701086998,
    "std": 0.014747106470167637,
    "median": 0.026860341429710388,
    "p05": 0.01271520834416151,
    "p95": 0.05549287050962448,
    "ci95": 0.0009140351287176194
  },
  "R2": {
    "mean": 0.9742242693901062,
    "std": 0.052960287779569626,
    "median": 0.9918168783187866,
    "p05": 0.8937480449676514,
    "p95": 0.9990571141242981,
    "ci95": 0.0032825126444598605
  }
}