{
  "N_test": 1000,
  "relL2": {
    "mean": 0.053469229489564896,
    "std": 0.0425802618265152,
    "median": 0.04033539071679115,
    "p05": 0.014773940667510033,
    "p95": 0.13278871774673462,
    "ci95": 0.002639151970466945
  },
  "MAE": {
    "mean": 0.010650653392076492,
    "std": 0.004649139009416103,
    "median": 0.010023167356848717,
    "p05": 0.004716305993497372,
    "p95": 0.01823187805712223,
    "ci95": 0.0002881566211984803
  },
  "RMSE": {
    "mean": 0.012754636816680431,
    "std": 0.005590170156210661,
    "median": 0.011859231628477573,
    "p05": 0.005753958132117987,
    "p95": 0.02171231061220169,
    "ci95": 0.00034648233594988906
  },
  "MaxAbs": {
    "mean": 0.02449384331703186,
    "std": 0.010939919389784336,
    "median": 0.022727513685822487,
    "p05": 0.011303647421300411,
    "p95": 0.041769467294216156,
    "ci95": 0.0006780632287310147
  },
  "R2": {
    "mean": 0.9888893365859985,
    "std": 0.01737666316330433,
    "median": 0.9948205947875977,
    "p05": 0.9620469808578491,
    "p95": 0.999394416809082,
    "ci95": 0.0010770167410999265
  }
}