{
  "N_test": 1000,
  "relL2": {
    "mean": 0.049403417855501175,
    "std": 0.04067831486463547,
    "median": 0.037703003734350204,
    "p05": 0.014265970326960087,
    "p95": 0.12184078246355057,
    "ci95": 0.002521268076454748
  },
  "MAE": {
    "mean": 0.012272246181964874,
    "std": 0.010244116187095642,
    "median": 0.009159667417407036,
    "p05": 0.00415989151224494,
    "p95": 0.032075416296720505,
    "ci95": 0.0006349368994257878
  },
  "RMSE": {
    "mean": 0.014353024773299694,
    "std": 0.011408407241106033,
    "median": 0.010930498130619526,
    "p05": 0.0050614969804883,
    "p95": 0.0359802320599556,
    "ci95": 0.0007071004065903946
  },
  "MaxAbs": {
    "mean": 0.026121601462364197,
    "std": 0.01858791522681713,
    "median": 0.020721232518553734,
    "p05": 0.009920554235577583,
    "p95": 0.06167851388454437,
    "ci95": 0.0011520909217890023
  },
  "R2": {
    "mean": 0.9898496866226196,
    "std": 0.018443236127495766,
    "median": 0.9956356287002563,
    "p05": 0.9638373255729675,
    "p95": 0.9993154406547546,
    "ci95": 0.0011431236183089286
  }
}