{
  "N_test": 1000,
  "relL2": {
    "mean": 0.050916824489831924,
    "std": 0.041465383023023605,
    "median": 0.03896266594529152,
    "p05": 0.01342106331139803,
    "p95": 0.13063500821590424,
    "ci95": 0.0025700510663190417
  },
  "MAE": {
    "mean": 0.011622751131653786,
    "std": 0.007150064222514629,
    "median": 0.009744471870362759,
    "p05": 0.004862776026129723,
    "p95": 0.023538056761026382,
    "ci95": 0.0004431655718486932
  },
  "RMSE": {
    "mean": 0.013504617847502232,
    "std": 0.007641277275979519,
    "median": 0.011788508854806423,
    "p05": 0.005892390385270119,
    "p95": 0.02668439783155918,
    "ci95": 0.0004736112723296535
  },
  "MaxAbs": {
    "mean": 0.024798939004540443,
    "std": 0.011915451847016811,
    "median": 0.022141100838780403,
    "p05": 0.011192345060408115,
    "p95": 0.04526428505778313,
    "ci95": 0.000738527356858013
  },
  "R2": {
    "mean": 0.9884747266769409,
    "std": 0.026729771867394447,
    "median": 0.995531439781189,
    "p05": 0.9573404788970947,
    "p95": 0.9993419647216797,
    "ci95": 0.0016567284245781102
  }
}