{
  "N_test": 1000,
  "relL2": {
    "mean": 0.026964586228132248,
    "std": 0.01765787973999977,
    "median": 0.022534174844622612,
    "p05": 0.00844009779393673,
    "p95": 0.061314914375543594,
    "ci95": 0.0010944467251037255
  },
  "MAE": {
    "mean": 0.007668001111596823,
    "std": 0.00720351142808795,
    "median": 0.005315243732184172,
    "p05": 0.0021793481428176165,
    "p95": 0.020706074312329292,
    "ci95": 0.0004464782639706788
  },
  "RMSE": {
    "mean": 0.008405601605772972,
    "std": 0.007334691472351551,
    "median": 0.006281290668994188,
    "p05": 0.0027002538554370403,
    "p95": 0.02101765014231205,
    "ci95": 0.00045460888734999866
  },
  "MaxAbs": {
    "mean": 0.013592460192739964,
    "std": 0.00975495669990778,
    "median": 0.011208917945623398,
    "p05": 0.005155892111361027,
    "p95": 0.030524518340826035,
    "ci95": 0.0006046184803013533
  },
  "R2": {
    "mean": 0.9962624311447144,
    "std": 0.006805996410548687,
    "median": 0.9986255764961243,
    "p05": 0.9851466417312622,
    "p95": 0.9998025298118591,
    "ci95": 0.0004218400279235801
  }
}