{
  "N_test": 1000,
  "relL2": {
    "mean": 0.0327545702457428,
    "std": 0.029399238526821136,
    "median": 0.02418643608689308,
    "p05": 0.008519054390490055,
    "p95": 0.08745872974395752,
    "ci95": 0.0018221836822988292
  },
  "MAE": {
    "mean": 0.007565770298242569,
    "std": 0.005207094829529524,
    "median": 0.0064640529453754425,
    "p05": 0.0023425985127687454,
    "p95": 0.015863949432969093,
    "ci95": 0.00032273908121447
  },
  "RMSE": {
    "mean": 0.008903051726520061,
    "std": 0.005953265819698572,
    "median": 0.007503414060920477,
    "p05": 0.00291728088632226,
    "p95": 0.018737150356173515,
    "ci95": 0.00036898723833086506
  },
  "MaxAbs": {
    "mean": 0.01602260395884514,
    "std": 0.010781253688037395,
    "median": 0.01339808851480484,
    "p05": 0.00555256986990571,
    "p95": 0.0336751863360405,
    "ci95": 0.0006682290266512567
  },
  "R2": {
    "mean": 0.9954972863197327,
    "std": 0.01007082313299179,
    "median": 0.9981882572174072,
    "p05": 0.9817569851875305,
    "p95": 0.9997439980506897,
    "ci95": 0.0006241960846541507
  }
}