{
  "N_test": 1000,
  "relL2": {
    "mean": 0.03909868746995926,
    "std": 0.03034156933426857,
    "median": 0.029538463801145554,
    "p05": 0.011361916549503803,
    "p95": 0.09697804600000381,
    "ci95": 0.0018805899508520661
  },
  "MAE": {
    "mean": 0.009184329770505428,
    "std": 0.006992826238274574,
    "median": 0.007666714955121279,
    "p05": 0.0037822166923433542,
    "p95": 0.018399877473711967,
    "ci95": 0.00043341986061680546
  },
  "RMSE": {
    "mean": 0.010931819677352905,
    "std": 0.007822013460099697,
    "median": 0.009251508861780167,
    "p05": 0.004538720939308405,
    "p95": 0.021634921431541443,
    "ci95": 0.00048481341707922896
  },
  "MaxAbs": {
    "mean": 0.02140960656106472,
    "std": 0.014257471077144146,
    "median": 0.018296752125024796,
    "p05": 0.008750151842832565,
    "p95": 0.044123727828264236,
    "ci95": 0.0008836872126438949
  },
  "R2": {
    "mean": 0.9937166571617126,
    "std": 0.013324231840670109,
    "median": 0.9971398711204529,
    "p05": 0.9781070947647095,
    "p95": 0.999561607837677,
    "ci95": 0.0008258444454976436
  }
}