{
  "N_test": 1000,
  "relL2": {
    "mean": 0.045632582157850266,
    "std": 0.024857396259903908,
    "median": 0.03902836889028549,
    "p05": 0.02407040446996689,
    "p95": 0.08963882178068161,
    "ci95": 0.0015406773820998843
  },
  "MAE": {
    "mean": 0.013151776976883411,
    "std": 0.010724141262471676,
    "median": 0.010201966390013695,
    "p05": 0.004124483559280634,
    "p95": 0.03118235059082508,
    "ci95": 0.0006646891618405604
  },
  "RMSE": {
    "mean": 0.015118775889277458,
    "std": 0.011670300737023354,
    "median": 0.012069452553987503,
    "p05": 0.004983118735253811,
    "p95": 0.03426545858383179,
    "ci95": 0.0007233327336394562
  },
  "MaxAbs": {
    "mean": 0.02644851617515087,
    "std": 0.01758473925292492,
    "median": 0.022199111059308052,
    "p05": 0.010130625218153,
    "p95": 0.057393837720155716,
    "ci95": 0.0010899134307484452
  },
  "R2": {
    "mean": 0.9921029210090637,
    "std": 0.012634440325200558,
    "median": 0.9951328039169312,
    "p05": 0.9796269536018372,
    "p95": 0.9984914660453796,
    "ci95": 0.0007830907244265998
  }
}