{
  "N_test": 1000,
  "relL2": {
    "mean": 0.03391788899898529,
    "std": 0.026862194761633873,
    "median": 0.02690470963716507,
    "p05": 0.008074802346527576,
    "p95": 0.0779326856136322,
    "ci95": 0.0016649360805970144
  },
  "MAE": {
    "mean": 0.007224551402032375,
    "std": 0.004179258830845356,
    "median": 0.006279255263507366,
    "p05": 0.0025759655982255936,
    "p95": 0.01414058543741703,
    "ci95": 0.0002590331460021363
  },
  "RMSE": {
    "mean": 0.008297021500766277,
    "std": 0.004538040142506361,
    "median": 0.007333108223974705,
    "p05": 0.0030566579662263393,
    "p95": 0.0163288451731205,
    "ci95": 0.00028127064208646583
  },
  "MaxAbs": {
    "mean": 0.014438217505812645,
    "std": 0.007156839594244957,
    "median": 0.013021094724535942,
    "p05": 0.005859621800482273,
    "p95": 0.02720789797604084,
    "ci95": 0.00044358551373927137
  },
  "R2": {
    "mean": 0.9954683780670166,
    "std": 0.009255454875528812,
    "median": 0.997719943523407,
    "p05": 0.9859294891357422,
    "p95": 0.9997963309288025,
    "ci95": 0.0005736590364765929
  }
}