{
  "N_test": 1000,
  "relL2": {
    "mean": 0.02971440553665161,
    "std": 0.019199348986148834,
    "median": 0.023128092288970947,
    "p05": 0.012282953597605228,
    "p95": 0.0666181817650795,
    "ci95": 0.0011899879788180277
  },
  "MAE": {
    "mean": 0.006826664786785841,
    "std": 0.0038592342752963305,
    "median": 0.006166097708046436,
    "p05": 0.0024316157214343548,
    "p95": 0.01341346837580204,
    "ci95": 0.00023919781854886353
  },
  "RMSE": {
    "mean": 0.00798890646547079,
    "std": 0.004234246909618378,
    "median": 0.007285973057150841,
    "p05": 0.0030472588259726763,
    "p95": 0.015001161955296993,
    "ci95": 0.00026244134243449464
  },
  "MaxAbs": {
    "mean": 0.014844687655568123,
    "std": 0.007105960976332426,
    "median": 0.01346612349152565,
    "p05": 0.005988994613289833,
    "p95": 0.02799299545586109,
    "ci95": 0.0004404320243298926
  },
  "R2": {
    "mean": 0.9967569708824158,
    "std": 0.004586352966725826,
    "median": 0.9982292056083679,
    "p05": 0.9893344640731812,
    "p95": 0.9996358752250671,
    "ci95": 0.0002842651019551514
  }
}