{
  "N_test": 1000,
  "relL2": {
    "mean": 0.04029406979680061,
    "std": 0.017119096592068672,
    "median": 0.03836588189005852,
    "p05": 0.018568573519587517,
    "p95": 0.06965363770723343,
    "ci95": 0.0010610525996211225
  },
  "MAE": {
    "mean": 0.011440250091254711,
    "std": 0.008072808384895325,
    "median": 0.0102540859952569,
    "p05": 0.0030592172406613827,
    "p95": 0.024665959179401398,
    "ci95": 0.0005003578475633394
  },
  "RMSE": {
    "mean": 0.012600545771420002,
    "std": 0.008636880666017532,
    "median": 0.011401401832699776,
    "p05": 0.0037587613333016634,
    "p95": 0.026634858921170235,
    "ci95": 0.0005353194097602738
  },
  "MaxAbs": {
    "mean": 0.020153407007455826,
    "std": 0.012861779890954494,
    "median": 0.018073201179504395,
    "p05": 0.0069774482399225235,
    "p95": 0.03896180912852287,
    "ci95": 0.0007971813766956985
  },
  "R2": {
    "mean": 0.9937629103660583,
    "std": 0.006874764338135719,
    "median": 0.9959363341331482,
    "p05": 0.9812856912612915,
    "p95": 0.9990621209144592,
    "ci95": 0.0004261023082340132
  }
}