{
  "N_test": 1000,
  "relL2": {
    "mean": 0.6415563225746155,
    "std": 0.42999160289764404,
    "median": 0.5381096005439758,
    "p05": 0.12128077447414398,
    "p95": 1.4434236288070679,
    "ci95": 0.02665115566210297
  },
  "MAE": {
    "mean": 0.13926923274993896,
    "std": 0.0851598009467125,
    "median": 0.12176942825317383,
    "p05": 0.03636517375707626,
    "p95": 0.3106640875339508,
    "ci95": 0.005278259147132229
  },
  "RMSE": {
    "mean": 0.16392645239830017,
    "std": 0.09742717444896698,
    "median": 0.14226177334785461,
    "p05": 0.04381616786122322,
    "p95": 0.3591712415218353,
    "ci95": 0.006038598834164598
  },
  "MaxAbs": {
    "mean": 0.2649763822555542,
    "std": 0.1475839912891388,
    "median": 0.2309187650680542,
    "p05": 0.07800662517547607,
    "p95": 0.5664398670196533,
    "ci95": 0.009147350549581714
  },
  "R2": {
    "mean": -0.4324718713760376,
    "std": 1.4538445472717285,
    "median": 0.1206468939781189,
    "p05": -3.4566571712493896,
    "p95": 0.9508404731750488,
    "ci95": 0.09011021861062196
  }
}