{
  "N_test": 1000,
  "relL2": {
    "mean": 0.04181317985057831,
    "std": 0.029600804671645164,
    "median": 0.034747831523418427,
    "p05": 0.010703749023377895,
    "p95": 0.09493780881166458,
    "ci95": 0.0018346768813885656
  },
  "MAE": {
    "mean": 0.010063981637358665,
    "std": 0.0065950024873018265,
    "median": 0.008638557977974415,
    "p05": 0.0032753474079072475,
    "p95": 0.0208499263972044,
    "ci95": 0.0004087624890732494
  },
  "RMSE": {
    "mean": 0.011774368584156036,
    "std": 0.007496141362935305,
    "median": 0.01018793135881424,
    "p05": 0.0040168012492358685,
    "p95": 0.023892804980278015,
    "ci95": 0.0004646156552416994
  },
  "MaxAbs": {
    "mean": 0.02129404805600643,
    "std": 0.01276585552841425,
    "median": 0.019042208790779114,
    "p05": 0.00822069775313139,
    "p95": 0.03909338265657425,
    "ci95": 0.0007912359231086511
  },
  "R2": {
    "mean": 0.9928775429725647,
    "std": 0.010370413772761822,
    "median": 0.9964786767959595,
    "p05": 0.9736325144767761,
    "p95": 0.9996365904808044,
    "ci95": 0.0006427649048860209
  }
}