{
  "N_test": 1000,
  "relL2": {
    "mean": 0.03617259860038757,
    "std": 0.025007454678416252,
    "median": 0.028919760137796402,
    "p05": 0.01468812394887209,
    "p95": 0.0849686935544014,
    "ci95": 0.0015499780992376871
  },
  "MAE": {
    "mean": 0.009605214931070805,
    "std": 0.008282233029603958,
    "median": 0.007359275594353676,
    "p05": 0.0033250146079808474,
    "p95": 0.025432726368308067,
    "ci95": 0.0005133381215221754
  },
  "RMSE": {
    "mean": 0.011003945954144001,
    "std": 0.008644812740385532,
    "median": 0.008840336464345455,
    "p05": 0.0041738697327673435,
    "p95": 0.02723797783255577,
    "ci95": 0.0005358110448230991
  },
  "MaxAbs": {
    "mean": 0.01955145224928856,
    "std": 0.012204546481370926,
    "median": 0.017062142491340637,
    "p05": 0.008087728172540665,
    "p95": 0.03867410495877266,
    "ci95": 0.0007564456279343072
  },
  "R2": {
    "mean": 0.9948475956916809,
    "std": 0.00807390920817852,
    "median": 0.9974037408828735,
    "p05": 0.9811854958534241,
    "p95": 0.9993975758552551,
    "ci95": 0.0005004260772973137
  }
}