{
  "N_test": 1000,
  "relL2": {
    "mean": 0.03529972955584526,
    "std": 0.021125810220837593,
    "median": 0.03100181743502617,
    "p05": 0.011857115663588047,
    "p95": 0.07372423261404037,
    "ci95": 0.001309391283200506
  },
  "MAE": {
    "mean": 0.011391027830541134,
    "std": 0.01099231094121933,
    "median": 0.007866563275456429,
    "p05": 0.0024460735730826855,
    "p95": 0.030550943687558174,
    "ci95": 0.0006813104907316299
  },
  "RMSE": {
    "mean": 0.012291090562939644,
    "std": 0.011471475474536419,
    "median": 0.008690699934959412,
    "p05": 0.003038890892639756,
    "p95": 0.03179065138101578,
    "ci95": 0.0007110094161970011
  },
  "MaxAbs": {
    "mean": 0.018486112356185913,
    "std": 0.014864007011055946,
    "median": 0.01437842845916748,
    "p05": 0.0059968167915940285,
    "p95": 0.045819785445928574,
    "ci95": 0.0009212806993083083
  },
  "R2": {
    "mean": 0.9940337538719177,
    "std": 0.00915991049259901,
    "median": 0.9973907470703125,
    "p05": 0.9759795665740967,
    "p95": 0.9996444582939148,
    "ci95": 0.0005677371342698006
  }
}