{
  "N_test": 1000,
  "relL2": {
    "mean": 0.05040188506245613,
    "std": 0.039195068180561066,
    "median": 0.03997301310300827,
    "p05": 0.01566464826464653,
    "p95": 0.12834416329860687,
    "ci95": 0.002429335494524829
  },
  "MAE": {
    "mean": 0.01247788779437542,
    "std": 0.009694905951619148,
    "median": 0.009980594739317894,
    "p05": 0.00441950187087059,
    "p95": 0.02785387821495533,
    "ci95": 0.0006008964963614785
  },
  "RMSE": {
    "mean": 0.014585871249437332,
    "std": 0.010599357075989246,
    "median": 0.01197410561144352,
    "p05": 0.005346630234271288,
    "p95": 0.03199905902147293,
    "ci95": 0.0006569549578335492
  },
  "MaxAbs": {
    "mean": 0.026610512286424637,
    "std": 0.01652425155043602,
    "median": 0.02251577004790306,
    "p05": 0.010283853858709335,
    "p95": 0.054241251200437546,
    "ci95": 0.001024183721967352
  },
  "R2": {
    "mean": 0.9897670745849609,
    "std": 0.019201330840587616,
    "median": 0.9956513047218323,
    "p05": 0.9605150818824768,
    "p95": 0.999018669128418,
    "ci95": 0.00119011081542877
  }
}