{
  "N_test": 1000,
  "relL2": {
    "mean": 0.030210791155695915,
    "std": 0.022770043462514877,
    "median": 0.02454904466867447,
    "p05": 0.00830327533185482,
    "p95": 0.07418152689933777,
    "ci95": 0.0014113019153464475
  },
  "MAE": {
    "mean": 0.0074319965206086636,
    "std": 0.005843870807439089,
    "median": 0.006039682775735855,
    "p05": 0.0027379586827009916,
    "p95": 0.016159139573574066,
    "ci95": 0.0003622068652241857
  },
  "RMSE": {
    "mean": 0.008547460660338402,
    "std": 0.006105941720306873,
    "median": 0.007261143997311592,
    "p05": 0.003378726541996002,
    "p95": 0.017665140330791473,
    "ci95": 0.00037845018868976353
  },
  "MaxAbs": {
    "mean": 0.014952241443097591,
    "std": 0.008534559980034828,
    "median": 0.013193629682064056,
    "p05": 0.0065861353650689125,
    "p95": 0.02844049595296383,
    "ci95": 0.000528977507938932
  },
  "R2": {
    "mean": 0.996181309223175,
    "std": 0.006560856942087412,
    "median": 0.9981780052185059,
    "p05": 0.9854328632354736,
    "p95": 0.9997871518135071,
    "ci95": 0.00040664612625466355
  }
}