{
  "N_test": 1000,
  "relL2": {
    "mean": 0.02933601662516594,
    "std": 0.018270261585712433,
    "median": 0.02356325276196003,
    "p05": 0.010129137896001339,
    "p95": 0.065809465944767,
    "ci95": 0.0011324025451354464
  },
  "MAE": {
    "mean": 0.008364073000848293,
    "std": 0.00749291991814971,
    "median": 0.006364660803228617,
    "p05": 0.002227498684078455,
    "p95": 0.019193293526768684,
    "ci95": 0.0004644159880252719
  },
  "RMSE": {
    "mean": 0.009178483858704567,
    "std": 0.007649304810911417,
    "median": 0.00724832946434617,
    "p05": 0.0027312645688652992,
    "p95": 0.01992892473936081,
    "ci95": 0.0004741088240995282
  },
  "MaxAbs": {
    "mean": 0.015460300259292126,
    "std": 0.0099354088306427,
    "median": 0.013599749654531479,
    "p05": 0.005326165817677975,
    "p95": 0.028808826580643654,
    "ci95": 0.0006158030192397086
  },
  "R2": {
    "mean": 0.9955191612243652,
    "std": 0.007883358746767044,
    "median": 0.9984911680221558,
    "p05": 0.9814767837524414,
    "p95": 0.9997047781944275,
    "ci95": 0.0004886156373390905
  }
}