{
  "N_test": 1000,
  "relL2": {
    "mean": 0.0320126935839653,
    "std": 0.022034261375665665,
    "median": 0.025874998420476913,
    "p05": 0.009322604164481163,
    "p95": 0.07522743940353394,
    "ci95": 0.0013656976691289388
  },
  "MAE": {
    "mean": 0.00740665290504694,
    "std": 0.005397888831794262,
    "median": 0.00628759665414691,
    "p05": 0.002924978733062744,
    "p95": 0.015887849032878876,
    "ci95": 0.00033456461599116555
  },
  "RMSE": {
    "mean": 0.008578462526202202,
    "std": 0.005647573154419661,
    "median": 0.007503227796405554,
    "p05": 0.003628445090726018,
    "p95": 0.017449216917157173,
    "ci95": 0.000350040210639604
  },
  "MaxAbs": {
    "mean": 0.015497972257435322,
    "std": 0.00788810197263956,
    "median": 0.01423601433634758,
    "p05": 0.007261067628860474,
    "p95": 0.027125220745801926,
    "ci95": 0.0004889096255244809
  },
  "R2": {
    "mean": 0.9959989190101624,
    "std": 0.005511964671313763,
    "median": 0.9977631568908691,
    "p05": 0.9868648052215576,
    "p95": 0.9997379183769226,
    "ci95": 0.000341635109777164
  }
}