{
  "N_test": 1000,
  "relL2": {
    "mean": 0.03894864022731781,
    "std": 0.02881249226629734,
    "median": 0.031209740787744522,
    "p05": 0.010285653173923492,
    "p95": 0.09882177412509918,
    "ci95": 0.001785816772298731
  },
  "MAE": {
    "mean": 0.008748700842261314,
    "std": 0.00641618063673377,
    "median": 0.007029674015939236,
    "p05": 0.002875885460525751,
    "p95": 0.020093822851777077,
    "ci95": 0.0003976789959465034
  },
  "RMSE": {
    "mean": 0.010192325338721275,
    "std": 0.0070617408491671085,
    "median": 0.008275936357676983,
    "p05": 0.00354609708301723,
    "p95": 0.0224611796438694,
    "ci95": 0.0004376912324527047
  },
  "MaxAbs": {
    "mean": 0.0184432715177536,
    "std": 0.012113614939153194,
    "median": 0.015351608395576477,
    "p05": 0.006926437374204397,
    "p95": 0.041088882833719254,
    "ci95": 0.0007508096325569353
  },
  "R2": {
    "mean": 0.9946950078010559,
    "std": 0.0067640068009495735,
    "median": 0.9970252513885498,
    "p05": 0.9825410842895508,
    "p95": 0.9996513724327087,
    "ci95": 0.0004192374849574485
  }
}