{
  "N_test": 1000,
  "relL2": {
    "mean": 0.02788117155432701,
    "std": 0.01793237403035164,
    "median": 0.02321592904627323,
    "p05": 0.009255575947463512,
    "p95": 0.06100945919752121,
    "ci95": 0.001111460057483306
  },
  "MAE": {
    "mean": 0.007318828720599413,
    "std": 0.006406533531844616,
    "median": 0.00586374755948782,
    "p05": 0.002609745366498828,
    "p95": 0.01605812832713127,
    "ci95": 0.0003970810621906884
  },
  "RMSE": {
    "mean": 0.008409427478909492,
    "std": 0.006702243350446224,
    "median": 0.007002193946391344,
    "p05": 0.003140998538583517,
    "p95": 0.017911361530423164,
    "ci95": 0.00041540934663451205
  },
  "MaxAbs": {
    "mean": 0.014824814163148403,
    "std": 0.00972787942737341,
    "median": 0.012893974781036377,
    "p05": 0.006101288367062807,
    "p95": 0.027977125719189644,
    "ci95": 0.0006029402135622921
  },
  "R2": {
    "mean": 0.9968198537826538,
    "std": 0.005131067242473364,
    "median": 0.998339056968689,
    "p05": 0.9889636039733887,
    "p95": 0.9997254610061646,
    "ci95": 0.0003180268425484276
  }
}