{
  "N_test": 1000,
  "relL2": {
    "mean": 0.05602279305458069,
    "std": 0.04916217923164368,
    "median": 0.04152698814868927,
    "p05": 0.012822738848626614,
    "p95": 0.14763832092285156,
    "ci95": 0.003047103437744645
  },
  "MAE": {
    "mean": 0.013022505678236485,
    "std": 0.010161200538277626,
    "median": 0.010282279923558235,
    "p05": 0.003933506552129984,
    "p95": 0.029798440635204315,
    "ci95": 0.0006297977342686504
  },
  "RMSE": {
    "mean": 0.01473950780928135,
    "std": 0.011070755310356617,
    "median": 0.011950492858886719,
    "p05": 0.004803379066288471,
    "p95": 0.033029451966285706,
    "ci95": 0.0006861725231029712
  },
  "MaxAbs": {
    "mean": 0.025065138936042786,
    "std": 0.01643083244562149,
    "median": 0.021057549864053726,
    "p05": 0.009678506292402744,
    "p95": 0.05117941275238991,
    "ci95": 0.0010183935458628688
  },
  "R2": {
    "mean": 0.9868514537811279,
    "std": 0.02976636216044426,
    "median": 0.9948278665542603,
    "p05": 0.9515089392662048,
    "p95": 0.999334990978241,
    "ci95": 0.0018449382408553033
  }
}