{
  "N_test": 1000,
  "relL2": {
    "mean": 0.042099859565496445,
    "std": 0.026016460731625557,
    "median": 0.03537832945585251,
    "p05": 0.016508379951119423,
    "p95": 0.08982907980680466,
    "ci95": 0.0016125169423380408
  },
  "MAE": {
    "mean": 0.011377030983567238,
    "std": 0.009862308390438557,
    "median": 0.007948240265250206,
    "p05": 0.0030422054696828127,
    "p95": 0.03031192533671856,
    "ci95": 0.0006112722070151902
  },
  "RMSE": {
    "mean": 0.012788078747689724,
    "std": 0.010394572280347347,
    "median": 0.00920235924422741,
    "p05": 0.0038223254960030317,
    "p95": 0.03182589262723923,
    "ci95": 0.0006442622646992989
  },
  "MaxAbs": {
    "mean": 0.02107192762196064,
    "std": 0.014528851956129074,
    "median": 0.016907982528209686,
    "p05": 0.0078077539801597595,
    "p95": 0.048550818115472794,
    "ci95": 0.0009005075737877084
  },
  "R2": {
    "mean": 0.993842363357544,
    "std": 0.007738427724689245,
    "median": 0.99639892578125,
    "p05": 0.9801007509231567,
    "p95": 0.9990513324737549,
    "ci95": 0.00047963271952480347
  }
}