{
  "N_test": 1000,
  "relL2": {
    "mean": 0.04471878334879875,
    "std": 0.021678760647773743,
    "median": 0.04046966880559921,
    "p05": 0.017276087775826454,
    "p95": 0.08536221832036972,
    "ci95": 0.001343663505733209
  },
  "MAE": {
    "mean": 0.01259792409837246,
    "std": 0.009156012907624245,
    "median": 0.011279248632490635,
    "p05": 0.002694593509659171,
    "p95": 0.02748933434486389,
    "ci95": 0.0005674955594502721
  },
  "RMSE": {
    "mean": 0.014284013770520687,
    "std": 0.010297436267137527,
    "median": 0.012754185125231743,
    "p05": 0.0033231235574930906,
    "p95": 0.029623979702591896,
    "ci95": 0.0006382417122257028
  },
  "MaxAbs": {
    "mean": 0.023299727588891983,
    "std": 0.016492202877998352,
    "median": 0.020338162779808044,
    "p05": 0.0059806788340210915,
    "p95": 0.04612359777092934,
    "ci95": 0.0010221973246699533
  },
  "R2": {
    "mean": 0.9919312596321106,
    "std": 0.00952745322138071,
    "median": 0.9950799942016602,
    "p05": 0.9740163087844849,
    "p95": 0.9993155598640442,
    "ci95": 0.0005905176686133211
  }
}