{
  "N_test": 1000,
  "relL2": {
    "mean": 0.029147233814001083,
    "std": 0.02090979740023613,
    "median": 0.023644063621759415,
    "p05": 0.009223422966897488,
    "p95": 0.06656534224748611,
    "ci95": 0.001296002669869306
  },
  "MAE": {
    "mean": 0.007074932102113962,
    "std": 0.005525937769562006,
    "median": 0.005797784775495529,
    "p05": 0.0026877219788730145,
    "p95": 0.01578892581164837,
    "ci95": 0.0003425011713792656
  },
  "RMSE": {
    "mean": 0.007985345087945461,
    "std": 0.00586677435785532,
    "median": 0.006759600713849068,
    "p05": 0.0032390994019806385,
    "p95": 0.016616247594356537,
    "ci95": 0.0003636264419862535
  },
  "MaxAbs": {
    "mean": 0.013458278961479664,
    "std": 0.00828589778393507,
    "median": 0.011701412498950958,
    "p05": 0.006016500294208527,
    "p95": 0.02509508840739727,
    "ci95": 0.0005135652653489004
  },
  "R2": {
    "mean": 0.9962761402130127,
    "std": 0.008046062663197517,
    "median": 0.9982632994651794,
    "p05": 0.9873390793800354,
    "p95": 0.9997608661651611,
    "ci95": 0.0004987001305580302
  }
}