{
  "N_test": 1000,
  "relL2": {
    "mean": 0.05282529070973396,
    "std": 0.03823093697428703,
    "median": 0.0412922129034996,
    "p05": 0.014998827129602432,
    "p95": 0.1254100501537323,
    "ci95": 0.0023695780232534263
  },
  "MAE": {
    "mean": 0.011885157786309719,
    "std": 0.006073846481740475,
    "median": 0.010755900293588638,
    "p05": 0.0049489024095237255,
    "p95": 0.021973049268126488,
    "ci95": 0.00037646090519380415
  },
  "RMSE": {
    "mean": 0.014090743847191334,
    "std": 0.0067411260679364204,
    "median": 0.012912004254758358,
    "p05": 0.005880272481590509,
    "p95": 0.025076784193515778,
    "ci95": 0.0004178193224326754
  },
  "MaxAbs": {
    "mean": 0.026519490405917168,
    "std": 0.011856346391141415,
    "median": 0.024492770433425903,
    "p05": 0.01118285022675991,
    "p95": 0.047389935702085495,
    "ci95": 0.0007348639627489199
  },
  "R2": {
    "mean": 0.9898438453674316,
    "std": 0.013835406862199306,
    "median": 0.994296669960022,
    "p05": 0.9664729237556458,
    "p95": 0.9992958903312683,
    "ci95": 0.0008575274015775941
  }
}