{
  "N_test": 1000,
  "relL2": {
    "mean": 0.046566084027290344,
    "std": 0.03806585073471069,
    "median": 0.035733163356781006,
    "p05": 0.012317446060478687,
    "p95": 0.11964317411184311,
    "ci95": 0.0023593458721161225
  },
  "MAE": {
    "mean": 0.010600661858916283,
    "std": 0.006779266055673361,
    "median": 0.008959969505667686,
    "p05": 0.004266951233148575,
    "p95": 0.02212030254304409,
    "ci95": 0.000420183263363796
  },
  "RMSE": {
    "mean": 0.012401127256453037,
    "std": 0.00730866426602006,
    "median": 0.010735860094428062,
    "p05": 0.005302272271364927,
    "p95": 0.024452874436974525,
    "ci95": 0.00045299570438848074
  },
  "MaxAbs": {
    "mean": 0.022998981177806854,
    "std": 0.011512257158756256,
    "median": 0.02077580988407135,
    "p05": 0.010091221891343594,
    "p95": 0.042783040553331375,
    "ci95": 0.0007135370911724689
  },
  "R2": {
    "mean": 0.9918655157089233,
    "std": 0.013317350298166275,
    "median": 0.9961334466934204,
    "p05": 0.9707242250442505,
    "p95": 0.9994122982025146,
    "ci95": 0.0008254179230743472
  }
}