{
  "N_test": 1000,
  "relL2": {
    "mean": 0.038603439927101135,
    "std": 0.017643248662352562,
    "median": 0.03541899472475052,
    "p05": 0.017700208351016045,
    "p95": 0.0731610506772995,
    "ci95": 0.0010935398815159617
  },
  "MAE": {
    "mean": 0.011547485366463661,
    "std": 0.008689220994710922,
    "median": 0.009817410260438919,
    "p05": 0.0027826090808957815,
    "p95": 0.02536548301577568,
    "ci95": 0.0005385634969424721
  },
  "RMSE": {
    "mean": 0.012405995279550552,
    "std": 0.009071067906916142,
    "median": 0.010615888983011246,
    "p05": 0.0033193742856383324,
    "p95": 0.026207149028778076,
    "ci95": 0.0005622306137598607
  },
  "MaxAbs": {
    "mean": 0.017943596467375755,
    "std": 0.011470271274447441,
    "median": 0.016254328191280365,
    "p05": 0.00631293747574091,
    "p95": 0.033704839646816254,
    "ci95": 0.0007109347791022221
  },
  "R2": {
    "mean": 0.9931573271751404,
    "std": 0.008580269291996956,
    "median": 0.9961221218109131,
    "p05": 0.975208044052124,
    "p95": 0.9995116591453552,
    "ci95": 0.0005318106004460903
  }
}