{
  "N_test": 1000,
  "relL2": {
    "mean": 0.026743018999695778,
    "std": 0.020078593865036964,
    "median": 0.021290060132741928,
    "p05": 0.0073004853911697865,
    "p95": 0.06480932235717773,
    "ci95": 0.0012444841410092053
  },
  "MAE": {
    "mean": 0.006633908487856388,
    "std": 0.005641090217977762,
    "median": 0.005153085105121136,
    "p05": 0.0020399983040988445,
    "p95": 0.01626790314912796,
    "ci95": 0.00034963839407598684
  },
  "RMSE": {
    "mean": 0.007443066220730543,
    "std": 0.005920417606830597,
    "median": 0.005943359807133675,
    "p05": 0.002544590039178729,
    "p95": 0.017827631905674934,
    "ci95": 0.00036695128500417956
  },
  "MaxAbs": {
    "mean": 0.01275604497641325,
    "std": 0.008527272380888462,
    "median": 0.010983183979988098,
    "p05": 0.0050062150694429874,
    "p95": 0.02626243233680725,
    "ci95": 0.0005285258178641865
  },
  "R2": {
    "mean": 0.9963552951812744,
    "std": 0.00763919809833169,
    "median": 0.9987348914146423,
    "p05": 0.9866148829460144,
    "p95": 0.9998545050621033,
    "ci95": 0.0004734824035639194
  }
}