{
  "N_test": 1000,
  "relL2": {
    "mean": 0.02866625227034092,
    "std": 0.01785629242658615,
    "median": 0.02621344104409218,
    "p05": 0.0070321992971003056,
    "p95": 0.061143532395362854,
    "ci95": 0.0011067444708269332
  },
  "MAE": {
    "mean": 0.007762243039906025,
    "std": 0.006597685627639294,
    "median": 0.0058389208279550076,
    "p05": 0.0021841353736817837,
    "p95": 0.02022959478199482,
    "ci95": 0.00040892879183431554
  },
  "RMSE": {
    "mean": 0.00877311173826456,
    "std": 0.006987385451793671,
    "median": 0.006752373185008764,
    "p05": 0.002678781049326062,
    "p95": 0.02183212712407112,
    "ci95": 0.0004330826371769762
  },
  "MaxAbs": {
    "mean": 0.01498473808169365,
    "std": 0.010701859369874,
    "median": 0.012082099914550781,
    "p05": 0.005393586587160826,
    "p95": 0.0348433293402195,
    "ci95": 0.0006633081158292775
  },
  "R2": {
    "mean": 0.9961960911750793,
    "std": 0.006236041430383921,
    "median": 0.9983763098716736,
    "p05": 0.9845475554466248,
    "p95": 0.9998287558555603,
    "ci95": 0.00038651385226247577
  }
}