{
  "N_test": 1000,
  "relL2": {
    "mean": 0.03436174616217613,
    "std": 0.023383304476737976,
    "median": 0.028457805514335632,
    "p05": 0.00921242218464613,
    "p95": 0.07616262137889862,
    "ci95": 0.0014493122268069937
  },
  "MAE": {
    "mean": 0.008978418074548244,
    "std": 0.006628041621297598,
    "median": 0.007293251343071461,
    "p05": 0.0024928345810621977,
    "p95": 0.020964035764336586,
    "ci95": 0.0004108102758140337
  },
  "RMSE": {
    "mean": 0.010219759307801723,
    "std": 0.007317398674786091,
    "median": 0.008453506976366043,
    "p05": 0.002989090047776699,
    "p95": 0.02329172194004059,
    "ci95": 0.0004535370686525065
  },
  "MaxAbs": {
    "mean": 0.016611404716968536,
    "std": 0.010549654252827168,
    "median": 0.014233562164008617,
    "p05": 0.005882368888705969,
    "p95": 0.03412920609116554,
    "ci95": 0.0006538743449378275
  },
  "R2": {
    "mean": 0.9960930347442627,
    "std": 0.0044581228867173195,
    "median": 0.9974987506866455,
    "p05": 0.9880446195602417,
    "p95": 0.9996923804283142,
    "ci95": 0.0002763173192546503
  }
}