{
  "N_test": 1000,
  "relL2": {
    "mean": 0.04579290375113487,
    "std": 0.024712124839425087,
    "median": 0.04058852046728134,
    "p05": 0.01788300648331642,
    "p95": 0.08623751252889633,
    "ci95": 0.0015316733661741187
  },
  "MAE": {
    "mean": 0.015097660012543201,
    "std": 0.012872421182692051,
    "median": 0.011720078065991402,
    "p05": 0.002759516704827547,
    "p95": 0.03735831752419472,
    "ci95": 0.0007978409307907839
  },
  "RMSE": {
    "mean": 0.016354408115148544,
    "std": 0.013541590422391891,
    "median": 0.012841720134019852,
    "p05": 0.003410211531445384,
    "p95": 0.039706163108348846,
    "ci95": 0.0008393164699672474
  },
  "MaxAbs": {
    "mean": 0.024361373856663704,
    "std": 0.01766890659928322,
    "median": 0.01964499056339264,
    "p05": 0.006622413173317909,
    "p95": 0.05455779656767845,
    "ci95": 0.0010951301769228936
  },
  "R2": {
    "mean": 0.989266574382782,
    "std": 0.015540543012320995,
    "median": 0.9945501685142517,
    "p05": 0.9600365161895752,
    "p95": 0.9994950890541077,
    "ci95": 0.0009632128350970705
  }
}