{
  "N_test": 1000,
  "relL2": {
    "mean": 0.028249850496649742,
    "std": 0.020462237298488617,
    "median": 0.022706085816025734,
    "p05": 0.007766977418214083,
    "p95": 0.06671664863824844,
    "ci95": 0.0012682626073670647
  },
  "MAE": {
    "mean": 0.00741176214069128,
    "std": 0.0062484173104166985,
    "median": 0.005634551867842674,
    "p05": 0.0022574516478925943,
    "p95": 0.01840176433324814,
    "ci95": 0.00038728091725394624
  },
  "RMSE": {
    "mean": 0.00825767032802105,
    "std": 0.006503433920443058,
    "median": 0.006589938886463642,
    "p05": 0.002827783115208149,
    "p95": 0.018880242481827736,
    "ci95": 0.0004030870104995676
  },
  "MaxAbs": {
    "mean": 0.01418983656913042,
    "std": 0.008797233924269676,
    "median": 0.012498907744884491,
    "p05": 0.005586937069892883,
    "p95": 0.028144704177975655,
    "ci95": 0.0005452582076758707
  },
  "R2": {
    "mean": 0.996099054813385,
    "std": 0.007154705934226513,
    "median": 0.9985324144363403,
    "p05": 0.9837685227394104,
    "p95": 0.9998149275779724,
    "ci95": 0.00044345326812122125
  }
}