{
  "N_test": 1000,
  "relL2": {
    "mean": 0.03392215818166733,
    "std": 0.024653587490320206,
    "median": 0.027049291878938675,
    "p05": 0.009246104396879673,
    "p95": 0.07963968068361282,
    "ci95": 0.0015280451836874656
  },
  "MAE": {
    "mean": 0.008357570506632328,
    "std": 0.005305952858179808,
    "median": 0.006990319117903709,
    "p05": 0.002641923725605011,
    "p95": 0.017682228237390518,
    "ci95": 0.00032886636531083993
  },
  "RMSE": {
    "mean": 0.00956005696207285,
    "std": 0.00561974523589015,
    "median": 0.008068036288022995,
    "p05": 0.0032246701885014772,
    "p95": 0.018968356773257256,
    "ci95": 0.0003483154183797448
  },
  "MaxAbs": {
    "mean": 0.01683279126882553,
    "std": 0.008628648705780506,
    "median": 0.01509862020611763,
    "p05": 0.006319297011941671,
    "p95": 0.033498384058475494,
    "ci95": 0.0005348091875787177
  },
  "R2": {
    "mean": 0.9957787990570068,
    "std": 0.009044398553669453,
    "median": 0.9977459907531738,
    "p05": 0.9864695072174072,
    "p95": 0.9996424913406372,
    "ci95": 0.000560577630120191
  }
}