{
  "N_test": 1000,
  "relL2": {
    "mean": 0.03984517604112625,
    "std": 0.020537564530968666,
    "median": 0.035917580127716064,
    "p05": 0.013591920025646687,
    "p95": 0.0791575089097023,
    "ci95": 0.0012729314376067544
  },
  "MAE": {
    "mean": 0.01177127379924059,
    "std": 0.011175663210451603,
    "median": 0.008479183539748192,
    "p05": 0.0027884303126484156,
    "p95": 0.03285883739590645,
    "ci95": 0.0006926747821163439
  },
  "RMSE": {
    "mean": 0.013138366863131523,
    "std": 0.012143680825829506,
    "median": 0.009573100134730339,
    "p05": 0.0034306910820305347,
    "p95": 0.03665662556886673,
    "ci95": 0.0007526731355196205
  },
  "MaxAbs": {
    "mean": 0.020808575674891472,
    "std": 0.017280809581279755,
    "median": 0.016267532482743263,
    "p05": 0.006512373685836792,
    "p95": 0.05026875436306,
    "ci95": 0.0010710756745346912
  },
  "R2": {
    "mean": 0.9950981736183167,
    "std": 0.0039661037735641,
    "median": 0.9960922002792358,
    "p05": 0.987951397895813,
    "p95": 0.9992637634277344,
    "ci95": 0.00024582165867660476
  }
}