{
  "N_test": 1000,
  "relL2": {
    "mean": 0.030058249831199646,
    "std": 0.01649385131895542,
    "median": 0.02715858817100525,
    "p05": 0.010191268287599087,
    "p95": 0.06018670275807381,
    "ci95": 0.001022299496099001
  },
  "MAE": {
    "mean": 0.008791686035692692,
    "std": 0.00888695940375328,
    "median": 0.005949437618255615,
    "p05": 0.002160336822271347,
    "p95": 0.024190902709960938,
    "ci95": 0.0005508194505105211
  },
  "RMSE": {
    "mean": 0.009977891109883785,
    "std": 0.009454782120883465,
    "median": 0.0072085196152329445,
    "p05": 0.002671296475455165,
    "p95": 0.0275147445499897,
    "ci95": 0.0005860134671395322
  },
  "MaxAbs": {
    "mean": 0.016532501205801964,
    "std": 0.013182134367525578,
    "median": 0.013076528906822205,
    "p05": 0.005094706546515226,
    "p95": 0.039144229143857956,
    "ci95": 0.0008170371528657737
  },
  "R2": {
    "mean": 0.9963023066520691,
    "std": 0.005163602065294981,
    "median": 0.9978940486907959,
    "p05": 0.9875313639640808,
    "p95": 0.9996827840805054,
    "ci95": 0.00032004337175879985
  }
}