{
  "N_test": 1000,
  "relL2": {
    "mean": 0.03630150854587555,
    "std": 0.03056051954627037,
    "median": 0.028320476412773132,
    "p05": 0.008877431973814964,
    "p95": 0.09603463858366013,
    "ci95": 0.0018941606255884738
  },
  "MAE": {
    "mean": 0.007888044230639935,
    "std": 0.005698494613170624,
    "median": 0.0067265694960951805,
    "p05": 0.0024556778371334076,
    "p95": 0.017810426652431488,
    "ci95": 0.00035319635535165854
  },
  "RMSE": {
    "mean": 0.009213277138769627,
    "std": 0.006278786342591047,
    "median": 0.008048122748732567,
    "p05": 0.002979164943099022,
    "p95": 0.02015240490436554,
    "ci95": 0.00038916320936926144
  },
  "MaxAbs": {
    "mean": 0.016235599294304848,
    "std": 0.009873069822788239,
    "median": 0.014334037899971008,
    "p05": 0.006261092610657215,
    "p95": 0.03218157961964607,
    "ci95": 0.0006119392075025622
  },
  "R2": {
    "mean": 0.9947300553321838,
    "std": 0.010369895026087761,
    "median": 0.9975825548171997,
    "p05": 0.9806986451148987,
    "p95": 0.9997621774673462,
    "ci95": 0.0006427327526340549
  }
}