{
  "N_test": 1000,
  "relL2": {
    "mean": 0.02571321465075016,
    "std": 0.01605401001870632,
    "median": 0.022188201546669006,
    "p05": 0.008624600246548653,
    "p95": 0.05560876801609993,
    "ci95": 0.000995037849870177
  },
  "MAE": {
    "mean": 0.006739371456205845,
    "std": 0.006008706521242857,
    "median": 0.005516332574188709,
    "p05": 0.0021938823629170656,
    "p95": 0.014969304203987122,
    "ci95": 0.00037242348861323313
  },
  "RMSE": {
    "mean": 0.007847143337130547,
    "std": 0.0064195264130830765,
    "median": 0.0065422048792243,
    "p05": 0.00268629495985806,
    "p95": 0.01672137714922428,
    "ci95": 0.00039788636931308783
  },
  "MaxAbs": {
    "mean": 0.014065653085708618,
    "std": 0.009709770791232586,
    "median": 0.012276090681552887,
    "p05": 0.005632008425891399,
    "p95": 0.027966074645519257,
    "ci95": 0.000601817828666017
  },
  "R2": {
    "mean": 0.9973191022872925,
    "std": 0.0034017672296613455,
    "median": 0.9985682964324951,
    "p05": 0.990703284740448,
    "p95": 0.9998108148574829,
    "ci95": 0.0002108437173028386
  }
}