{
  "N_test": 1000,
  "relL2": {
    "mean": 0.02587541565299034,
    "std": 0.017504069954156876,
    "median": 0.021689632907509804,
    "p05": 0.009863859042525291,
    "p95": 0.054617904126644135,
    "ci95": 0.0010849134958098748
  },
  "MAE": {
    "mean": 0.006914183497428894,
    "std": 0.005689577199518681,
    "median": 0.005476340651512146,
    "p05": 0.0022857296280562878,
    "p95": 0.01629091240465641,
    "ci95": 0.00035264364832728935
  },
  "RMSE": {
    "mean": 0.00786442682147026,
    "std": 0.005899896379560232,
    "median": 0.006404807325452566,
    "p05": 0.0027870337944477797,
    "p95": 0.017268454656004906,
    "ci95": 0.0003656793661604758
  },
  "MaxAbs": {
    "mean": 0.013570878654718399,
    "std": 0.00794827938079834,
    "median": 0.012035245075821877,
    "p05": 0.005688501987606287,
    "p95": 0.027224252000451088,
    "ci95": 0.0004926394599244408
  },
  "R2": {
    "mean": 0.9975542426109314,
    "std": 0.00532307755202055,
    "median": 0.9987016320228577,
    "p05": 0.9926982522010803,
    "p95": 0.999642014503479,
    "ci95": 0.00032992776483152807
  }
}