{
  "N_test": 1000,
  "relL2": {
    "mean": 0.02859482541680336,
    "std": 0.019351806491613388,
    "median": 0.024846985936164856,
    "p05": 0.00653678085654974,
    "p95": 0.06423846632242203,
    "ci95": 0.0011994373929056768
  },
  "MAE": {
    "mean": 0.0070016393437981606,
    "std": 0.005645249504595995,
    "median": 0.005577237345278263,
    "p05": 0.0023076138459146023,
    "p95": 0.01629193127155304,
    "ci95": 0.0003498961893314263
  },
  "RMSE": {
    "mean": 0.008234729059040546,
    "std": 0.006318982224911451,
    "median": 0.00660079438239336,
    "p05": 0.002835448132827878,
    "p95": 0.01875295676290989,
    "ci95": 0.00039165457596683587
  },
  "MaxAbs": {
    "mean": 0.014833619818091393,
    "std": 0.010221120901405811,
    "median": 0.012469813227653503,
    "p05": 0.005593755282461643,
    "p95": 0.03091774322092533,
    "ci95": 0.0006335116368525554
  },
  "R2": {
    "mean": 0.9968719482421875,
    "std": 0.00447211554273963,
    "median": 0.9982839822769165,
    "p05": 0.9886640310287476,
    "p95": 0.9998332262039185,
    "ci95": 0.0002771845930601474
  }
}