{
  "N_test": 1000,
  "relL2": {
    "mean": 0.031827088445425034,
    "std": 0.0179576613008976,
    "median": 0.026561297476291656,
    "p05": 0.011896977201104164,
    "p95": 0.06704171746969223,
    "ci95": 0.0011130273787496947
  },
  "MAE": {
    "mean": 0.0076358565129339695,
    "std": 0.00448949309065938,
    "median": 0.006635650061070919,
    "p05": 0.0024493285454809666,
    "p95": 0.0160478875041008,
    "ci95": 0.00027826166463902
  },
  "RMSE": {
    "mean": 0.008932013064622879,
    "std": 0.005118752829730511,
    "median": 0.007688948884606361,
    "p05": 0.002942104823887348,
    "p95": 0.019495289772748947,
    "ci95": 0.00031726358733905725
  },
  "MaxAbs": {
    "mean": 0.016162512823939323,
    "std": 0.009011774323880672,
    "median": 0.01384834572672844,
    "p05": 0.0055906567722558975,
    "p95": 0.03469495102763176,
    "ci95": 0.0005585555594085822
  },
  "R2": {
    "mean": 0.996826171875,
    "std": 0.003680436871945858,
    "median": 0.9979562759399414,
    "p05": 0.9904228448867798,
    "p95": 0.9994092583656311,
    "ci95": 0.00022811584067636178
  }
}