{
  "N_test": 1000,
  "relL2": {
    "mean": 0.03352176770567894,
    "std": 0.02523844689130783,
    "median": 0.026083551347255707,
    "p05": 0.01141204871237278,
    "p95": 0.08012054860591888,
    "ci95": 0.0015642951449218853
  },
  "MAE": {
    "mean": 0.007511682342737913,
    "std": 0.005068809725344181,
    "median": 0.006122345104813576,
    "p05": 0.002798762172460556,
    "p95": 0.01572132296860218,
    "ci95": 0.0003141680816587624
  },
  "RMSE": {
    "mean": 0.008817383088171482,
    "std": 0.005562604870647192,
    "median": 0.007472475059330463,
    "p05": 0.0035018560010939837,
    "p95": 0.018069978803396225,
    "ci95": 0.00034477382184991206
  },
  "MaxAbs": {
    "mean": 0.01631109043955803,
    "std": 0.0086736548691988,
    "median": 0.014407344162464142,
    "p05": 0.006929037626832724,
    "p95": 0.03109670616686344,
    "ci95": 0.0005375986984876098
  },
  "R2": {
    "mean": 0.9947776198387146,
    "std": 0.01594042405486107,
    "median": 0.9980552196502686,
    "p05": 0.9808320999145508,
    "p95": 0.9996748566627502,
    "ci95": 0.0009879977188930371
  }
}