{
  "N_test": 1000,
  "relL2": {
    "mean": 0.025026025250554085,
    "std": 0.015863575041294098,
    "median": 0.020406970754265785,
    "p05": 0.008979406207799911,
    "p95": 0.05660075321793556,
    "ci95": 0.0009832345676843845
  },
  "MAE": {
    "mean": 0.0064838239923119545,
    "std": 0.005006840918213129,
    "median": 0.005363465286791325,
    "p05": 0.0022995283361524343,
    "p95": 0.013633249327540398,
    "ci95": 0.0003103272152001734
  },
  "RMSE": {
    "mean": 0.00747273676097393,
    "std": 0.005321402568370104,
    "median": 0.006337805651128292,
    "p05": 0.0028334951493889093,
    "p95": 0.015103978104889393,
    "ci95": 0.00032982394826930057
  },
  "MaxAbs": {
    "mean": 0.01282694935798645,
    "std": 0.007435749284923077,
    "median": 0.011457785964012146,
    "p05": 0.0052789850160479546,
    "p95": 0.025377720594406128,
    "ci95": 0.00046087251546637485
  },
  "R2": {
    "mean": 0.9975939989089966,
    "std": 0.003496413119137287,
    "median": 0.9986650943756104,
    "p05": 0.9922385811805725,
    "p95": 0.9997708201408386,
    "ci95": 0.00021670993030840273
  }
}