{
  "N_test": 1000,
  "relL2": {
    "mean": 0.04255104437470436,
    "std": 0.03571293503046036,
    "median": 0.03033582866191864,
    "p05": 0.01292739063501358,
    "p95": 0.11101094633340836,
    "ci95": 0.002213510645867043
  },
  "MAE": {
    "mean": 0.010078874416649342,
    "std": 0.006144820246845484,
    "median": 0.008773921057581902,
    "p05": 0.0031394455581903458,
    "p95": 0.02119499258697033,
    "ci95": 0.0003808599047300565
  },
  "RMSE": {
    "mean": 0.011579187586903572,
    "std": 0.006735400762408972,
    "median": 0.010341942310333252,
    "p05": 0.0037821345031261444,
    "p95": 0.022749146446585655,
    "ci95": 0.00041746446431964045
  },
  "MaxAbs": {
    "mean": 0.021295662969350815,
    "std": 0.012821287848055363,
    "median": 0.018858345225453377,
    "p05": 0.007417678367346525,
    "p95": 0.04112586751580238,
    "ci95": 0.0007946716538752782
  },
  "R2": {
    "mean": 0.9921877384185791,
    "std": 0.018216384574770927,
    "median": 0.9973286390304565,
    "p05": 0.9685566425323486,
    "p95": 0.9993749856948853,
    "ci95": 0.0011290632134007459
  }
}