{
  "N_test": 1000,
  "relL2": {
    "mean": 0.0389905609190464,
    "std": 0.025366995483636856,
    "median": 0.03190072625875473,
    "p05": 0.01421352755278349,
    "p95": 0.08430211991071701,
    "ci95": 0.0015722626692205412
  },
  "MAE": {
    "mean": 0.01029813289642334,
    "std": 0.008967244997620583,
    "median": 0.007056698203086853,
    "p05": 0.003148219548165798,
    "p95": 0.02712700329720974,
    "ci95": 0.0005557956031729515
  },
  "RMSE": {
    "mean": 0.011622410267591476,
    "std": 0.009581317193806171,
    "median": 0.00833372212946415,
    "p05": 0.0037885939236730337,
    "p95": 0.03064759261906147,
    "ci95": 0.0005938561922124246
  },
  "MaxAbs": {
    "mean": 0.019554855301976204,
    "std": 0.014317295514047146,
    "median": 0.014967910945415497,
    "p05": 0.0069986870512366295,
    "p95": 0.04831995069980621,
    "ci95": 0.0008873951696587647
  },
  "R2": {
    "mean": 0.9944737553596497,
    "std": 0.007353134453296661,
    "median": 0.9969905614852905,
    "p05": 0.9807553887367249,
    "p95": 0.9993823170661926,
    "ci95": 0.00045575199515193943
  }
}