{
  "N_test": 1000,
  "relL2": {
    "mean": 0.03365528956055641,
    "std": 0.025965429842472076,
    "median": 0.027000434696674347,
    "p05": 0.00834391638636589,
    "p95": 0.081325963139534,
    "ci95": 0.0016093540150593688
  },
  "MAE": {
    "mean": 0.00764860725030303,
    "std": 0.00599169684574008,
    "median": 0.0065625496208667755,
    "p05": 0.0028311472851783037,
    "p95": 0.014794754795730114,
    "ci95": 0.00037136921800298993
  },
  "RMSE": {
    "mean": 0.008749863132834435,
    "std": 0.006614612881094217,
    "median": 0.007640288211405277,
    "p05": 0.003401197260245681,
    "p95": 0.016329407691955566,
    "ci95": 0.0004099779538731064
  },
  "MaxAbs": {
    "mean": 0.01535333413630724,
    "std": 0.010451444424688816,
    "median": 0.0136185884475708,
    "p05": 0.006230824161320925,
    "p95": 0.027728145942091942,
    "ci95": 0.0006477872367254221
  },
  "R2": {
    "mean": 0.9954003095626831,
    "std": 0.009923865087330341,
    "median": 0.9978734254837036,
    "p05": 0.9845905900001526,
    "p95": 0.9997605085372925,
    "ci95": 0.0006150875306165174
  }
}