{
  "N_test": 1000,
  "relL2": {
    "mean": 0.04645904526114464,
    "std": 0.03902406990528107,
    "median": 0.03441595286130905,
    "p05": 0.013092577457427979,
    "p95": 0.11891079694032669,
    "ci95": 0.0024187369116182617
  },
  "MAE": {
    "mean": 0.011362267658114433,
    "std": 0.009766753762960434,
    "median": 0.00866076722741127,
    "p05": 0.004030427895486355,
    "p95": 0.025538623332977295,
    "ci95": 0.0006053496698447147
  },
  "RMSE": {
    "mean": 0.01319568045437336,
    "std": 0.010594576597213745,
    "median": 0.010336519218981266,
    "p05": 0.00489402050152421,
    "p95": 0.028732940554618835,
    "ci95": 0.0006566586606893103
  },
  "MaxAbs": {
    "mean": 0.02412179857492447,
    "std": 0.015895485877990723,
    "median": 0.020002514123916626,
    "p05": 0.009506801143288612,
    "p95": 0.050406426191329956,
    "ci95": 0.0009852124218340435
  },
  "R2": {
    "mean": 0.9904703497886658,
    "std": 0.02014514058828354,
    "median": 0.9963967800140381,
    "p05": 0.9633216857910156,
    "p95": 0.999457836151123,
    "ci95": 0.0012486087496482942
  }
}