{
  "N_test": 1000,
  "relL2": {
    "mean": 0.055656637996435165,
    "std": 0.03186871483922005,
    "median": 0.0493660494685173,
    "p05": 0.020278044044971466,
    "p95": 0.11477614939212799,
    "ci95": 0.0019752434098891047
  },
  "MAE": {
    "mean": 0.015717538073658943,
    "std": 0.012576321139931679,
    "median": 0.012198016978800297,
    "p05": 0.004575528670102358,
    "p95": 0.038875188678503036,
    "ci95": 0.0007794884600030218
  },
  "RMSE": {
    "mean": 0.018052132800221443,
    "std": 0.013875029049813747,
    "median": 0.014425985515117645,
    "p05": 0.005480933003127575,
    "p95": 0.043368663638830185,
    "ci95": 0.0008599832102089009
  },
  "MaxAbs": {
    "mean": 0.03177732974290848,
    "std": 0.02186874859035015,
    "median": 0.02608683705329895,
    "p05": 0.01067388616502285,
    "p95": 0.07259228080511093,
    "ci95": 0.0013554390804128191
  },
  "R2": {
    "mean": 0.9893007874488831,
    "std": 0.013436790555715561,
    "median": 0.9929980039596558,
    "p05": 0.9687976241111755,
    "p95": 0.9984512329101562,
    "ci95": 0.0008328209069345352
  }
}