{
  "N_test": 1000,
  "relL2": {
    "mean": 0.7156013250350952,
    "std": 0.4933759570121765,
    "median": 0.5947768092155457,
    "p05": 0.1509978473186493,
    "p95": 1.625365972518921,
    "ci95": 0.03057975863170649
  },
  "MAE": {
    "mean": 0.15469005703926086,
    "std": 0.07450129091739655,
    "median": 0.14390864968299866,
    "p05": 0.058179620653390884,
    "p95": 0.27920764684677124,
    "ci95": 0.004617637851267054
  },
  "RMSE": {
    "mean": 0.18068069219589233,
    "std": 0.08358771353960037,
    "median": 0.17038533091545105,
    "p05": 0.07092150300741196,
    "p95": 0.3328835070133209,
    "ci95": 0.005180820160140312
  },
  "MaxAbs": {
    "mean": 0.30043014883995056,
    "std": 0.12050577253103256,
    "median": 0.28557223081588745,
    "p05": 0.13407742977142334,
    "p95": 0.5284050107002258,
    "ci95": 0.0074690251629658455
  },
  "R2": {
    "mean": -0.8129848837852478,
    "std": 2.117380380630493,
    "median": -0.21271198987960815,
    "p05": -4.2881598472595215,
    "p95": 0.910253643989563,
    "ci95": 0.1312365956446339
  }
}