{
  "N_test": 1000,
  "relL2": {
    "mean": 0.030853912234306335,
    "std": 0.02102622017264366,
    "median": 0.025956813246011734,
    "p05": 0.008961983025074005,
    "p95": 0.0678853765130043,
    "ci95": 0.0013032186280627625
  },
  "MAE": {
    "mean": 0.008239932358264923,
    "std": 0.0070798080414533615,
    "median": 0.0059288968332111835,
    "p05": 0.002655776683241129,
    "p95": 0.020900174975395203,
    "ci95": 0.0004388110486322609
  },
  "RMSE": {
    "mean": 0.009275381453335285,
    "std": 0.007343974895775318,
    "median": 0.007075168192386627,
    "p05": 0.0033368521835654974,
    "p95": 0.02194010093808174,
    "ci95": 0.00045518427989505475
  },
  "MaxAbs": {
    "mean": 0.016006048768758774,
    "std": 0.009628383442759514,
    "median": 0.013661295175552368,
    "p05": 0.00686770211905241,
    "p95": 0.03264181315898895,
    "ci95": 0.000596773388545641
  },
  "R2": {
    "mean": 0.9956009387969971,
    "std": 0.00756996450945735,
    "median": 0.9981378316879272,
    "p05": 0.98356032371521,
    "p95": 0.9997547268867493,
    "ci95": 0.00046919126126787944
  }
}