{
  "N_test": 1000,
  "relL2": {
    "mean": 0.03252597153186798,
    "std": 0.023831941187381744,
    "median": 0.02629939094185829,
    "p05": 0.010030113160610199,
    "p95": 0.07243578135967255,
    "ci95": 0.001477119018219958
  },
  "MAE": {
    "mean": 0.00792027823626995,
    "std": 0.005227611865848303,
    "median": 0.006755881942808628,
    "p05": 0.002899578772485256,
    "p95": 0.01641188934445381,
    "ci95": 0.0003240107403003032
  },
  "RMSE": {
    "mean": 0.009206662885844707,
    "std": 0.005646593868732452,
    "median": 0.00794045440852642,
    "p05": 0.0035465240944176912,
    "p95": 0.018399279564619064,
    "ci95": 0.000349979513883873
  },
  "MaxAbs": {
    "mean": 0.01651172526180744,
    "std": 0.008405174128711224,
    "median": 0.01492997445166111,
    "p05": 0.0071274954825639725,
    "p95": 0.031920742243528366,
    "ci95": 0.000520958089790155
  },
  "R2": {
    "mean": 0.996010959148407,
    "std": 0.007119697984308004,
    "median": 0.9979069828987122,
    "p05": 0.9865773320198059,
    "p95": 0.999642014503479,
    "ci95": 0.0004412834529052916
  }
}