{
  "N_test": 1000,
  "relL2": {
    "mean": 0.03897230699658394,
    "std": 0.02737964689731598,
    "median": 0.03194703161716461,
    "p05": 0.011380432173609734,
    "p95": 0.0883348286151886,
    "ci95": 0.0016970080962429436
  },
  "MAE": {
    "mean": 0.010198273696005344,
    "std": 0.009328920394182205,
    "median": 0.007166666444391012,
    "p05": 0.002919249003753066,
    "p95": 0.027955232188105583,
    "ci95": 0.0005782124764978269
  },
  "RMSE": {
    "mean": 0.011637725867331028,
    "std": 0.010129866190254688,
    "median": 0.008524629287421703,
    "p05": 0.00357883726246655,
    "p95": 0.031207052990794182,
    "ci95": 0.0006278556112571725
  },
  "MaxAbs": {
    "mean": 0.020625228062272072,
    "std": 0.01608940213918686,
    "median": 0.01622197777032852,
    "p05": 0.00700022280216217,
    "p95": 0.04911850020289421,
    "ci95": 0.0009972314762242323
  },
  "R2": {
    "mean": 0.9941472411155701,
    "std": 0.009209247305989265,
    "median": 0.9969563484191895,
    "p05": 0.9809470176696777,
    "p95": 0.9995338916778564,
    "ci95": 0.0005707950616448354
  }
}