{
  "adam": {
    "final_loss": 0.02336915933038195,
    "final_l2_error": 0.03934261433382187,
    "final_h1_error": 0.3290718042728756,
    "training_time_seconds": 42.923267400008626
  },
  "engd": {
    "final_loss": 7.048687812509456e-12,
    "final_l2_error": 8.305792506087722e-08,
    "final_h1_error": 1.515488408873885e-06,
    "training_time_seconds": 15.05113859998528
  },
  "gd": {
    "final_loss": 0.16860712863542332,
    "final_l2_error": 0.06901631553777454,
    "final_h1_error": 0.5672741426792387,
    "training_time_seconds": 108.70067930000369
  },
  "precond": {
    "final_loss": 2.3599463540145438e-07,
    "final_l2_error": 1.3053188638797445e-05,
    "final_h1_error": 2.6315908791606955e-05,
    "training_time_seconds": 6.774593299953267
  }
}