{
  "N_test": 1000,
  "relL2": {
    "mean": 0.9958475232124329,
    "std": 0.48044493794441223,
    "median": 0.9717034697532654,
    "p05": 0.4575575888156891,
    "p95": 1.7477643489837646,
    "ci95": 0.029778285766370923
  },
  "MAE": {
    "mean": 0.28149762749671936,
    "std": 0.1840984970331192,
    "median": 0.2347794622182846,
    "p05": 0.0691978707909584,
    "p95": 0.6460561752319336,
    "ci95": 0.011410543062992787
  },
  "RMSE": {
    "mean": 0.3196219503879547,
    "std": 0.2010386735200882,
    "median": 0.2755982279777527,
    "p05": 0.07992574572563171,
    "p95": 0.7046162486076355,
    "ci95": 0.0124605060796082
  },
  "MaxAbs": {
    "mean": 0.5115020275115967,
    "std": 0.2998291850090027,
    "median": 0.4550970196723938,
    "p05": 0.14390704035758972,
    "p95": 1.0678255558013916,
    "ci95": 0.018583605418961036
  },
  "R2": {
    "mean": -3.3135714530944824,
    "std": 6.683993339538574,
    "median": -1.3609592914581299,
    "p05": -13.168052673339844,
    "p95": 0.3296957314014435,
    "ci95": 0.4142781992394067
  }
}