{
  "N_test": 1000,
  "relL2": {
    "mean": 0.03273012489080429,
    "std": 0.02687874436378479,
    "median": 0.025128066539764404,
    "p05": 0.008143977262079716,
    "p95": 0.07928608357906342,
    "ci95": 0.0016659618355654782
  },
  "MAE": {
    "mean": 0.006948674563318491,
    "std": 0.005057075060904026,
    "median": 0.0057943593710660934,
    "p05": 0.002575474325567484,
    "p95": 0.01419844850897789,
    "ci95": 0.00031344075962147234
  },
  "RMSE": {
    "mean": 0.00811956636607647,
    "std": 0.005373877007514238,
    "median": 0.0070342435501515865,
    "p05": 0.0031349491328001022,
    "p95": 0.015982478857040405,
    "ci95": 0.00033307634770335365
  },
  "MaxAbs": {
    "mean": 0.014961093664169312,
    "std": 0.007962976582348347,
    "median": 0.01370298396795988,
    "p05": 0.006276104599237442,
    "p95": 0.02599293924868107,
    "ci95": 0.000493550401914161
  },
  "R2": {
    "mean": 0.9957544207572937,
    "std": 0.008021201007068157,
    "median": 0.998051106929779,
    "p05": 0.9862886071205139,
    "p95": 0.9997919797897339,
    "ci95": 0.0004971591891464861
  }
}