{
  "N_test": 1000,
  "relL2": {
    "mean": 1.0937411785125732,
    "std": 0.12210442125797272,
    "median": 1.0761698484420776,
    "p05": 0.9038904309272766,
    "p95": 1.2950408458709717,
    "ci95": 0.007568110437616771
  },
  "MAE": {
    "mean": 0.34188196063041687,
    "std": 0.22096209228038788,
    "median": 0.29880619049072266,
    "p05": 0.0736570879817009,
    "p95": 0.7610669136047363,
    "ci95": 0.013695372367981755
  },
  "RMSE": {
    "mean": 0.39039385318756104,
    "std": 0.24362395703792572,
    "median": 0.33955681324005127,
    "p05": 0.09146089106798172,
    "p95": 0.8660840392112732,
    "ci95": 0.015099969297727929
  },
  "MaxAbs": {
    "mean": 0.6315997242927551,
    "std": 0.37354663014411926,
    "median": 0.5432285070419312,
    "p05": 0.16112138330936432,
    "p95": 1.3355427980422974,
    "ci95": 0.023152660005304197
  },
  "R2": {
    "mean": -3.8254683017730713,
    "std": 3.96858811378479,
    "median": -2.6889190673828125,
    "p05": -11.39682674407959,
    "p95": -0.08653508126735687,
    "ci95": 0.2459756396787756
  }
}