{
  "N_test": 1000,
  "relL2": {
    "mean": 0.03647858276963234,
    "std": 0.016567477956414223,
    "median": 0.03313474357128143,
    "p05": 0.015887290239334106,
    "p95": 0.06782080233097076,
    "ci95": 0.0010268629223672552
  },
  "MAE": {
    "mean": 0.010363167151808739,
    "std": 0.008120379410684109,
    "median": 0.008622469380497932,
    "p05": 0.002925179898738861,
    "p95": 0.0225059874355793,
    "ci95": 0.0005033063302889534
  },
  "RMSE": {
    "mean": 0.011468938551843166,
    "std": 0.008825165219604969,
    "median": 0.00972503237426281,
    "p05": 0.0034143191296607256,
    "p95": 0.024212269112467766,
    "ci95": 0.0005469894072965345
  },
  "MaxAbs": {
    "mean": 0.017711540684103966,
    "std": 0.012964360415935516,
    "median": 0.015394538640975952,
    "p05": 0.006489308550953865,
    "p95": 0.03491149842739105,
    "ci95": 0.0008035393835050088
  },
  "R2": {
    "mean": 0.9944810271263123,
    "std": 0.007277342956513166,
    "median": 0.9969138503074646,
    "p05": 0.9816553592681885,
    "p95": 0.9992400407791138,
    "ci95": 0.00045105438951259974
  }
}