{
  "N_test": 1000,
  "relL2": {
    "mean": 0.024722175672650337,
    "std": 0.018117064610123634,
    "median": 0.019429661333560944,
    "p05": 0.007118408102542162,
    "p95": 0.056623425334692,
    "ci95": 0.001122907298214654
  },
  "MAE": {
    "mean": 0.005831649526953697,
    "std": 0.0049108704552054405,
    "median": 0.0045591844245791435,
    "p05": 0.0018707095878198743,
    "p95": 0.01380972284823656,
    "ci95": 0.0003043789042765509
  },
  "RMSE": {
    "mean": 0.006624948233366013,
    "std": 0.005074260290712118,
    "median": 0.005322149023413658,
    "p05": 0.002285371068865061,
    "p95": 0.014384457841515541,
    "ci95": 0.00031450591120028935
  },
  "MaxAbs": {
    "mean": 0.011565149761736393,
    "std": 0.006975159980356693,
    "median": 0.010062457993626595,
    "p05": 0.004526720382273197,
    "p95": 0.021657442674040794,
    "ci95": 0.0004323248946068567
  },
  "R2": {
    "mean": 0.9967246651649475,
    "std": 0.0069167776964604855,
    "median": 0.9989247918128967,
    "p05": 0.9855689406394958,
    "p95": 0.9998716711997986,
    "ci95": 0.00042870632316141077
  }
}