{
  "N_test": 1000,
  "relL2": {
    "mean": 0.04441537335515022,
    "std": 0.03529359772801399,
    "median": 0.03396669030189514,
    "p05": 0.013567526824772358,
    "p95": 0.1095912978053093,
    "ci95": 0.002187519850588455
  },
  "MAE": {
    "mean": 0.010717765428125858,
    "std": 0.007211409974843264,
    "median": 0.009365903213620186,
    "p05": 0.002882748143747449,
    "p95": 0.023322707042098045,
    "ci95": 0.0004469678209705404
  },
  "RMSE": {
    "mean": 0.011767290532588959,
    "std": 0.007393948268145323,
    "median": 0.010391339659690857,
    "p05": 0.0034507191739976406,
    "p95": 0.024309895932674408,
    "ci95": 0.000458281661604414
  },
  "MaxAbs": {
    "mean": 0.017865072935819626,
    "std": 0.00956505537033081,
    "median": 0.016188375651836395,
    "p05": 0.00649979617446661,
    "p95": 0.03455810993909836,
    "ci95": 0.0005928482739510658
  },
  "R2": {
    "mean": 0.9911468029022217,
    "std": 0.018328456208109856,
    "median": 0.9965430498123169,
    "p05": 0.9681491255760193,
    "p95": 0.999513566493988,
    "ci95": 0.0011360094852006927
  }
}