{
  "N_test": 1000,
  "relL2": {
    "mean": 0.02585957571864128,
    "std": 0.01901768334209919,
    "median": 0.020332420244812965,
    "p05": 0.009955939836800098,
    "p95": 0.062165845185518265,
    "ci95": 0.0011787282255451813
  },
  "MAE": {
    "mean": 0.006510532461106777,
    "std": 0.0049379197880625725,
    "median": 0.005350096151232719,
    "p05": 0.0019592326134443283,
    "p95": 0.01369963213801384,
    "ci95": 0.00030605543929647556
  },
  "RMSE": {
    "mean": 0.007444628980010748,
    "std": 0.005238883662968874,
    "median": 0.006252314895391464,
    "p05": 0.0024345300626009703,
    "p95": 0.01519092172384262,
    "ci95": 0.0003247093735239002
  },
  "MaxAbs": {
    "mean": 0.01293813344091177,
    "std": 0.007891183719038963,
    "median": 0.01156246941536665,
    "p05": 0.0050484780222177505,
    "p95": 0.024724304676055908,
    "ci95": 0.0004891006341452264
  },
  "R2": {
    "mean": 0.9972933530807495,
    "std": 0.005067857913672924,
    "median": 0.9986099600791931,
    "p05": 0.9909810423851013,
    "p95": 0.9997254610061646,
    "ci95": 0.00031410908776018223
  }
}