{
  "N_test": 1000,
  "relL2": {
    "mean": 0.034584932029247284,
    "std": 0.016434885561466217,
    "median": 0.03150668740272522,
    "p05": 0.015903817489743233,
    "p95": 0.0648270696401596,
    "ci95": 0.00101864476058559
  },
  "MAE": {
    "mean": 0.009817766025662422,
    "std": 0.007515268865972757,
    "median": 0.008256718516349792,
    "p05": 0.0026611259672790766,
    "p95": 0.021186333149671555,
    "ci95": 0.0004658011901624822
  },
  "RMSE": {
    "mean": 0.010725092142820358,
    "std": 0.007857275195419788,
    "median": 0.009188009425997734,
    "p05": 0.003259451827034354,
    "p95": 0.021871672943234444,
    "ci95": 0.00048699896207731423
  },
  "MaxAbs": {
    "mean": 0.01662125065922737,
    "std": 0.010650070384144783,
    "median": 0.014667615294456482,
    "p05": 0.006352070719003677,
    "p95": 0.02989393100142479,
    "ci95": 0.0006600982012380376
  },
  "R2": {
    "mean": 0.9952296018600464,
    "std": 0.006185903213918209,
    "median": 0.9973937273025513,
    "p05": 0.9826218485832214,
    "p95": 0.9992054104804993,
    "ci95": 0.00038340625341021174
  }
}