{
  "N_test": 1000,
  "relL2": {
    "mean": 0.04482293874025345,
    "std": 0.03837505728006363,
    "median": 0.03346816077828407,
    "p05": 0.01374813262373209,
    "p95": 0.11120680719614029,
    "ci95": 0.002378510692350772
  },
  "MAE": {
    "mean": 0.009528383612632751,
    "std": 0.006259953137487173,
    "median": 0.008153306320309639,
    "p05": 0.0037040594033896923,
    "p95": 0.019091088324785233,
    "ci95": 0.00038799591522338224
  },
  "RMSE": {
    "mean": 0.011146376840770245,
    "std": 0.006773356348276138,
    "median": 0.009667228907346725,
    "p05": 0.0046124570071697235,
    "p95": 0.021126972511410713,
    "ci95": 0.0004198169759044608
  },
  "MaxAbs": {
    "mean": 0.020840557292103767,
    "std": 0.010806447826325893,
    "median": 0.018785199150443077,
    "p05": 0.009108999744057655,
    "p95": 0.038172364234924316,
    "ci95": 0.000669790575520524
  },
  "R2": {
    "mean": 0.9916321039199829,
    "std": 0.01565774716436863,
    "median": 0.996706485748291,
    "p05": 0.9658982157707214,
    "p95": 0.9994304776191711,
    "ci95": 0.0009704772237023751
  }
}