{
  "N_test": 1000,
  "relL2": {
    "mean": 0.027555175125598907,
    "std": 0.016473373398184776,
    "median": 0.022713677957654,
    "p05": 0.011257677339017391,
    "p95": 0.059280749410390854,
    "ci95": 0.0010210302614199588
  },
  "MAE": {
    "mean": 0.006665952503681183,
    "std": 0.004582128021866083,
    "median": 0.005406670738011599,
    "p05": 0.0027196789160370827,
    "p95": 0.014444418251514435,
    "ci95": 0.0002840032371597414
  },
  "RMSE": {
    "mean": 0.00779070844873786,
    "std": 0.004768094979226589,
    "median": 0.006531549617648125,
    "p05": 0.0033885205630213022,
    "p95": 0.015770036727190018,
    "ci95": 0.00029552958859363737
  },
  "MaxAbs": {
    "mean": 0.014884999953210354,
    "std": 0.006758860778063536,
    "median": 0.01363319531083107,
    "p05": 0.006954663898795843,
    "p95": 0.026170216500759125,
    "ci95": 0.0004189185311545084
  },
  "R2": {
    "mean": 0.9971643090248108,
    "std": 0.0036776710767298937,
    "median": 0.9984159469604492,
    "p05": 0.9899184703826904,
    "p95": 0.9996393322944641,
    "ci95": 0.0002279444149128505
  }
}