{
  "N_test": 1000,
  "relL2": {
    "mean": 0.027398928999900818,
    "std": 0.017750028520822525,
    "median": 0.023604076355695724,
    "p05": 0.009881433099508286,
    "p95": 0.05754629150032997,
    "ci95": 0.0011001581657114736
  },
  "MAE": {
    "mean": 0.007093891967087984,
    "std": 0.0045141661539673805,
    "median": 0.006325202062726021,
    "p05": 0.0022163591347634792,
    "p95": 0.013653869740664959,
    "ci95": 0.00027979091694639346
  },
  "RMSE": {
    "mean": 0.008232015185058117,
    "std": 0.004878298379480839,
    "median": 0.007322502788156271,
    "p05": 0.0026974775828421116,
    "p95": 0.015969168394804,
    "ci95": 0.0003023600661073301
  },
  "MaxAbs": {
    "mean": 0.014907484874129295,
    "std": 0.007600381970405579,
    "median": 0.013434087857604027,
    "p05": 0.0055941748432815075,
    "p95": 0.028468679636716843,
    "ci95": 0.0004710765550296978
  },
  "R2": {
    "mean": 0.9971337914466858,
    "std": 0.0040264795534312725,
    "median": 0.9983958005905151,
    "p05": 0.9908498525619507,
    "p95": 0.9996858239173889,
    "ci95": 0.0002495637882824331
  }
}