{
  "N_test": 1000,
  "relL2": {
    "mean": 0.05276047810912132,
    "std": 0.04110829159617424,
    "median": 0.042627088725566864,
    "p05": 0.01414851751178503,
    "p95": 0.13018174469470978,
    "ci95": 0.002547918310380479
  },
  "MAE": {
    "mean": 0.012977569364011288,
    "std": 0.010750831104815006,
    "median": 0.00989408977329731,
    "p05": 0.004321584012359381,
    "p95": 0.032703056931495667,
    "ci95": 0.0006663434154075967
  },
  "RMSE": {
    "mean": 0.015208794735372066,
    "std": 0.011966237798333168,
    "median": 0.011811481788754463,
    "p05": 0.005190234165638685,
    "p95": 0.0374615341424942,
    "ci95": 0.000741675102732256
  },
  "MaxAbs": {
    "mean": 0.02818065695464611,
    "std": 0.01991528645157814,
    "median": 0.022415488958358765,
    "p05": 0.010650359094142914,
    "p95": 0.06474719941616058,
    "ci95": 0.0012343622426569192
  },
  "R2": {
    "mean": 0.9890009164810181,
    "std": 0.0178010743111372,
    "median": 0.9948853254318237,
    "p05": 0.9628034234046936,
    "p95": 0.999347984790802,
    "ci95": 0.0011033220165736852
  }
}