{
  "N_test": 1000,
  "relL2": {
    "mean": 0.05460239574313164,
    "std": 0.03696431964635849,
    "median": 0.04512454569339752,
    "p05": 0.01982407458126545,
    "p95": 0.12713341414928436,
    "ci95": 0.0022910722679236506
  },
  "MAE": {
    "mean": 0.014779957011342049,
    "std": 0.012336417101323605,
    "median": 0.01108907163143158,
    "p05": 0.004700656048953533,
    "p95": 0.03909294307231903,
    "ci95": 0.0007646190536382818
  },
  "RMSE": {
    "mean": 0.016780903562903404,
    "std": 0.013005678541958332,
    "median": 0.012922052294015884,
    "p05": 0.0056746541522443295,
    "p95": 0.04215104132890701,
    "ci95": 0.0008061003074878954
  },
  "MaxAbs": {
    "mean": 0.02896083891391754,
    "std": 0.018376421183347702,
    "median": 0.02427658438682556,
    "p05": 0.010868925601243973,
    "p95": 0.06450148671865463,
    "ci95": 0.00113898238516613
  },
  "R2": {
    "mean": 0.9873635768890381,
    "std": 0.020342566072940826,
    "median": 0.9937774538993835,
    "p05": 0.9530746340751648,
    "p95": 0.9989608526229858,
    "ci95": 0.0012608453079620155
  }
}