{
  "N_test": 1000,
  "relL2": {
    "mean": 0.03804117813706398,
    "std": 0.020117944106459618,
    "median": 0.0325196236371994,
    "p05": 0.01798398420214653,
    "p95": 0.07456409931182861,
    "ci95": 0.0012469230942409178
  },
  "MAE": {
    "mean": 0.011469578370451927,
    "std": 0.010601809248328209,
    "median": 0.00801336020231247,
    "p05": 0.003072256688028574,
    "p95": 0.030620574951171875,
    "ci95": 0.0006571069450497542
  },
  "RMSE": {
    "mean": 0.012611275538802147,
    "std": 0.010890786536037922,
    "median": 0.009196978062391281,
    "p05": 0.003737259190529585,
    "p95": 0.0321495458483696,
    "ci95": 0.0006750179429056757
  },
  "MaxAbs": {
    "mean": 0.019378792494535446,
    "std": 0.01344227697700262,
    "median": 0.01561000943183899,
    "p05": 0.007043926045298576,
    "p95": 0.04398959130048752,
    "ci95": 0.000833160958848954
  },
  "R2": {
    "mean": 0.9937832355499268,
    "std": 0.00948661845177412,
    "median": 0.996628999710083,
    "p05": 0.9781142473220825,
    "p95": 0.999245822429657,
    "ci95": 0.0005879867033714942
  }
}