{
  "N_test": 1000,
  "relL2": {
    "mean": 0.0469023734331131,
    "std": 0.04006175696849823,
    "median": 0.03544964641332626,
    "p05": 0.010728585533797741,
    "p95": 0.11739377677440643,
    "ci95": 0.0024830534221361063
  },
  "MAE": {
    "mean": 0.01039658673107624,
    "std": 0.006899652536958456,
    "median": 0.0088798301294446,
    "p05": 0.003946878015995026,
    "p95": 0.02003028616309166,
    "ci95": 0.0004276448947787371
  },
  "RMSE": {
    "mean": 0.012319951318204403,
    "std": 0.007794270757585764,
    "median": 0.010543426498770714,
    "p05": 0.004681839607656002,
    "p95": 0.02383294701576233,
    "ci95": 0.0004830939065627358
  },
  "MaxAbs": {
    "mean": 0.02329542115330696,
    "std": 0.013262143358588219,
    "median": 0.02044079080224037,
    "p05": 0.009371086023747921,
    "p95": 0.044824715703725815,
    "ci95": 0.0008219961615087537
  },
  "R2": {
    "mean": 0.991450846195221,
    "std": 0.014764657244086266,
    "median": 0.9963326454162598,
    "p05": 0.9701917767524719,
    "p95": 0.9995557069778442,
    "ci95": 0.0009151229369551377
  }
}