{
  "N_test": 1000,
  "relL2": {
    "mean": 0.06414896994829178,
    "std": 0.05015930160880089,
    "median": 0.0472855344414711,
    "p05": 0.015540987253189087,
    "p95": 0.1597793996334076,
    "ci95": 0.0031089057229723143
  },
  "MAE": {
    "mean": 0.01444310788065195,
    "std": 0.008052214980125427,
    "median": 0.012872569262981415,
    "p05": 0.005400653462857008,
    "p95": 0.027449684217572212,
    "ci95": 0.0004990814551118667
  },
  "RMSE": {
    "mean": 0.016879858449101448,
    "std": 0.008910912089049816,
    "median": 0.015192968770861626,
    "p05": 0.006542878225445747,
    "p95": 0.03135516494512558,
    "ci95": 0.0005523040533261609
  },
  "MaxAbs": {
    "mean": 0.030187632888555527,
    "std": 0.014685537666082382,
    "median": 0.028219755738973618,
    "p05": 0.011990459635853767,
    "p95": 0.055171046406030655,
    "ci95": 0.0009102190547046666
  },
  "R2": {
    "mean": 0.9830516576766968,
    "std": 0.027610812336206436,
    "median": 0.9925508499145508,
    "p05": 0.9301046133041382,
    "p95": 0.9992316365242004,
    "ci95": 0.0017113358785857875
  }
}