{
  "N_test": 1000,
  "relL2": {
    "mean": 0.028694484382867813,
    "std": 0.01963510550558567,
    "median": 0.022432297468185425,
    "p05": 0.010423347353935242,
    "p95": 0.06535016000270844,
    "ci95": 0.0012169964477091093
  },
  "MAE": {
    "mean": 0.007138519082218409,
    "std": 0.006421717815101147,
    "median": 0.005461863707751036,
    "p05": 0.0025407373905181885,
    "p95": 0.01731065846979618,
    "ci95": 0.00039802219381735316
  },
  "RMSE": {
    "mean": 0.008205432444810867,
    "std": 0.0066473339684307575,
    "median": 0.006537218112498522,
    "p05": 0.0031956867314875126,
    "p95": 0.018983453512191772,
    "ci95": 0.00041200602787772126
  },
  "MaxAbs": {
    "mean": 0.014934780076146126,
    "std": 0.00905633345246315,
    "median": 0.012979676946997643,
    "p05": 0.006617403123527765,
    "p95": 0.02935895510017872,
    "ci95": 0.000561317362811292
  },
  "R2": {
    "mean": 0.9967590570449829,
    "std": 0.004903300665318966,
    "median": 0.9984186291694641,
    "p05": 0.9885693192481995,
    "p95": 0.9996367692947388,
    "ci95": 0.0003039097238385276
  }
}