{
  "N_test": 1000,
  "relL2": {
    "mean": 0.03797591105103493,
    "std": 0.030140843242406845,
    "median": 0.03109600953757763,
    "p05": 0.01080355141311884,
    "p95": 0.08840207010507584,
    "ci95": 0.0018681488187843646
  },
  "MAE": {
    "mean": 0.009503137320280075,
    "std": 0.008054669015109539,
    "median": 0.0074593317694962025,
    "p05": 0.002845174167305231,
    "p95": 0.024487176910042763,
    "ci95": 0.0004992335577760143
  },
  "RMSE": {
    "mean": 0.01071005966514349,
    "std": 0.008487887680530548,
    "median": 0.008531313389539719,
    "p05": 0.0035537269432097673,
    "p95": 0.02627168409526348,
    "ci95": 0.0005260847288455391
  },
  "MaxAbs": {
    "mean": 0.01756039448082447,
    "std": 0.011913308873772621,
    "median": 0.015072360634803772,
    "p05": 0.006818113848567009,
    "p95": 0.03891251981258392,
    "ci95": 0.0007383945340002508
  },
  "R2": {
    "mean": 0.9943464398384094,
    "std": 0.009413337334990501,
    "median": 0.9972506761550903,
    "p05": 0.9802731275558472,
    "p95": 0.9996037483215332,
    "ci95": 0.0005834446926965604
  }
}