{
  "N_test": 1000,
  "relL2": {
    "mean": 0.03567086160182953,
    "std": 0.02908957190811634,
    "median": 0.027867067605257034,
    "p05": 0.012822718359529972,
    "p95": 0.08297573775053024,
    "ci95": 0.0018029903464224
  },
  "MAE": {
    "mean": 0.008897392079234123,
    "std": 0.007874245755374432,
    "median": 0.006682869978249073,
    "p05": 0.0030732525046914816,
    "p95": 0.021562205627560616,
    "ci95": 0.0004880508082807665
  },
  "RMSE": {
    "mean": 0.010252008214592934,
    "std": 0.00830910261720419,
    "median": 0.007951807230710983,
    "p05": 0.003796546719968319,
    "p95": 0.025039568543434143,
    "ci95": 0.0005150035158156558
  },
  "MaxAbs": {
    "mean": 0.018237780779600143,
    "std": 0.011979569680988789,
    "median": 0.015177574008703232,
    "p05": 0.007467895280569792,
    "p95": 0.038810260593891144,
    "ci95": 0.0007425014213801772
  },
  "R2": {
    "mean": 0.9944689869880676,
    "std": 0.01705738715827465,
    "median": 0.9974416494369507,
    "p05": 0.9843159914016724,
    "p95": 0.9995177984237671,
    "ci95": 0.0010572278092885164
  }
}