{
  "N_test": 1000,
  "relL2": {
    "mean": 0.03197005018591881,
    "std": 0.022903593257069588,
    "median": 0.02563009411096573,
    "p05": 0.00994691252708435,
    "p95": 0.07652269303798676,
    "ci95": 0.00141957941737052
  },
  "MAE": {
    "mean": 0.007821653969585896,
    "std": 0.006620351690798998,
    "median": 0.00620811153203249,
    "p05": 0.003042360069230199,
    "p95": 0.015724675729870796,
    "ci95": 0.00041033364898372394
  },
  "RMSE": {
    "mean": 0.009178809821605682,
    "std": 0.007116237189620733,
    "median": 0.007631918415427208,
    "p05": 0.0037688377778977156,
    "p95": 0.017980467528104782,
    "ci95": 0.0004410689506282623
  },
  "MaxAbs": {
    "mean": 0.01718965359032154,
    "std": 0.010874616913497448,
    "median": 0.015158148482441902,
    "p05": 0.007468238938599825,
    "p95": 0.031272049993276596,
    "ci95": 0.000674015739317467
  },
  "R2": {
    "mean": 0.996084451675415,
    "std": 0.0056050182320177555,
    "median": 0.9979441165924072,
    "p05": 0.9862493872642517,
    "p95": 0.9997207522392273,
    "ci95": 0.0003474026292229458
  }
}