{
  "N_test": 1000,
  "relL2": {
    "mean": 0.031753335148096085,
    "std": 0.02303379774093628,
    "median": 0.025638539344072342,
    "p05": 0.009196353144943714,
    "p95": 0.07423868030309677,
    "ci95": 0.0014276495748899937
  },
  "MAE": {
    "mean": 0.00785733386874199,
    "std": 0.0063958121463656425,
    "median": 0.006064911372959614,
    "p05": 0.0024880559649318457,
    "p95": 0.018691804260015488,
    "ci95": 0.0003964165438340786
  },
  "RMSE": {
    "mean": 0.008716867305338383,
    "std": 0.0065763951279222965,
    "median": 0.006920119747519493,
    "p05": 0.0030633113346993923,
    "p95": 0.01915789023041725,
    "ci95": 0.0004076091929903895
  },
  "MaxAbs": {
    "mean": 0.014329825527966022,
    "std": 0.009011882357299328,
    "median": 0.01238396018743515,
    "p05": 0.0060384226962924,
    "p95": 0.027196284383535385,
    "ci95": 0.0005585622553892431
  },
  "R2": {
    "mean": 0.9960782527923584,
    "std": 0.005623969249427319,
    "median": 0.9980493187904358,
    "p05": 0.985044538974762,
    "p95": 0.9997254610061646,
    "ci95": 0.0003485772254511836
  }
}