{
  "N_test": 1000,
  "relL2": {
    "mean": 0.05041642114520073,
    "std": 0.027551500126719475,
    "median": 0.04504571855068207,
    "p05": 0.020869974046945572,
    "p95": 0.10062628239393234,
    "ci95": 0.0017076596697550848
  },
  "MAE": {
    "mean": 0.013759795576334,
    "std": 0.009676545858383179,
    "median": 0.011733490973711014,
    "p05": 0.0036887729074805975,
    "p95": 0.029285717755556107,
    "ci95": 0.0005997585259929756
  },
  "RMSE": {
    "mean": 0.015543060377240181,
    "std": 0.010508428327739239,
    "median": 0.01346419658511877,
    "p05": 0.004472374450415373,
    "p95": 0.032900743186473846,
    "ci95": 0.000651319135628091
  },
  "MaxAbs": {
    "mean": 0.026010803878307343,
    "std": 0.016208799555897713,
    "median": 0.02269001305103302,
    "p05": 0.008788155391812325,
    "p95": 0.05204903706908226,
    "ci95": 0.0010046318047817447
  },
  "R2": {
    "mean": 0.9898742437362671,
    "std": 0.016605621203780174,
    "median": 0.9941626787185669,
    "p05": 0.9709375500679016,
    "p95": 0.9987689852714539,
    "ci95": 0.001029227065332275
  }
}