{
  "N_test": 1000,
  "relL2": {
    "mean": 0.029987648129463196,
    "std": 0.019249433651566505,
    "median": 0.025476589798927307,
    "p05": 0.009060787968337536,
    "p95": 0.06670965254306793,
    "ci95": 0.001193092258541947
  },
  "MAE": {
    "mean": 0.007052418775856495,
    "std": 0.004017940256744623,
    "median": 0.00616101548075676,
    "p05": 0.00209278822876513,
    "p95": 0.014925924129784107,
    "ci95": 0.0002490345171903766
  },
  "RMSE": {
    "mean": 0.008110000751912594,
    "std": 0.004503398202359676,
    "median": 0.007257258985191584,
    "p05": 0.0025629447773098946,
    "p95": 0.0168161578476429,
    "ci95": 0.0002791235123912231
  },
  "MaxAbs": {
    "mean": 0.01394522376358509,
    "std": 0.0069535234943032265,
    "median": 0.01272273063659668,
    "p05": 0.0049353293143212795,
    "p95": 0.026003891602158546,
    "ci95": 0.0004309838513076248
  },
  "R2": {
    "mean": 0.9967772364616394,
    "std": 0.004376732744276524,
    "median": 0.9980646371841431,
    "p05": 0.9897807240486145,
    "p95": 0.9997476935386658,
    "ci95": 0.00027127270596236065
  }
}