{
  "N_test": 1000,
  "relL2": {
    "mean": 0.02805120125412941,
    "std": 0.019954314455389977,
    "median": 0.022467616945505142,
    "p05": 0.008786069229245186,
    "p95": 0.0646248459815979,
    "ci95": 0.0012367812233945918
  },
  "MAE": {
    "mean": 0.007393560837954283,
    "std": 0.006855442188680172,
    "median": 0.005558760836720467,
    "p05": 0.002531033242121339,
    "p95": 0.019720980897545815,
    "ci95": 0.0004249047090032469
  },
  "RMSE": {
    "mean": 0.008514500223100185,
    "std": 0.0073267612606287,
    "median": 0.0065834675915539265,
    "p05": 0.0031292291823774576,
    "p95": 0.021567953750491142,
    "ci95": 0.0004541173677351157
  },
  "MaxAbs": {
    "mean": 0.014852039515972137,
    "std": 0.010238743387162685,
    "median": 0.01261851191520691,
    "p05": 0.00633930042386055,
    "p95": 0.030982067808508873,
    "ci95": 0.0006346038898358572
  },
  "R2": {
    "mean": 0.996911883354187,
    "std": 0.00515414122492075,
    "median": 0.9983785152435303,
    "p05": 0.9899280071258545,
    "p95": 0.9997661113739014,
    "ci95": 0.0003194569827972276
  }
}