{
  "N_test": 1000,
  "relL2": {
    "mean": 0.03434402123093605,
    "std": 0.023626182228326797,
    "median": 0.02861684560775757,
    "p05": 0.010093099437654018,
    "p95": 0.0768696591258049,
    "ci95": 0.0014643659458118182
  },
  "MAE": {
    "mean": 0.009183797985315323,
    "std": 0.007933513261377811,
    "median": 0.006796642206609249,
    "p05": 0.0026847957633435726,
    "p95": 0.023925313726067543,
    "ci95": 0.0004917242463608508
  },
  "RMSE": {
    "mean": 0.010581307113170624,
    "std": 0.008669878356158733,
    "median": 0.007994139567017555,
    "p05": 0.0033126301132142544,
    "p95": 0.026740435510873795,
    "ci95": 0.000537364627784339
  },
  "MaxAbs": {
    "mean": 0.01802965998649597,
    "std": 0.012305141426622868,
    "median": 0.015074114315211773,
    "p05": 0.0066263009794056416,
    "p95": 0.038756392896175385,
    "ci95": 0.0007626805672369903
  },
  "R2": {
    "mean": 0.9957786798477173,
    "std": 0.006147932726889849,
    "median": 0.997470498085022,
    "p05": 0.9871379137039185,
    "p95": 0.999652087688446,
    "ci95": 0.00038105281824185193
  }
}