{
  "adam": {
    "final_loss": 0.07259944656193734,
    "final_l2_error": 0.03854662841258583,
    "final_h1_error": 0.35147023528389754,
    "training_time_seconds": 49.26113980007358
  },
  "engd": {
    "final_loss": 5.240951898827442e-09,
    "final_l2_error": 1.6446197633151377e-06,
    "final_h1_error": 2.394311704780226e-05,
    "training_time_seconds": 189.2514635999687
  },
  "gd": {
    "final_loss": 8.772597594997075,
    "final_l2_error": 0.12185123677813857,
    "final_h1_error": 1.0112241323461628,
    "training_time_seconds": 109.92950839991681
  },
  "precond": {
    "final_loss": 0.00012966378529858218,
    "final_l2_error": 0.001023498480997367,
    "final_h1_error": 0.005337642995856785,
    "training_time_seconds": 24.270278199808672
  }
}