{
  "N_test": 1000,
  "relL2": {
    "mean": 0.038705114275217056,
    "std": 0.021474869921803474,
    "median": 0.03380291908979416,
    "p05": 0.013918410055339336,
    "p95": 0.08333808183670044,
    "ci95": 0.0013310262276113236
  },
  "MAE": {
    "mean": 0.011193739250302315,
    "std": 0.00834170076996088,
    "median": 0.008957941085100174,
    "p05": 0.0031283206772059202,
    "p95": 0.026837367564439774,
    "ci95": 0.0005170239702560705
  },
  "RMSE": {
    "mean": 0.012321028858423233,
    "std": 0.00871544610708952,
    "median": 0.010197487659752369,
    "p05": 0.0036869607865810394,
    "p95": 0.028581036254763603,
    "ci95": 0.000540188946247873
  },
  "MaxAbs": {
    "mean": 0.02071176841855049,
    "std": 0.013529599644243717,
    "median": 0.017271243035793304,
    "p05": 0.0071146534755826,
    "p95": 0.04556138440966606,
    "ci95": 0.0008385732738378736
  },
  "R2": {
    "mean": 0.9932546019554138,
    "std": 0.009286263957619667,
    "median": 0.9965834021568298,
    "p05": 0.9753322601318359,
    "p95": 0.9995055794715881,
    "ci95": 0.0005755686031683065
  }
}