{
  "N_test": 1000,
  "relL2": {
    "mean": 0.029223766177892685,
    "std": 0.018582923337817192,
    "median": 0.02392701804637909,
    "p05": 0.011735263280570507,
    "p95": 0.0662136971950531,
    "ci95": 0.001151781521303298
  },
  "MAE": {
    "mean": 0.007491880562156439,
    "std": 0.004835379775613546,
    "median": 0.006451357621699572,
    "p05": 0.0025766855105757713,
    "p95": 0.014713511802256107,
    "ci95": 0.00029969994347991307
  },
  "RMSE": {
    "mean": 0.00867420993745327,
    "std": 0.005267433822154999,
    "median": 0.007512953132390976,
    "p05": 0.0031414928380399942,
    "p95": 0.016743987798690796,
    "ci95": 0.0003264789307234354
  },
  "MaxAbs": {
    "mean": 0.01528946403414011,
    "std": 0.007959255948662758,
    "median": 0.01371083129197359,
    "p05": 0.0060265990905463696,
    "p95": 0.02917221374809742,
    "ci95": 0.0004933197946491631
  },
  "R2": {
    "mean": 0.9964232444763184,
    "std": 0.005117298103868961,
    "median": 0.9982708692550659,
    "p05": 0.9865654110908508,
    "p95": 0.9996606707572937,
    "ci95": 0.00031717342249602175
  }
}