{
  "N_test": 1000,
  "relL2": {
    "mean": 0.029997628182172775,
    "std": 0.017958160489797592,
    "median": 0.026219267398118973,
    "p05": 0.010521860793232918,
    "p95": 0.06265830993652344,
    "ci95": 0.0011130583187982652
  },
  "MAE": {
    "mean": 0.00862183514982462,
    "std": 0.009268468245863914,
    "median": 0.005413992330431938,
    "p05": 0.002421438694000244,
    "p95": 0.02470269240438938,
    "ci95": 0.0005744656135263591
  },
  "RMSE": {
    "mean": 0.009771785698831081,
    "std": 0.009936884045600891,
    "median": 0.00652744434773922,
    "p05": 0.002976324176415801,
    "p95": 0.025908417999744415,
    "ci95": 0.0006158944540101107
  },
  "MaxAbs": {
    "mean": 0.017209073528647423,
    "std": 0.015204315073788166,
    "median": 0.01291726529598236,
    "p05": 0.005826904438436031,
    "p95": 0.043987005949020386,
    "ci95": 0.0009423732115616326
  },
  "R2": {
    "mean": 0.9962840676307678,
    "std": 0.006051318254321814,
    "median": 0.9980171918869019,
    "p05": 0.9875712394714355,
    "p95": 0.9996681213378906,
    "ci95": 0.0003750645911921353
  }
}