{
  "N_test": 1000,
  "relL2": {
    "mean": 0.04216056317090988,
    "std": 0.034054625779390335,
    "median": 0.03368338197469711,
    "p05": 0.013437235727906227,
    "p95": 0.10018903017044067,
    "ci95": 0.0021107275736201806
  },
  "MAE": {
    "mean": 0.010296584106981754,
    "std": 0.0070889778435230255,
    "median": 0.008639486506581306,
    "p05": 0.002670178422704339,
    "p95": 0.023630326613783836,
    "ci95": 0.0004393793988528289
  },
  "RMSE": {
    "mean": 0.011482862755656242,
    "std": 0.007363869808614254,
    "median": 0.009841468185186386,
    "p05": 0.0032157970126718283,
    "p95": 0.025366470217704773,
    "ci95": 0.00045641737936811736
  },
  "MaxAbs": {
    "mean": 0.018420469015836716,
    "std": 0.010210905224084854,
    "median": 0.015974044799804688,
    "p05": 0.0062821973115205765,
    "p95": 0.03730640560388565,
    "ci95": 0.0006328784626123147
  },
  "R2": {
    "mean": 0.992483377456665,
    "std": 0.014344842173159122,
    "median": 0.9967272877693176,
    "p05": 0.9718381762504578,
    "p95": 0.9995890855789185,
    "ci95": 0.0008891025292793174
  }
}