{
  "N_test": 1000,
  "relL2": {
    "mean": 0.0454665906727314,
    "std": 0.0383865050971508,
    "median": 0.03449976444244385,
    "p05": 0.01051024254411459,
    "p95": 0.12261610478162766,
    "ci95": 0.0023792202354049282
  },
  "MAE": {
    "mean": 0.009246442466974258,
    "std": 0.006004727445542812,
    "median": 0.008035530336201191,
    "p05": 0.00324602285400033,
    "p95": 0.01892845518887043,
    "ci95": 0.0003721768629462235
  },
  "RMSE": {
    "mean": 0.011214197613298893,
    "std": 0.0068829357624053955,
    "median": 0.009699948132038116,
    "p05": 0.0039886850863695145,
    "p95": 0.022585060447454453,
    "ci95": 0.00042660877835744044
  },
  "MaxAbs": {
    "mean": 0.021147243678569794,
    "std": 0.012244787067174911,
    "median": 0.018086222931742668,
    "p05": 0.007956785149872303,
    "p95": 0.043927766382694244,
    "ci95": 0.0007589397652824998
  },
  "R2": {
    "mean": 0.991942286491394,
    "std": 0.01439412496984005,
    "median": 0.9963811635971069,
    "p05": 0.9702325463294983,
    "p95": 0.9995984435081482,
    "ci95": 0.0008921571086640219
  }
}