{
  "N_test": 1000,
  "relL2": {
    "mean": 0.04333078861236572,
    "std": 0.034682661294937134,
    "median": 0.03293609991669655,
    "p05": 0.012414206750690937,
    "p95": 0.10964567959308624,
    "ci95": 0.0021496536181600575
  },
  "MAE": {
    "mean": 0.01021055318415165,
    "std": 0.006939444690942764,
    "median": 0.008635095320641994,
    "p05": 0.003884746227413416,
    "p95": 0.022286519408226013,
    "ci95": 0.0004301112380347904
  },
  "RMSE": {
    "mean": 0.01196299958974123,
    "std": 0.007611670531332493,
    "median": 0.010257763788104057,
    "p05": 0.004677643999457359,
    "p95": 0.025026831775903702,
    "ci95": 0.00047177622728477653
  },
  "MaxAbs": {
    "mean": 0.02204332873225212,
    "std": 0.01241703424602747,
    "median": 0.019375158473849297,
    "p05": 0.009132113307714462,
    "p95": 0.04331868514418602,
    "ci95": 0.0007696157560344644
  },
  "R2": {
    "mean": 0.9928380250930786,
    "std": 0.011631650850176811,
    "median": 0.9965254068374634,
    "p05": 0.9754511713981628,
    "p95": 0.9994698166847229,
    "ci95": 0.0007209371888340962
  }
}