{
  "N_test": 1000,
  "relL2": {
    "mean": 0.031442299485206604,
    "std": 0.02127986028790474,
    "median": 0.02605525404214859,
    "p05": 0.009053369984030724,
    "p95": 0.07213471829891205,
    "ci95": 0.00131893940527893
  },
  "MAE": {
    "mean": 0.008401433937251568,
    "std": 0.007644963450729847,
    "median": 0.005945720709860325,
    "p05": 0.0027076485566794872,
    "p95": 0.02193443290889263,
    "ci95": 0.0004738397438077165
  },
  "RMSE": {
    "mean": 0.009591124020516872,
    "std": 0.008184506557881832,
    "median": 0.007192646153271198,
    "p05": 0.0033805849961936474,
    "p95": 0.023542098701000214,
    "ci95": 0.0005072809720508298
  },
  "MaxAbs": {
    "mean": 0.016799937933683395,
    "std": 0.012112636119127274,
    "median": 0.01376408338546753,
    "p05": 0.006654903292655945,
    "p95": 0.03741006925702095,
    "ci95": 0.0007507489646631899
  },
  "R2": {
    "mean": 0.9962142109870911,
    "std": 0.006334494333714247,
    "median": 0.9979366064071655,
    "p05": 0.9871491193771362,
    "p95": 0.9996828436851501,
    "ci95": 0.00039261602643136777
  }
}