{
  "N_test": 1000,
  "relL2": {
    "mean": 0.03584439679980278,
    "std": 0.02662348933517933,
    "median": 0.0279376357793808,
    "p05": 0.010414699092507362,
    "p95": 0.09053176641464233,
    "ci95": 0.0016501409649832262
  },
  "MAE": {
    "mean": 0.008537858724594116,
    "std": 0.005043544806540012,
    "median": 0.0076423934660851955,
    "p05": 0.003029290586709976,
    "p95": 0.0164034366607666,
    "ci95": 0.00031260214576768274
  },
  "RMSE": {
    "mean": 0.009869386442005634,
    "std": 0.005568946711719036,
    "median": 0.00888659805059433,
    "p05": 0.003578688483685255,
    "p95": 0.018851280212402344,
    "ci95": 0.0003451668932318904
  },
  "MaxAbs": {
    "mean": 0.017210843041539192,
    "std": 0.008907975628972054,
    "median": 0.01526469737291336,
    "p05": 0.006899481639266014,
    "p95": 0.032619159668684006,
    "ci95": 0.0005521220496449247
  },
  "R2": {
    "mean": 0.995180070400238,
    "std": 0.007558526936918497,
    "median": 0.9974944591522217,
    "p05": 0.9825592041015625,
    "p95": 0.9996082782745361,
    "ci95": 0.00046848235317740653
  }
}