{
  "N_test": 1000,
  "relL2": {
    "mean": 0.03318319097161293,
    "std": 0.023041967302560806,
    "median": 0.026851877570152283,
    "p05": 0.009615691378712654,
    "p95": 0.07760559022426605,
    "ci95": 0.0014281559295654786
  },
  "MAE": {
    "mean": 0.00834808312356472,
    "std": 0.006620859261602163,
    "median": 0.006780010182410479,
    "p05": 0.002905825152993202,
    "p95": 0.01821131445467472,
    "ci95": 0.0004103651085480353
  },
  "RMSE": {
    "mean": 0.009619279764592648,
    "std": 0.007170360069721937,
    "median": 0.00801895558834076,
    "p05": 0.003580093150958419,
    "p95": 0.02161363884806633,
    "ci95": 0.00044442352149136327
  },
  "MaxAbs": {
    "mean": 0.017051715403795242,
    "std": 0.010776425711810589,
    "median": 0.01465914398431778,
    "p05": 0.007516912650316954,
    "p95": 0.0344533771276474,
    "ci95": 0.0006679297855844859
  },
  "R2": {
    "mean": 0.9954239726066589,
    "std": 0.009916892275214195,
    "median": 0.997753918170929,
    "p05": 0.9845383167266846,
    "p95": 0.9996916055679321,
    "ci95": 0.000614655351244042
  }
}