{
  "N_test": 1000,
  "relL2": {
    "mean": 0.03790152072906494,
    "std": 0.027128808200359344,
    "median": 0.03102215752005577,
    "p05": 0.010888619348406792,
    "p95": 0.09582412242889404,
    "ci95": 0.0016814609527321862
  },
  "MAE": {
    "mean": 0.010735084302723408,
    "std": 0.010359901934862137,
    "median": 0.007152711972594261,
    "p05": 0.0028623281978070736,
    "p95": 0.030867012217640877,
    "ci95": 0.0006421133744229341
  },
  "RMSE": {
    "mean": 0.012101398780941963,
    "std": 0.011238602921366692,
    "median": 0.00836563017219305,
    "p05": 0.0034909152891486883,
    "p95": 0.033754587173461914,
    "ci95": 0.0006965758258149231
  },
  "MaxAbs": {
    "mean": 0.02085164748132229,
    "std": 0.017646025866270065,
    "median": 0.015461945906281471,
    "p05": 0.00691923638805747,
    "p95": 0.05497293919324875,
    "ci95": 0.0010937120143981204
  },
  "R2": {
    "mean": 0.9939722418785095,
    "std": 0.009080633521080017,
    "median": 0.9971755743026733,
    "p05": 0.9761318564414978,
    "p95": 0.9996276497840881,
    "ci95": 0.0005628234966681944
  }
}