{
  "N_test": 1000,
  "relL2": {
    "mean": 0.03104633092880249,
    "std": 0.023266442120075226,
    "median": 0.024708300828933716,
    "p05": 0.008042613975703716,
    "p95": 0.07805515825748444,
    "ci95": 0.0014420690228991245
  },
  "MAE": {
    "mean": 0.0068186987191438675,
    "std": 0.004541376139968634,
    "median": 0.0058157118037343025,
    "p05": 0.00235236925072968,
    "p95": 0.01399423647671938,
    "ci95": 0.0002814774093513525
  },
  "RMSE": {
    "mean": 0.007822264917194843,
    "std": 0.004786801990121603,
    "median": 0.006809457205235958,
    "p05": 0.002912749769166112,
    "p95": 0.015229119919240475,
    "ci95": 0.0002966890611414173
  },
  "MaxAbs": {
    "mean": 0.014083902351558208,
    "std": 0.007516934536397457,
    "median": 0.012702550739049911,
    "p05": 0.005648075137287378,
    "p95": 0.025431456044316292,
    "ci95": 0.0004659044294849975
  },
  "R2": {
    "mean": 0.9964511394500732,
    "std": 0.005025948863476515,
    "median": 0.9981617331504822,
    "p05": 0.9870044589042664,
    "p95": 0.9997925162315369,
    "ci95": 0.00031151153791756064
  }
}