{
  "N_test": 1000,
  "relL2": {
    "mean": 0.04617133364081383,
    "std": 0.034673143178224564,
    "median": 0.03740204870700836,
    "p05": 0.013299811631441116,
    "p95": 0.11501231789588928,
    "ci95": 0.002149063679174256
  },
  "MAE": {
    "mean": 0.011241096071898937,
    "std": 0.00769773731008172,
    "median": 0.009314518421888351,
    "p05": 0.0029666193295270205,
    "p95": 0.025196261703968048,
    "ci95": 0.0004771107014985147
  },
  "RMSE": {
    "mean": 0.012550477869808674,
    "std": 0.00822493713349104,
    "median": 0.010728388093411922,
    "p05": 0.003585044527426362,
    "p95": 0.027284711599349976,
    "ci95": 0.00050978688508915
  },
  "MaxAbs": {
    "mean": 0.019768131896853447,
    "std": 0.012263219803571701,
    "median": 0.016887133941054344,
    "p05": 0.006600323598831892,
    "p95": 0.04144671559333801,
    "ci95": 0.0007600822381207573
  },
  "R2": {
    "mean": 0.9915097951889038,
    "std": 0.01363650243729353,
    "median": 0.9957972764968872,
    "p05": 0.9682824015617371,
    "p95": 0.9994940757751465,
    "ci95": 0.0008451991775975857
  }
}