{
  "N_test": 1000,
  "relL2": {
    "mean": 0.04152974113821983,
    "std": 0.032066114246845245,
    "median": 0.032579049468040466,
    "p05": 0.010907911695539951,
    "p95": 0.10168131440877914,
    "ci95": 0.001987478351931632
  },
  "MAE": {
    "mean": 0.009409595280885696,
    "std": 0.005541757680475712,
    "median": 0.008379917591810226,
    "p05": 0.003697245381772518,
    "p95": 0.017988942563533783,
    "ci95": 0.00034348169961628366
  },
  "RMSE": {
    "mean": 0.011154480278491974,
    "std": 0.006252715829759836,
    "median": 0.009930023923516273,
    "p05": 0.004532098304480314,
    "p95": 0.020868904888629913,
    "ci95": 0.00038754734224308215
  },
  "MaxAbs": {
    "mean": 0.021276559680700302,
    "std": 0.010795632377266884,
    "median": 0.019132375717163086,
    "p05": 0.008781365118920803,
    "p95": 0.04130718111991882,
    "ci95": 0.0006691202270428219
  },
  "R2": {
    "mean": 0.9925867915153503,
    "std": 0.022505011409521103,
    "median": 0.9965474605560303,
    "p05": 0.9776350259780884,
    "p95": 0.999590277671814,
    "ci95": 0.0013948750585143963
  }
}