{
  "N_test": 1000,
  "relL2": {
    "mean": 0.08949802815914154,
    "std": 0.06922327727079391,
    "median": 0.07077635079622269,
    "p05": 0.023236948996782303,
    "p95": 0.2222205102443695,
    "ci95": 0.004290503176230634
  },
  "MAE": {
    "mean": 0.02151886746287346,
    "std": 0.013321436010301113,
    "median": 0.018062595278024673,
    "p05": 0.007636187598109245,
    "p95": 0.04568103328347206,
    "ci95": 0.0008256711581360608
  },
  "RMSE": {
    "mean": 0.02475224807858467,
    "std": 0.014823335222899914,
    "median": 0.021334948018193245,
    "p05": 0.009066752158105373,
    "p95": 0.05053813010454178,
    "ci95": 0.0009187598357614438
  },
  "MaxAbs": {
    "mean": 0.042266104370355606,
    "std": 0.023420264944434166,
    "median": 0.03711104765534401,
    "p05": 0.01587310992181301,
    "p95": 0.08510047197341919,
    "ci95": 0.0014516030603285723
  },
  "R2": {
    "mean": 0.9699102640151978,
    "std": 0.055578481405973434,
    "median": 0.9855091571807861,
    "p05": 0.8876979351043701,
    "p95": 0.9977693557739258,
    "ci95": 0.0034447899666693914
  }
}