{
  "N_test": 1000,
  "relL2": {
    "mean": 0.041396159678697586,
    "std": 0.036381907761096954,
    "median": 0.03037170320749283,
    "p05": 0.009078959934413433,
    "p95": 0.11223220080137253,
    "ci95": 0.00225497400528558
  },
  "MAE": {
    "mean": 0.009673930704593658,
    "std": 0.006303338333964348,
    "median": 0.008611224591732025,
    "p05": 0.002741888165473938,
    "p95": 0.019998464733362198,
    "ci95": 0.0003906849575603772
  },
  "RMSE": {
    "mean": 0.010997886769473553,
    "std": 0.006852081045508385,
    "median": 0.009672611020505428,
    "p05": 0.003268045838922262,
    "p95": 0.02261911891400814,
    "ci95": 0.0004246963831911374
  },
  "MaxAbs": {
    "mean": 0.01803005486726761,
    "std": 0.00988048780709505,
    "median": 0.016291243955492973,
    "p05": 0.006340489722788334,
    "p95": 0.03526219725608826,
    "ci95": 0.0006123989789332778
  },
  "R2": {
    "mean": 0.9930354952812195,
    "std": 0.012549768202006817,
    "median": 0.9969475269317627,
    "p05": 0.9731080532073975,
    "p95": 0.9997534155845642,
    "ci95": 0.0007778426918597538
  }
}