{
  "N_test": 1000,
  "relL2": {
    "mean": 0.029550716280937195,
    "std": 0.017541907727718353,
    "median": 0.02536214515566826,
    "p05": 0.011661267839372158,
    "p95": 0.06056869029998779,
    "ci95": 0.0010872587053123365
  },
  "MAE": {
    "mean": 0.009182420559227467,
    "std": 0.009476211853325367,
    "median": 0.0060602473095059395,
    "p05": 0.002460742834955454,
    "p95": 0.02386767603456974,
    "ci95": 0.0005873416957171547
  },
  "RMSE": {
    "mean": 0.010178236290812492,
    "std": 0.009806481190025806,
    "median": 0.007072171196341515,
    "p05": 0.0030306591652333736,
    "p95": 0.025767946615815163,
    "ci95": 0.0006078120012847686
  },
  "MaxAbs": {
    "mean": 0.016189295798540115,
    "std": 0.012523920275270939,
    "median": 0.012783346697688103,
    "p05": 0.006005582865327597,
    "p95": 0.03659946843981743,
    "ci95": 0.0007762406207626945
  },
  "R2": {
    "mean": 0.9960340857505798,
    "std": 0.006254894658923149,
    "median": 0.9980983734130859,
    "p05": 0.9854081869125366,
    "p95": 0.99967360496521,
    "ci95": 0.0003876823874737361
  }
}