{
  "N_test": 1000,
  "relL2": {
    "mean": 0.07332280278205872,
    "std": 0.0626329556107521,
    "median": 0.05632944032549858,
    "p05": 0.017827995121479034,
    "p95": 0.19207410514354706,
    "ci95": 0.0038820308078367028
  },
  "MAE": {
    "mean": 0.018070301041007042,
    "std": 0.012789972126483917,
    "median": 0.01486789807677269,
    "p05": 0.005372587591409683,
    "p95": 0.04154716432094574,
    "ci95": 0.0007927306853432245
  },
  "RMSE": {
    "mean": 0.020312197506427765,
    "std": 0.013548055663704872,
    "median": 0.01700424775481224,
    "p05": 0.006402611266821623,
    "p95": 0.04308367520570755,
    "ci95": 0.0008397171897754114
  },
  "MaxAbs": {
    "mean": 0.03430578112602234,
    "std": 0.02019497938454151,
    "median": 0.029417825862765312,
    "p05": 0.012903905473649502,
    "p95": 0.06716244667768478,
    "ci95": 0.0012516977902438133
  },
  "R2": {
    "mean": 0.9764782786369324,
    "std": 0.050744738429784775,
    "median": 0.9904844760894775,
    "p05": 0.9160621762275696,
    "p95": 0.998759925365448,
    "ci95": 0.0031451914730688865
  }
}