{
  "N_test": 1000,
  "relL2": {
    "mean": 0.045172709971666336,
    "std": 0.03356226533651352,
    "median": 0.03510790690779686,
    "p05": 0.012814213521778584,
    "p95": 0.11434800177812576,
    "ci95": 0.0020802107572066852
  },
  "MAE": {
    "mean": 0.011881140060722828,
    "std": 0.01053016446530819,
    "median": 0.008986953645944595,
    "p05": 0.0034015930723398924,
    "p95": 0.028921648859977722,
    "ci95": 0.0006526663553922426
  },
  "RMSE": {
    "mean": 0.013642380014061928,
    "std": 0.011498845182359219,
    "median": 0.010722539387643337,
    "p05": 0.004301279783248901,
    "p95": 0.03215092420578003,
    "ci95": 0.0007127058082630232
  },
  "MaxAbs": {
    "mean": 0.023643089458346367,
    "std": 0.01718289777636528,
    "median": 0.019172027707099915,
    "p05": 0.008208490908145905,
    "p95": 0.051852304488420486,
    "ci95": 0.0010650070379930742
  },
  "R2": {
    "mean": 0.9917899370193481,
    "std": 0.01331546064466238,
    "median": 0.9961467981338501,
    "p05": 0.9664461612701416,
    "p95": 0.9994472861289978,
    "ci95": 0.000825300801136755
  }
}