{
  "N_test": 1000,
  "relL2": {
    "mean": 0.038532767444849014,
    "std": 0.027504291385412216,
    "median": 0.030317479744553566,
    "p05": 0.013502619229257107,
    "p95": 0.08766287565231323,
    "ci95": 0.0017047336416542728
  },
  "MAE": {
    "mean": 0.010036211460828781,
    "std": 0.009150730445981026,
    "median": 0.0076339393854141235,
    "p05": 0.003506538923829794,
    "p95": 0.022853342816233635,
    "ci95": 0.0005671681490855492
  },
  "RMSE": {
    "mean": 0.011674245819449425,
    "std": 0.009805181063711643,
    "median": 0.009348729625344276,
    "p05": 0.004330876283347607,
    "p95": 0.02498387172818184,
    "ci95": 0.0006077314186209546
  },
  "MaxAbs": {
    "mean": 0.021539220586419106,
    "std": 0.014460231177508831,
    "median": 0.018467843532562256,
    "p05": 0.008828697726130486,
    "p95": 0.04397062212228775,
    "ci95": 0.000896254413864727
  },
  "R2": {
    "mean": 0.9935640692710876,
    "std": 0.013788254000246525,
    "median": 0.9971670508384705,
    "p05": 0.9774483442306519,
    "p95": 0.9994685053825378,
    "ci95": 0.0008546048369150549
  }
}