{
  "N_test": 1000,
  "relL2": {
    "mean": 0.03915976732969284,
    "std": 0.02563636749982834,
    "median": 0.032549746334552765,
    "p05": 0.012419071979820728,
    "p95": 0.09138301759958267,
    "ci95": 0.0015889585197584473
  },
  "MAE": {
    "mean": 0.011099735274910927,
    "std": 0.009615784510970116,
    "median": 0.008328989148139954,
    "p05": 0.003098977729678154,
    "p95": 0.025788262486457825,
    "ci95": 0.0005959924986630649
  },
  "RMSE": {
    "mean": 0.012303642928600311,
    "std": 0.009982586838304996,
    "median": 0.009502239525318146,
    "p05": 0.0038648629561066628,
    "p95": 0.02791881561279297,
    "ci95": 0.0006187271424494706
  },
  "MaxAbs": {
    "mean": 0.019283996894955635,
    "std": 0.012494713068008423,
    "median": 0.01643696427345276,
    "p05": 0.007563342340290546,
    "p95": 0.0396871417760849,
    "ci95": 0.0007744303393014682
  },
  "R2": {
    "mean": 0.9933341145515442,
    "std": 0.011513680219650269,
    "median": 0.9967705011367798,
    "p05": 0.9778919219970703,
    "p95": 0.9995464086532593,
    "ci95": 0.000713625293400483
  }
}