{
  "N_test": 1000,
  "relL2": {
    "mean": 0.03166084364056587,
    "std": 0.01778891123831272,
    "median": 0.027023762464523315,
    "p05": 0.012116482481360435,
    "p95": 0.06720792502164841,
    "ci95": 0.0011025681415096369
  },
  "MAE": {
    "mean": 0.009156007319688797,
    "std": 0.008786712773144245,
    "median": 0.006702250335365534,
    "p05": 0.002684102626517415,
    "p95": 0.021890899166464806,
    "ci95": 0.0005446060999730718
  },
  "RMSE": {
    "mean": 0.01038219965994358,
    "std": 0.009154620580375195,
    "median": 0.007874224334955215,
    "p05": 0.0032865162938833237,
    "p95": 0.024119339883327484,
    "ci95": 0.0005674092621133079
  },
  "MaxAbs": {
    "mean": 0.017269138246774673,
    "std": 0.012153361923992634,
    "median": 0.014186263084411621,
    "p05": 0.0065100486390292645,
    "p95": 0.035584524273872375,
    "ci95": 0.0007532731762003847
  },
  "R2": {
    "mean": 0.9956933856010437,
    "std": 0.00593990134075284,
    "median": 0.9977047443389893,
    "p05": 0.9844502210617065,
    "p95": 0.999670684337616,
    "ci95": 0.00036815889934395146
  }
}