{
  "N_test": 1000,
  "relL2": {
    "mean": 0.02536012977361679,
    "std": 0.01772305555641651,
    "median": 0.02026122808456421,
    "p05": 0.008322839625179768,
    "p95": 0.05643649026751518,
    "ci95": 0.0010984863640571886
  },
  "MAE": {
    "mean": 0.0067109898664057255,
    "std": 0.005765047390013933,
    "median": 0.005376754328608513,
    "p05": 0.0019715616945177317,
    "p95": 0.015691079199314117,
    "ci95": 0.0003573213391965604
  },
  "RMSE": {
    "mean": 0.007689411751925945,
    "std": 0.006146878469735384,
    "median": 0.006166517734527588,
    "p05": 0.0024467785842716694,
    "p95": 0.017022378742694855,
    "ci95": 0.0003809874747064383
  },
  "MaxAbs": {
    "mean": 0.013498836196959019,
    "std": 0.008744960650801659,
    "median": 0.011749692261219025,
    "p05": 0.005121201276779175,
    "p95": 0.02719961106777191,
    "ci95": 0.0005420182766195997
  },
  "R2": {
    "mean": 0.9970813989639282,
    "std": 0.006277723703533411,
    "median": 0.9987429976463318,
    "p05": 0.989551842212677,
    "p95": 0.999803900718689,
    "ci95": 0.0003890973463181069
  }
}