{
  "N_test": 1000,
  "relL2": {
    "mean": 0.034980230033397675,
    "std": 0.02919788844883442,
    "median": 0.02710612118244171,
    "p05": 0.00794088002294302,
    "p95": 0.09093640744686127,
    "ci95": 0.0018097038751704142
  },
  "MAE": {
    "mean": 0.008130139671266079,
    "std": 0.0054863072000443935,
    "median": 0.006846210919320583,
    "p05": 0.002771758008748293,
    "p95": 0.016729651018977165,
    "ci95": 0.00034004484323221784
  },
  "RMSE": {
    "mean": 0.009178526699543,
    "std": 0.0058370064944028854,
    "median": 0.007927073165774345,
    "p05": 0.003329594386741519,
    "p95": 0.01776021160185337,
    "ci95": 0.00036178141069435665
  },
  "MaxAbs": {
    "mean": 0.015390622429549694,
    "std": 0.008313695900142193,
    "median": 0.014009621925652027,
    "p05": 0.006461209151893854,
    "p95": 0.028068114072084427,
    "ci95": 0.0005152882104416808
  },
  "R2": {
    "mean": 0.9943431615829468,
    "std": 0.013895226642489433,
    "median": 0.9979201555252075,
    "p05": 0.9794101715087891,
    "p95": 0.9997647404670715,
    "ci95": 0.0008612350699726079
  }
}