{
  "N_test": 1000,
  "relL2": {
    "mean": 0.02868906781077385,
    "std": 0.018812786787748337,
    "median": 0.023806285113096237,
    "p05": 0.010009954683482647,
    "p95": 0.06527554243803024,
    "ci95": 0.0011660286055343854
  },
  "MAE": {
    "mean": 0.0074745663441717625,
    "std": 0.006710906978696585,
    "median": 0.00576218543574214,
    "p05": 0.0027689298149198294,
    "p95": 0.018068751320242882,
    "ci95": 0.00041594632387672556
  },
  "RMSE": {
    "mean": 0.008701826445758343,
    "std": 0.007222290150821209,
    "median": 0.006980870384722948,
    "p05": 0.0033777207136154175,
    "p95": 0.019938774406909943,
    "ci95": 0.0004476421812642421
  },
  "MaxAbs": {
    "mean": 0.01571143977344036,
    "std": 0.010849136859178543,
    "median": 0.01336827501654625,
    "p05": 0.006615575402975082,
    "p95": 0.033662211149930954,
    "ci95": 0.000672436469189037
  },
  "R2": {
    "mean": 0.9967186450958252,
    "std": 0.004843108355998993,
    "median": 0.998108983039856,
    "p05": 0.9898423552513123,
    "p95": 0.9997404217720032,
    "ci95": 0.0003001789658550283
  }
}