{
  "N_test": 1000,
  "relL2": {
    "mean": 0.03106534108519554,
    "std": 0.019060777500271797,
    "median": 0.026984699070453644,
    "p05": 0.010949959047138691,
    "p95": 0.06777022778987885,
    "ci95": 0.0011813992291411718
  },
  "MAE": {
    "mean": 0.007654083427041769,
    "std": 0.005468329414725304,
    "median": 0.006680347956717014,
    "p05": 0.0031236906070262194,
    "p95": 0.013829408213496208,
    "ci95": 0.0003389305685538981
  },
  "RMSE": {
    "mean": 0.009062341414391994,
    "std": 0.00585609907284379,
    "median": 0.008019812405109406,
    "p05": 0.0038689158391207457,
    "p95": 0.016094893217086792,
    "ci95": 0.00036296478096621885
  },
  "MaxAbs": {
    "mean": 0.017021529376506805,
    "std": 0.008928537368774414,
    "median": 0.015546396374702454,
    "p05": 0.007969701662659645,
    "p95": 0.02943793125450611,
    "ci95": 0.0005533964794813762
  },
  "R2": {
    "mean": 0.996117353439331,
    "std": 0.00776479160413146,
    "median": 0.9978351593017578,
    "p05": 0.9878038167953491,
    "p95": 0.9996382594108582,
    "ci95": 0.00048126676970191505
  }
}