{
  "N_test": 1000,
  "relL2": {
    "mean": 0.03957201540470123,
    "std": 0.026253720745444298,
    "median": 0.03371202200651169,
    "p05": 0.0104093411937356,
    "p95": 0.08688519150018692,
    "ci95": 0.0016272224703485056
  },
  "MAE": {
    "mean": 0.01118241436779499,
    "std": 0.010274648666381836,
    "median": 0.008074050769209862,
    "p05": 0.002743382938206196,
    "p95": 0.030397681519389153,
    "ci95": 0.000636829322098051
  },
  "RMSE": {
    "mean": 0.012701517902314663,
    "std": 0.011148360557854176,
    "median": 0.0096199419349432,
    "p05": 0.0033831193577498198,
    "p95": 0.034181639552116394,
    "ci95": 0.0006909825461762491
  },
  "MaxAbs": {
    "mean": 0.02179660275578499,
    "std": 0.017104020342230797,
    "median": 0.017689190804958344,
    "p05": 0.006916102021932602,
    "p95": 0.052145250141620636,
    "ci95": 0.0010601181639751187
  },
  "R2": {
    "mean": 0.9935239553451538,
    "std": 0.008575285784900188,
    "median": 0.9965343475341797,
    "p05": 0.9773589372634888,
    "p95": 0.9996474385261536,
    "ci95": 0.000531501719476127
  }
}