{
  "N_test": 1000,
  "relL2": {
    "mean": 0.03663359954953194,
    "std": 0.024257870391011238,
    "median": 0.03008309379220009,
    "p05": 0.011963204480707645,
    "p95": 0.08016274124383926,
    "ci95": 0.0015035183837667945
  },
  "MAE": {
    "mean": 0.00916765071451664,
    "std": 0.006176759954541922,
    "median": 0.007933730259537697,
    "p05": 0.003289147512987256,
    "p95": 0.017773181200027466,
    "ci95": 0.00038283954832282323
  },
  "RMSE": {
    "mean": 0.010589121840894222,
    "std": 0.006747349631041288,
    "median": 0.009283754974603653,
    "p05": 0.003923698794096708,
    "p95": 0.019786538556218147,
    "ci95": 0.00041820506287030954
  },
  "MaxAbs": {
    "mean": 0.018407946452498436,
    "std": 0.01008659414947033,
    "median": 0.016940638422966003,
    "p05": 0.007618740200996399,
    "p95": 0.032656557857990265,
    "ci95": 0.0006251735823826799
  },
  "R2": {
    "mean": 0.9948102235794067,
    "std": 0.006220218725502491,
    "median": 0.9971152544021606,
    "p05": 0.9824874997138977,
    "p95": 0.999588131904602,
    "ci95": 0.00038553315085354414
  }
}