{
  "N_test": 1000,
  "relL2": {
    "mean": 0.0540897510945797,
    "std": 0.05050854757428169,
    "median": 0.038669370114803314,
    "p05": 0.014209972694516182,
    "p95": 0.14992454648017883,
    "ci95": 0.003130552212177374
  },
  "MAE": {
    "mean": 0.011451623402535915,
    "std": 0.006515707354992628,
    "median": 0.010138416662812233,
    "p05": 0.003948078956454992,
    "p95": 0.023394498974084854,
    "ci95": 0.0004038477258542046
  },
  "RMSE": {
    "mean": 0.01286864373832941,
    "std": 0.006752313114702702,
    "median": 0.011715862900018692,
    "p05": 0.004807403311133385,
    "p95": 0.02488003671169281,
    "ci95": 0.0004185127027748919
  },
  "MaxAbs": {
    "mean": 0.02077941969037056,
    "std": 0.00954641867429018,
    "median": 0.01901867240667343,
    "p05": 0.008909843862056732,
    "p95": 0.03898060321807861,
    "ci95": 0.0005916931595631126
  },
  "R2": {
    "mean": 0.9868091940879822,
    "std": 0.032809291034936905,
    "median": 0.995659351348877,
    "p05": 0.948269248008728,
    "p95": 0.9994000196456909,
    "ci95": 0.0020335409264805758
  }
}