{
  "N_test": 1000,
  "relL2": {
    "mean": 0.03948415443301201,
    "std": 0.029479995369911194,
    "median": 0.031024795025587082,
    "p05": 0.012707662768661976,
    "p95": 0.09148333221673965,
    "ci95": 0.0018271890432906934
  },
  "MAE": {
    "mean": 0.010057700797915459,
    "std": 0.008264612406492233,
    "median": 0.007758772931993008,
    "p05": 0.0036585330963134766,
    "p95": 0.023408396169543266,
    "ci95": 0.0005122459839868161
  },
  "RMSE": {
    "mean": 0.011646822094917297,
    "std": 0.008829685859382153,
    "median": 0.00922951940447092,
    "p05": 0.004480401985347271,
    "p95": 0.02675708755850792,
    "ci95": 0.0005472695994528049
  },
  "MaxAbs": {
    "mean": 0.0211399644613266,
    "std": 0.013414578512310982,
    "median": 0.017769278958439827,
    "p05": 0.00857237633317709,
    "p95": 0.0440831333398819,
    "ci95": 0.0008314441902210934
  },
  "R2": {
    "mean": 0.9931714534759521,
    "std": 0.013350187800824642,
    "median": 0.9970669746398926,
    "p05": 0.9747322201728821,
    "p95": 0.9995332360267639,
    "ci95": 0.0008274532125753638
  }
}