{
  "N_test": 1000,
  "relL2": {
    "mean": 0.052262354642152786,
    "std": 0.035667285323143005,
    "median": 0.042867518961429596,
    "p05": 0.01795228384435177,
    "p95": 0.11904934048652649,
    "ci95": 0.0022106812476940423
  },
  "MAE": {
    "mean": 0.014281841926276684,
    "std": 0.011318604461848736,
    "median": 0.010907808318734169,
    "p05": 0.004428887739777565,
    "p95": 0.034012869000434875,
    "ci95": 0.0007015343726661335
  },
  "RMSE": {
    "mean": 0.01610768586397171,
    "std": 0.011955161578953266,
    "median": 0.012713109143078327,
    "p05": 0.005210561212152243,
    "p95": 0.03663214296102524,
    "ci95": 0.0007409885915426139
  },
  "MaxAbs": {
    "mean": 0.02729775570333004,
    "std": 0.01728140003979206,
    "median": 0.022949695587158203,
    "p05": 0.010163966566324234,
    "p95": 0.06011761352419853,
    "ci95": 0.0010711122715324406
  },
  "R2": {
    "mean": 0.989072322845459,
    "std": 0.017666565254330635,
    "median": 0.9946975708007812,
    "p05": 0.9615612626075745,
    "p95": 0.998919665813446,
    "ci95": 0.0010949850588592627
  }
}