{
  "N_test": 1000,
  "relL2": {
    "mean": 0.03659307211637497,
    "std": 0.028919905424118042,
    "median": 0.02876197174191475,
    "p05": 0.00795761402696371,
    "p95": 0.09561342746019363,
    "ci95": 0.001792474308794668
  },
  "MAE": {
    "mean": 0.008993600495159626,
    "std": 0.008080199360847473,
    "median": 0.00663188099861145,
    "p05": 0.0022408021613955498,
    "p95": 0.024356093257665634,
    "ci95": 0.0005008159449988896
  },
  "RMSE": {
    "mean": 0.010000654496252537,
    "std": 0.008636835031211376,
    "median": 0.0075427573174238205,
    "p05": 0.0027485506143420935,
    "p95": 0.026562049984931946,
    "ci95": 0.0005353165812856843
  },
  "MaxAbs": {
    "mean": 0.016348252072930336,
    "std": 0.012903370894491673,
    "median": 0.013111801818013191,
    "p05": 0.005219584330916405,
    "p95": 0.03928198292851448,
    "ci95": 0.0007997592138021508
  },
  "R2": {
    "mean": 0.9940282702445984,
    "std": 0.011109950952231884,
    "median": 0.9977919459342957,
    "p05": 0.9770803451538086,
    "p95": 0.9998125433921814,
    "ci95": 0.0006886018941554623
  }
}