{
  "N_test": 1000,
  "relL2": {
    "mean": 0.03345712274312973,
    "std": 0.026475945487618446,
    "median": 0.02665615826845169,
    "p05": 0.00818391889333725,
    "p95": 0.08235384523868561,
    "ci95": 0.0016409961025676998
  },
  "MAE": {
    "mean": 0.00819949060678482,
    "std": 0.006028155796229839,
    "median": 0.006945895962417126,
    "p05": 0.002564974594861269,
    "p95": 0.017527097836136818,
    "ci95": 0.00037362896716607014
  },
  "RMSE": {
    "mean": 0.009232006967067719,
    "std": 0.006240713410079479,
    "median": 0.007943251170217991,
    "p05": 0.0032514389604330063,
    "p95": 0.018583672121167183,
    "ci95": 0.00038680342456406827
  },
  "MaxAbs": {
    "mean": 0.015323219820857048,
    "std": 0.008458905853331089,
    "median": 0.014001943171024323,
    "p05": 0.006275746040046215,
    "p95": 0.02719203382730484,
    "ci95": 0.0005242884165853462
  },
  "R2": {
    "mean": 0.9954407811164856,
    "std": 0.007232895586639643,
    "median": 0.9978088736534119,
    "p05": 0.9826985001564026,
    "p95": 0.9997957944869995,
    "ci95": 0.00044829951298643576
  }
}