{
  "N_test": 1000,
  "relL2": {
    "mean": 0.055037032812833786,
    "std": 0.0475010946393013,
    "median": 0.03965106979012489,
    "p05": 0.013867142610251904,
    "p95": 0.1520927995443344,
    "ci95": 0.0029441483480635664
  },
  "MAE": {
    "mean": 0.010545852594077587,
    "std": 0.00521873589605093,
    "median": 0.009793249890208244,
    "p05": 0.004290327895432711,
    "p95": 0.01936763897538185,
    "ci95": 0.00032346060199265307
  },
  "RMSE": {
    "mean": 0.012677707709372044,
    "std": 0.00617769081145525,
    "median": 0.011772379279136658,
    "p05": 0.005313999485224485,
    "p95": 0.022728389129042625,
    "ci95": 0.0003828972434320511
  },
  "MaxAbs": {
    "mean": 0.0253408532589674,
    "std": 0.011939647607505322,
    "median": 0.02378617227077484,
    "p05": 0.010891382582485676,
    "p95": 0.04336398467421532,
    "ci95": 0.0007400270256301396
  },
  "R2": {
    "mean": 0.988131046295166,
    "std": 0.020036205649375916,
    "median": 0.9952678680419922,
    "p05": 0.9528012871742249,
    "p95": 0.9993246793746948,
    "ci95": 0.0012418568921833942
  }
}