{
  "N_test": 1000,
  "relL2": {
    "mean": 0.11216787248849869,
    "std": 0.10575523972511292,
    "median": 0.0733659416437149,
    "p05": 0.021455936133861542,
    "p95": 0.33153703808784485,
    "ci95": 0.006554777667758131
  },
  "MAE": {
    "mean": 0.022261876612901688,
    "std": 0.01250640768557787,
    "median": 0.0198941919952631,
    "p05": 0.006420518271625042,
    "p95": 0.044996313750743866,
    "ci95": 0.000775155179207996
  },
  "RMSE": {
    "mean": 0.025795502588152885,
    "std": 0.014354821294546127,
    "median": 0.02278202772140503,
    "p05": 0.007976877503097057,
    "p95": 0.05268993601202965,
    "ci95": 0.0008897210416308701
  },
  "MaxAbs": {
    "mean": 0.04419190064072609,
    "std": 0.023020954802632332,
    "median": 0.03898535668849945,
    "p05": 0.015014078468084335,
    "p95": 0.08950787782669067,
    "ci95": 0.0014268535613269596
  },
  "R2": {
    "mean": 0.9467369914054871,
    "std": 0.11489119380712509,
    "median": 0.9815356731414795,
    "p05": 0.7871544361114502,
    "p95": 0.9982249736785889,
    "ci95": 0.007121029968316407
  }
}