{
  "N_test": 1000,
  "relL2": {
    "mean": 0.04713516682386398,
    "std": 0.03925871476531029,
    "median": 0.035477519035339355,
    "p05": 0.013472485356032848,
    "p95": 0.12328304350376129,
    "ci95": 0.002433280350717559
  },
  "MAE": {
    "mean": 0.009745490737259388,
    "std": 0.0058468785136938095,
    "median": 0.008588287979364395,
    "p05": 0.0037748818285763264,
    "p95": 0.018434053286910057,
    "ci95": 0.0003623932847892197
  },
  "RMSE": {
    "mean": 0.01153738796710968,
    "std": 0.006714821793138981,
    "median": 0.0101906294003129,
    "p05": 0.004709089174866676,
    "p95": 0.021885212510824203,
    "ci95": 0.00041618896658972146
  },
  "MaxAbs": {
    "mean": 0.02186618745326996,
    "std": 0.012219881638884544,
    "median": 0.019500166177749634,
    "p05": 0.009009885601699352,
    "p95": 0.041729822754859924,
    "ci95": 0.0007573961108443086
  },
  "R2": {
    "mean": 0.9909338355064392,
    "std": 0.01575555093586445,
    "median": 0.996442437171936,
    "p05": 0.9660786986351013,
    "p95": 0.9994822144508362,
    "ci95": 0.0009765391642633312
  }
}