{
  "N_test": 1000,
  "relL2": {
    "mean": 0.03557667136192322,
    "std": 0.024121170863509178,
    "median": 0.030167970806360245,
    "p05": 0.011220145970582962,
    "p95": 0.07840379327535629,
    "ci95": 0.001495045659272078
  },
  "MAE": {
    "mean": 0.00994824431836605,
    "std": 0.009051221422851086,
    "median": 0.007192615885287523,
    "p05": 0.0028736989479511976,
    "p95": 0.028623027727007866,
    "ci95": 0.000561000515933301
  },
  "RMSE": {
    "mean": 0.011244315654039383,
    "std": 0.00962841883301735,
    "median": 0.008487656712532043,
    "p05": 0.0035351566039025784,
    "p95": 0.029537321999669075,
    "ci95": 0.0005967755820565471
  },
  "MaxAbs": {
    "mean": 0.018511725589632988,
    "std": 0.013331428170204163,
    "median": 0.015128294005990028,
    "p05": 0.007082182914018631,
    "p95": 0.04097200930118561,
    "ci95": 0.0008262904786232103
  },
  "R2": {
    "mean": 0.9952656030654907,
    "std": 0.006579574663192034,
    "median": 0.9974445104598999,
    "p05": 0.9842134118080139,
    "p95": 0.9995628595352173,
    "ci95": 0.0004078062626281123
  }
}