{
  "adam": {
    "final_loss": 0.11510997273411558,
    "final_l2_error": 0.071497087688561,
    "final_h1_error": 0.6073100093344377,
    "training_time_seconds": 22.351361999986693
  },
  "engd": {
    "final_loss": 7.048684481653665e-12,
    "final_l2_error": 8.305744671158035e-08,
    "final_h1_error": 1.5154793323778107e-06,
    "training_time_seconds": 153.37662390002515
  },
  "gd": {
    "final_loss": 0.7722794961078953,
    "final_l2_error": 0.09873100028297668,
    "final_h1_error": 0.886630857742537,
    "training_time_seconds": 9.955311900004745
  },
  "precond": {
    "final_loss": 0.44391609120668657,
    "final_l2_error": 0.0037845016491071413,
    "final_h1_error": 0.04487733681012079,
    "training_time_seconds": 17.163772200001404
  }
}