{
  "N_test": 1000,
  "relL2": {
    "mean": 0.030044887214899063,
    "std": 0.021065276116132736,
    "median": 0.02414299175143242,
    "p05": 0.01160429697483778,
    "p95": 0.06556510925292969,
    "ci95": 0.0013056393405195715
  },
  "MAE": {
    "mean": 0.007320094853639603,
    "std": 0.005645762663334608,
    "median": 0.005805539432913065,
    "p05": 0.002470687497407198,
    "p95": 0.016227349638938904,
    "ci95": 0.00034992799523956495
  },
  "RMSE": {
    "mean": 0.008359611965715885,
    "std": 0.005857318174093962,
    "median": 0.006783929653465748,
    "p05": 0.0029797833412885666,
    "p95": 0.01808936893939972,
    "ci95": 0.00036304034164453733
  },
  "MaxAbs": {
    "mean": 0.014911485835909843,
    "std": 0.00840518157929182,
    "median": 0.012832608073949814,
    "p05": 0.005803996697068214,
    "p95": 0.03053375519812107,
    "ci95": 0.0005209585515819247
  },
  "R2": {
    "mean": 0.9959700703620911,
    "std": 0.009984111413359642,
    "median": 0.9982094764709473,
    "p05": 0.98589026927948,
    "p95": 0.9997036457061768,
    "ci95": 0.000618821636590347
  }
}