{
  "N_test": 1000,
  "relL2": {
    "mean": 0.029738862067461014,
    "std": 0.02070513926446438,
    "median": 0.024511121213436127,
    "p05": 0.008270110003650188,
    "p95": 0.07048991322517395,
    "ci95": 0.0012833178271951407
  },
  "MAE": {
    "mean": 0.007081639487296343,
    "std": 0.005426953546702862,
    "median": 0.005912980996072292,
    "p05": 0.0023536174558103085,
    "p95": 0.014822415076196194,
    "ci95": 0.00033636606568479625
  },
  "RMSE": {
    "mean": 0.008063402026891708,
    "std": 0.005798316095024347,
    "median": 0.00692250719293952,
    "p05": 0.0029468017164617777,
    "p95": 0.016027119010686874,
    "ci95": 0.00035938335489624885
  },
  "MaxAbs": {
    "mean": 0.013873104937374592,
    "std": 0.008875589817762375,
    "median": 0.012245278805494308,
    "p05": 0.005862536374479532,
    "p95": 0.025984659790992737,
    "ci95": 0.0005501147562699467
  },
  "R2": {
    "mean": 0.9965720176696777,
    "std": 0.005125477910041809,
    "median": 0.9981306791305542,
    "p05": 0.9875091910362244,
    "p95": 0.9997842907905579,
    "ci95": 0.0003176804121351899
  }
}