{
  "N_test": 1000,
  "relL2": {
    "mean": 0.03686635568737984,
    "std": 0.03239075466990471,
    "median": 0.02752973511815071,
    "p05": 0.008208828046917915,
    "p95": 0.09180017560720444,
    "ci95": 0.0020075997738172313
  },
  "MAE": {
    "mean": 0.007655212190002203,
    "std": 0.0043491702526807785,
    "median": 0.006960226688534021,
    "p05": 0.00273432326503098,
    "p95": 0.014602284878492355,
    "ci95": 0.00026956436503429735
  },
  "RMSE": {
    "mean": 0.008775372058153152,
    "std": 0.004643374588340521,
    "median": 0.008043818175792694,
    "p05": 0.003354793880134821,
    "p95": 0.016369007527828217,
    "ci95": 0.0002877993386786544
  },
  "MaxAbs": {
    "mean": 0.014940873719751835,
    "std": 0.006829945836216211,
    "median": 0.013750649988651276,
    "p05": 0.00627473508939147,
    "p95": 0.02646178938448429,
    "ci95": 0.0004233244287053207
  },
  "R2": {
    "mean": 0.9945111274719238,
    "std": 0.010471440851688385,
    "median": 0.9977225065231323,
    "p05": 0.9790063500404358,
    "p95": 0.999792218208313,
    "ci95": 0.000649026628111347
  }
}