{
  "N_test": 1000,
  "relL2": {
    "mean": 0.045931942760944366,
    "std": 0.036023564636707306,
    "median": 0.03614599257707596,
    "p05": 0.013515183702111244,
    "p95": 0.10612162947654724,
    "ci95": 0.0022327636683297063
  },
  "MAE": {
    "mean": 0.012206044979393482,
    "std": 0.00944975484162569,
    "median": 0.009518327191472054,
    "p05": 0.0035280431620776653,
    "p95": 0.03187939152121544,
    "ci95": 0.0005857018731429218
  },
  "RMSE": {
    "mean": 0.013719333335757256,
    "std": 0.010169102810323238,
    "median": 0.010963372886180878,
    "p05": 0.004227315541356802,
    "p95": 0.03503871709108353,
    "ci95": 0.000630287522164397
  },
  "MaxAbs": {
    "mean": 0.02201319858431816,
    "std": 0.014217677526175976,
    "median": 0.018620144575834274,
    "p05": 0.007944433018565178,
    "p95": 0.04805338382720947,
    "ci95": 0.0008812207828018846
  },
  "R2": {
    "mean": 0.9916390180587769,
    "std": 0.016764327883720398,
    "median": 0.9960447549819946,
    "p05": 0.9704000353813171,
    "p95": 0.9994231462478638,
    "ci95": 0.0010390638072667665
  }
}