{
  "N_test": 1000,
  "relL2": {
    "mean": 0.028742214664816856,
    "std": 0.020765164867043495,
    "median": 0.022270293906331062,
    "p05": 0.00890999287366867,
    "p95": 0.06590607762336731,
    "ci95": 0.0012870382525877928
  },
  "MAE": {
    "mean": 0.007611409295350313,
    "std": 0.006947163958102465,
    "median": 0.005628724582493305,
    "p05": 0.002354044932872057,
    "p95": 0.021200213581323624,
    "ci95": 0.0004305896831701934
  },
  "RMSE": {
    "mean": 0.008753703907132149,
    "std": 0.0074097407050430775,
    "median": 0.006752926390618086,
    "p05": 0.002880627289414406,
    "p95": 0.022824296727776527,
    "ci95": 0.0004592604869842812
  },
  "MaxAbs": {
    "mean": 0.015657227486371994,
    "std": 0.011439054273068905,
    "median": 0.012721002101898193,
    "p05": 0.00579310767352581,
    "p95": 0.03382078558206558,
    "ci95": 0.000708999929311117
  },
  "R2": {
    "mean": 0.9966613054275513,
    "std": 0.005426833406090736,
    "median": 0.9983359575271606,
    "p05": 0.988893449306488,
    "p95": 0.9997743964195251,
    "ci95": 0.0003363586192925097
  }
}