{
  "N_test": 1000,
  "relL2": {
    "mean": 0.02761578932404518,
    "std": 0.017219409346580505,
    "median": 0.024800000712275505,
    "p05": 0.007404289674013853,
    "p95": 0.05911416560411453,
    "ci95": 0.001067270048560528
  },
  "MAE": {
    "mean": 0.007323118392378092,
    "std": 0.006167205050587654,
    "median": 0.0055431341752409935,
    "p05": 0.0022762708831578493,
    "p95": 0.01783014088869095,
    "ci95": 0.0003822473292401584
  },
  "RMSE": {
    "mean": 0.008242401294410229,
    "std": 0.006390118505805731,
    "median": 0.006438040174543858,
    "p05": 0.0028054104186594486,
    "p95": 0.019252624362707138,
    "ci95": 0.00039606364833606495
  },
  "MaxAbs": {
    "mean": 0.013917532749474049,
    "std": 0.008617979474365711,
    "median": 0.012019488960504532,
    "p05": 0.00541933486238122,
    "p95": 0.028252890333533287,
    "ci95": 0.000534147901764496
  },
  "R2": {
    "mean": 0.996644139289856,
    "std": 0.0046378206461668015,
    "median": 0.9982441663742065,
    "p05": 0.9877794981002808,
    "p95": 0.9998294711112976,
    "ci95": 0.00028745510177632266
  }
}