{
  "N_test": 1000,
  "relL2": {
    "mean": 0.9178500771522522,
    "std": 0.5103014707565308,
    "median": 0.8430291414260864,
    "p05": 0.27772989869117737,
    "p95": 1.850359320640564,
    "ci95": 0.03162881284211912
  },
  "MAE": {
    "mean": 0.22822286188602448,
    "std": 0.10190215706825256,
    "median": 0.22589504718780518,
    "p05": 0.06783868372440338,
    "p95": 0.39257487654685974,
    "ci95": 0.006315961130470126
  },
  "RMSE": {
    "mean": 0.2516973614692688,
    "std": 0.10208961367607117,
    "median": 0.2565605938434601,
    "p05": 0.08409927785396576,
    "p95": 0.4147797226905823,
    "ci95": 0.006327579811395978
  },
  "MaxAbs": {
    "mean": 0.3901976943016052,
    "std": 0.126302108168602,
    "median": 0.4062195122241974,
    "p05": 0.1572718471288681,
    "p95": 0.5630195736885071,
    "ci95": 0.007828285767837308
  },
  "R2": {
    "mean": -1.7544310092926025,
    "std": 2.5632357597351074,
    "median": -0.9759531617164612,
    "p05": -6.66396427154541,
    "p95": 0.6644579768180847,
    "ci95": 0.15887099834279905
  }
}