{
  "N_test": 1000,
  "relL2": {
    "mean": 0.0332125686109066,
    "std": 0.026459891349077225,
    "median": 0.027053214609622955,
    "p05": 0.007995004765689373,
    "p95": 0.07508701831102371,
    "ci95": 0.0016400010567519216
  },
  "MAE": {
    "mean": 0.008220392279326916,
    "std": 0.0057862428948283195,
    "median": 0.006871426478028297,
    "p05": 0.0024831509217619896,
    "p95": 0.01812823861837387,
    "ci95": 0.00035863505019542274
  },
  "RMSE": {
    "mean": 0.009308797307312489,
    "std": 0.005941850133240223,
    "median": 0.007945375517010689,
    "p05": 0.0030317888595163822,
    "p95": 0.019397616386413574,
    "ci95": 0.0003682796867537157
  },
  "MaxAbs": {
    "mean": 0.016251446679234505,
    "std": 0.008300461806356907,
    "median": 0.014519225805997849,
    "p05": 0.006385764107108116,
    "p95": 0.031139934435486794,
    "ci95": 0.000514467952810737
  },
  "R2": {
    "mean": 0.995797336101532,
    "std": 0.007925475016236305,
    "median": 0.9977890849113464,
    "p05": 0.9861971139907837,
    "p95": 0.9997509121894836,
    "ci95": 0.0004912260307653072
  }
}