{
  "N_test": 1000,
  "relL2": {
    "mean": 0.02953369915485382,
    "std": 0.021636871621012688,
    "median": 0.02448393404483795,
    "p05": 0.009280432015657425,
    "p95": 0.0645638033747673,
    "ci95": 0.0013410671969559683
  },
  "MAE": {
    "mean": 0.00745754549279809,
    "std": 0.005378427915275097,
    "median": 0.006549285724759102,
    "p05": 0.0023263422772288322,
    "p95": 0.01585046760737896,
    "ci95": 0.00033335841588868836
  },
  "RMSE": {
    "mean": 0.008547584526240826,
    "std": 0.005650495178997517,
    "median": 0.007506582885980606,
    "p05": 0.00288009294308722,
    "p95": 0.01827303320169449,
    "ci95": 0.00035022131959928633
  },
  "MaxAbs": {
    "mean": 0.01468228455632925,
    "std": 0.00781311746686697,
    "median": 0.013396978378295898,
    "p05": 0.005912557244300842,
    "p95": 0.027538497000932693,
    "ci95": 0.00048426203770619765
  },
  "R2": {
    "mean": 0.9964956045150757,
    "std": 0.005895563866943121,
    "median": 0.9983564615249634,
    "p05": 0.9873347282409668,
    "p95": 0.9997112154960632,
    "ci95": 0.00036541083424639065
  }
}