{
  "N_test": 1000,
  "relL2": {
    "mean": 0.04685115069150925,
    "std": 0.042423736304044724,
    "median": 0.03326023370027542,
    "p05": 0.01101709809154272,
    "p95": 0.128920316696167,
    "ci95": 0.0026294504180730356
  },
  "MAE": {
    "mean": 0.010403764434158802,
    "std": 0.00822308287024498,
    "median": 0.008152414113283157,
    "p05": 0.0027177880983799696,
    "p95": 0.02407369576394558,
    "ci95": 0.0005096719566624639
  },
  "RMSE": {
    "mean": 0.01208032388240099,
    "std": 0.009075847454369068,
    "median": 0.009532270953059196,
    "p05": 0.0032419278286397457,
    "p95": 0.02890920825302601,
    "ci95": 0.0005625268531801283
  },
  "MaxAbs": {
    "mean": 0.020715123042464256,
    "std": 0.013984400779008865,
    "median": 0.01641729474067688,
    "p05": 0.006476213689893484,
    "p95": 0.046828702092170715,
    "ci95": 0.0008667621402162999
  },
  "R2": {
    "mean": 0.9915006160736084,
    "std": 0.014403567649424076,
    "median": 0.9966371059417725,
    "p05": 0.9674416780471802,
    "p95": 0.9995931386947632,
    "ci95": 0.0008927423720081556
  }
}