{
  "N_test": 1000,
  "relL2": {
    "mean": 0.03381552919745445,
    "std": 0.026525301858782768,
    "median": 0.02588626742362976,
    "p05": 0.010762336663901806,
    "p95": 0.07991322129964828,
    "ci95": 0.0016440552421461301
  },
  "MAE": {
    "mean": 0.008646255359053612,
    "std": 0.007032493595033884,
    "median": 0.006601984146982431,
    "p05": 0.003056776709854603,
    "p95": 0.02257554791867733,
    "ci95": 0.00043587846886071615
  },
  "RMSE": {
    "mean": 0.009900733828544617,
    "std": 0.007472682278603315,
    "median": 0.007771149277687073,
    "p05": 0.003726826747879386,
    "p95": 0.024644330143928528,
    "ci95": 0.00046316164613080274
  },
  "MaxAbs": {
    "mean": 0.017302142456173897,
    "std": 0.01069351565092802,
    "median": 0.014789672568440437,
    "p05": 0.007449157070368528,
    "p95": 0.03697448968887329,
    "ci95": 0.0006627909667711758
  },
  "R2": {
    "mean": 0.9951938390731812,
    "std": 0.009064453653991222,
    "median": 0.9977852702140808,
    "p05": 0.9824504852294922,
    "p95": 0.9996616244316101,
    "ci95": 0.0005618206581163023
  }
}