{
  "N_test": 1000,
  "relL2": {
    "mean": 0.03974756598472595,
    "std": 0.026189712807536125,
    "median": 0.032992906868457794,
    "p05": 0.014307782053947449,
    "p95": 0.08607075363397598,
    "ci95": 0.0016232552172549446
  },
  "MAE": {
    "mean": 0.011371545493602753,
    "std": 0.009784875437617302,
    "median": 0.008210008032619953,
    "p05": 0.0031788854394108057,
    "p95": 0.0318431593477726,
    "ci95": 0.0006064728628765868
  },
  "RMSE": {
    "mean": 0.012919284403324127,
    "std": 0.01074009295552969,
    "median": 0.0096054058521986,
    "p05": 0.003907873760908842,
    "p95": 0.034749794751405716,
    "ci95": 0.0006656778580195051
  },
  "MaxAbs": {
    "mean": 0.02172340452671051,
    "std": 0.015967337414622307,
    "median": 0.017366720363497734,
    "p05": 0.007773366756737232,
    "p95": 0.04996982961893082,
    "ci95": 0.0009896658262131645
  },
  "R2": {
    "mean": 0.9945632815361023,
    "std": 0.007870540022850037,
    "median": 0.9966342449188232,
    "p05": 0.9825718402862549,
    "p95": 0.9991976618766785,
    "ci95": 0.000487821124599308
  }
}