{
  "N_test": 1000,
  "relL2": {
    "mean": 0.03187597170472145,
    "std": 0.021439239382743835,
    "median": 0.027059048414230347,
    "p05": 0.008934375829994678,
    "p95": 0.07176779955625534,
    "ci95": 0.0013288178239206378
  },
  "MAE": {
    "mean": 0.008214745670557022,
    "std": 0.005591707769781351,
    "median": 0.0067831967025995255,
    "p05": 0.0026386480312794447,
    "p95": 0.017004303634166718,
    "ci95": 0.0003465776382263626
  },
  "RMSE": {
    "mean": 0.00926243606954813,
    "std": 0.005882317665964365,
    "median": 0.007866036146879196,
    "p05": 0.003208330599591136,
    "p95": 0.018415125086903572,
    "ci95": 0.0003645898262038211
  },
  "MaxAbs": {
    "mean": 0.015443955548107624,
    "std": 0.008462034165859222,
    "median": 0.013815145939588547,
    "p05": 0.006349474191665649,
    "p95": 0.028698459267616272,
    "ci95": 0.0005244823114046524
  },
  "R2": {
    "mean": 0.9959568381309509,
    "std": 0.006030179560184479,
    "median": 0.9977903366088867,
    "p05": 0.987050473690033,
    "p95": 0.999733567237854,
    "ci95": 0.0003737544013555171
  }
}