{
  "N_test": 1000,
  "relL2": {
    "mean": 0.030488979071378708,
    "std": 0.025081761181354523,
    "median": 0.023801758885383606,
    "p05": 0.00826682522892952,
    "p95": 0.0758189782500267,
    "ci95": 0.001554583664004927
  },
  "MAE": {
    "mean": 0.007229210808873177,
    "std": 0.006120007019490004,
    "median": 0.005478028208017349,
    "p05": 0.0024053044617176056,
    "p95": 0.01752558909356594,
    "ci95": 0.00037932196496501535
  },
  "RMSE": {
    "mean": 0.00824107974767685,
    "std": 0.006530354730784893,
    "median": 0.006489301100373268,
    "p05": 0.0030032279901206493,
    "p95": 0.018711723387241364,
    "ci95": 0.0004047555796114648
  },
  "MaxAbs": {
    "mean": 0.014639570377767086,
    "std": 0.009370118379592896,
    "median": 0.012546660378575325,
    "p05": 0.006244767922908068,
    "p95": 0.028612643480300903,
    "ci95": 0.0005807659540884271
  },
  "R2": {
    "mean": 0.9960599541664124,
    "std": 0.0073700882494449615,
    "median": 0.9981138706207275,
    "p05": 0.9849545359611511,
    "p95": 0.9998019337654114,
    "ci95": 0.00045680280232390986
  }
}