{
  "N_test": 1000,
  "relL2": {
    "mean": 0.04713168367743492,
    "std": 0.03733500465750694,
    "median": 0.03616398572921753,
    "p05": 0.013311708346009254,
    "p95": 0.11494031548500061,
    "ci95": 0.0023140475629460457
  },
  "MAE": {
    "mean": 0.010595378465950489,
    "std": 0.007371915504336357,
    "median": 0.008944710716605186,
    "p05": 0.00386034301482141,
    "p95": 0.02350003831088543,
    "ci95": 0.0004569160567554308
  },
  "RMSE": {
    "mean": 0.012391196563839912,
    "std": 0.00806582160294056,
    "median": 0.01057237945497036,
    "p05": 0.004957290366292,
    "p95": 0.025865811854600906,
    "ci95": 0.0004999248023312958
  },
  "MaxAbs": {
    "mean": 0.022862160578370094,
    "std": 0.012729503214359283,
    "median": 0.02014559879899025,
    "p05": 0.00992558803409338,
    "p95": 0.04538176953792572,
    "ci95": 0.0007889827833402748
  },
  "R2": {
    "mean": 0.9912562966346741,
    "std": 0.018960218876600266,
    "median": 0.995602011680603,
    "p05": 0.9709197878837585,
    "p95": 0.9994354248046875,
    "ci95": 0.001175166541073366
  }
}