{
  "N_test": 1000,
  "relL2": {
    "mean": 0.0489828921854496,
    "std": 0.026218365877866745,
    "median": 0.04393395781517029,
    "p05": 0.01973673142492771,
    "p95": 0.09634046256542206,
    "ci95": 0.001625031152953299
  },
  "MAE": {
    "mean": 0.01420508697628975,
    "std": 0.012052612379193306,
    "median": 0.01063321903347969,
    "p05": 0.0034803070593625307,
    "p95": 0.03757774457335472,
    "ci95": 0.0007470286547184802
  },
  "RMSE": {
    "mean": 0.015995483845472336,
    "std": 0.013061787001788616,
    "median": 0.012083152309060097,
    "p05": 0.004376973956823349,
    "p95": 0.04165107011795044,
    "ci95": 0.0008095779458576236
  },
  "MaxAbs": {
    "mean": 0.02574443258345127,
    "std": 0.018292130902409554,
    "median": 0.020741000771522522,
    "p05": 0.008856391534209251,
    "p95": 0.061424724757671356,
    "ci95": 0.0011337580194274817
  },
  "R2": {
    "mean": 0.992188572883606,
    "std": 0.009987996891140938,
    "median": 0.9938563108444214,
    "p05": 0.9807072281837463,
    "p95": 0.9983884692192078,
    "ci95": 0.0006190624609982497
  }
}