{
  "N_test": 1000,
  "relL2": {
    "mean": 0.04328607767820358,
    "std": 0.029000384733080864,
    "median": 0.03558375686407089,
    "p05": 0.013559247367084026,
    "p95": 0.10261295735836029,
    "ci95": 0.001797462468043111
  },
  "MAE": {
    "mean": 0.011839700862765312,
    "std": 0.008620386943221092,
    "median": 0.010127643123269081,
    "p05": 0.0033391446340829134,
    "p95": 0.02521022967994213,
    "ci95": 0.0005342971182300827
  },
  "RMSE": {
    "mean": 0.012993051670491695,
    "std": 0.009030391462147236,
    "median": 0.010959930717945099,
    "p05": 0.004074441269040108,
    "p95": 0.026717666536569595,
    "ci95": 0.00055970946159314
  },
  "MaxAbs": {
    "mean": 0.01979539543390274,
    "std": 0.011595496907830238,
    "median": 0.017250165343284607,
    "p05": 0.007909823209047318,
    "p95": 0.038019485771656036,
    "ci95": 0.0007186963442715885
  },
  "R2": {
    "mean": 0.9925709366798401,
    "std": 0.010906963609158993,
    "median": 0.9962321519851685,
    "p05": 0.9736384153366089,
    "p95": 0.9994259476661682,
    "ci95": 0.0006760206082856541
  }
}