{
  "relL2_mean": 0.24849314987659454,
  "relL2_median": 0.19154171645641327,
  "relL2_p95": 0.6378539204597473,
  "MAE_mean": 0.06259988248348236,
  "MAE_median": 0.056751713156700134,
  "MAE_p95": 0.11969965696334839,
  "MaxErr_mean": 0.13011527061462402,
  "MaxErr_median": 0.1131904348731041,
  "MaxErr_p95": 0.24829767644405365,
  "R2_mean": 0.7225709557533264,
  "R2_median": 0.881366491317749,
  "R2_p95": 0.975703239440918,
  "ResidualMSE_mean": 0.28562071919441223,
  "ResidualMSE_median": 0.231144517660141,
  "ResidualMSE_p95": 0.6466358304023743,
  "IC_MSE_mean": 0.0006232697051018476,
  "IC_MSE_median": 0.0003174552693963051,
  "IC_MSE_p95": 0.00210022134706378,
  "best_relL2_during_training": 0.2749473750591278
}