{
  "N_test": 1000,
  "relL2": {
    "mean": 0.5652957558631897,
    "std": 0.24696755409240723,
    "median": 0.49808448553085327,
    "p05": 0.25408414006233215,
    "p95": 1.0122212171554565,
    "ci95": 0.015307207590219765
  },
  "MAE": {
    "mean": 0.1566559076309204,
    "std": 0.08851362764835358,
    "median": 0.13593074679374695,
    "p05": 0.05311824381351471,
    "p95": 0.3319863975048065,
    "ci95": 0.0054861314797238735
  },
  "RMSE": {
    "mean": 0.1783776432275772,
    "std": 0.09616141766309738,
    "median": 0.15832433104515076,
    "p05": 0.062459029257297516,
    "p95": 0.3655068874359131,
    "ci95": 0.005960146415784223
  },
  "MaxAbs": {
    "mean": 0.2820742130279541,
    "std": 0.13751935958862305,
    "median": 0.25556349754333496,
    "p05": 0.10836070775985718,
    "p95": 0.5473748445510864,
    "ci95": 0.008523538213888193
  },
  "R2": {
    "mean": -0.20459797978401184,
    "std": 1.0692023038864136,
    "median": 0.14656931161880493,
    "p05": -2.2347829341888428,
    "p95": 0.8450829982757568,
    "ci95": 0.06626984537169914
  }
}