{
  "N_test": 1000,
  "relL2": {
    "mean": 0.02799631468951702,
    "std": 0.019280483946204185,
    "median": 0.022390544414520264,
    "p05": 0.007458521053195,
    "p95": 0.06297235935926437,
    "ci95": 0.0011950167757422048
  },
  "MAE": {
    "mean": 0.006924383342266083,
    "std": 0.004882752429693937,
    "median": 0.005978589411824942,
    "p05": 0.0023385602980852127,
    "p95": 0.013629564084112644,
    "ci95": 0.0003026361309996586
  },
  "RMSE": {
    "mean": 0.00799258891493082,
    "std": 0.0053733522072434425,
    "median": 0.007047166582196951,
    "p05": 0.002821320202201605,
    "p95": 0.01554285828024149,
    "ci95": 0.00033304382024557485
  },
  "MaxAbs": {
    "mean": 0.013957931660115719,
    "std": 0.008158080279827118,
    "median": 0.012565425597131252,
    "p05": 0.00570587208494544,
    "p95": 0.024692390114068985,
    "ci95": 0.000505643054367647
  },
  "R2": {
    "mean": 0.9968896508216858,
    "std": 0.0048403432592749596,
    "median": 0.9983430504798889,
    "p05": 0.9897019863128662,
    "p95": 0.9997984170913696,
    "ci95": 0.0003000075833844954
  }
}