{
  "N_test": 1000,
  "relL2": {
    "mean": 0.03056519292294979,
    "std": 0.02126923017203808,
    "median": 0.024538271129131317,
    "p05": 0.00916725117713213,
    "p95": 0.07143283635377884,
    "ci95": 0.0013182805438714993
  },
  "MAE": {
    "mean": 0.007587823551148176,
    "std": 0.005687303375452757,
    "median": 0.006030030082911253,
    "p05": 0.002733975648880005,
    "p95": 0.017125245183706284,
    "ci95": 0.0003525027152515716
  },
  "RMSE": {
    "mean": 0.008844379335641861,
    "std": 0.0061948262155056,
    "median": 0.007336440030485392,
    "p05": 0.003423115937039256,
    "p95": 0.01926497556269169,
    "ci95": 0.0003839593067784082
  },
  "MaxAbs": {
    "mean": 0.01661496050655842,
    "std": 0.009846891276538372,
    "median": 0.01486201398074627,
    "p05": 0.006804866716265678,
    "p95": 0.032358117401599884,
    "ci95": 0.0006103166443957221
  },
  "R2": {
    "mean": 0.9963052272796631,
    "std": 0.005781702231615782,
    "median": 0.9982390403747559,
    "p05": 0.9872677326202393,
    "p95": 0.9997201561927795,
    "ci95": 0.00035835361697377134
  }
}