{
  "N_test": 1000,
  "relL2": {
    "mean": 0.024432003498077393,
    "std": 0.017542406916618347,
    "median": 0.018628403544425964,
    "p05": 0.00809976365417242,
    "p95": 0.059050239622592926,
    "ci95": 0.001087289645360907
  },
  "MAE": {
    "mean": 0.006009673234075308,
    "std": 0.004495575558394194,
    "median": 0.005121329333633184,
    "p05": 0.002045989967882633,
    "p95": 0.012138527818024158,
    "ci95": 0.00027863865989501537
  },
  "RMSE": {
    "mean": 0.006908076349645853,
    "std": 0.00468068802729249,
    "median": 0.006045780144631863,
    "p05": 0.0025308444164693356,
    "p95": 0.013535098172724247,
    "ci95": 0.000290112049585323
  },
  "MaxAbs": {
    "mean": 0.012603945098817348,
    "std": 0.006885096896439791,
    "median": 0.011418505571782589,
    "p05": 0.004835779312998056,
    "p95": 0.023940864950418472,
    "ci95": 0.00042674272683264136
  },
  "R2": {
    "mean": 0.997299075126648,
    "std": 0.00659940717741847,
    "median": 0.9989268779754639,
    "p05": 0.990613579750061,
    "p95": 0.9997844696044922,
    "ci95": 0.00040903549459510367
  }
}