{
  "N_test": 1000,
  "relL2": {
    "mean": 0.03317134827375412,
    "std": 0.023692302405834198,
    "median": 0.026024244725704193,
    "p05": 0.01079549640417099,
    "p95": 0.07578504085540771,
    "ci95": 0.0014684641168720915
  },
  "MAE": {
    "mean": 0.007562533486634493,
    "std": 0.005489267408847809,
    "median": 0.006191645283252001,
    "p05": 0.0026895783375948668,
    "p95": 0.015704499557614326,
    "ci95": 0.0003402283188747199
  },
  "RMSE": {
    "mean": 0.00884341448545456,
    "std": 0.006029972340911627,
    "median": 0.0074140396900475025,
    "p05": 0.0033519130665808916,
    "p95": 0.018132781609892845,
    "ci95": 0.00037374155777192205
  },
  "MaxAbs": {
    "mean": 0.01644226163625717,
    "std": 0.010187026113271713,
    "median": 0.01408408209681511,
    "p05": 0.0068092308938503265,
    "p95": 0.03460599482059479,
    "ci95": 0.0006313984199904007
  },
  "R2": {
    "mean": 0.9959859848022461,
    "std": 0.006049713119864464,
    "median": 0.9978437423706055,
    "p05": 0.9859327673912048,
    "p95": 0.9996491074562073,
    "ci95": 0.00037496510392774884
  }
}