{
  "N_test": 1000,
  "relL2": {
    "mean": 0.02875574678182602,
    "std": 0.02064528875052929,
    "median": 0.022871840745210648,
    "p05": 0.009007582440972328,
    "p95": 0.06773678213357925,
    "ci95": 0.001279608253909077
  },
  "MAE": {
    "mean": 0.00718865729868412,
    "std": 0.005476638209074736,
    "median": 0.0062550450675189495,
    "p05": 0.0025214175693690777,
    "p95": 0.013978431932628155,
    "ci95": 0.0003394455529630793
  },
  "RMSE": {
    "mean": 0.008288058452308178,
    "std": 0.0058191330172121525,
    "median": 0.007463081739842892,
    "p05": 0.0031176633201539516,
    "p95": 0.015182454138994217,
    "ci95": 0.0003606736011008129
  },
  "MaxAbs": {
    "mean": 0.014585473574697971,
    "std": 0.008230645209550858,
    "median": 0.013332273811101913,
    "p05": 0.0059739951975643635,
    "p95": 0.025072848424315453,
    "ci95": 0.0005101406753087175
  },
  "R2": {
    "mean": 0.9965368509292603,
    "std": 0.005607422906905413,
    "median": 0.9982470273971558,
    "p05": 0.9878138303756714,
    "p95": 0.9998019337654114,
    "ci95": 0.00034755167251661903
  }
}