{
  "N_test": 1000,
  "relL2": {
    "mean": 0.04880371689796448,
    "std": 0.038228873163461685,
    "median": 0.03727801516652107,
    "p05": 0.01456551905721426,
    "p95": 0.11910533905029297,
    "ci95": 0.0023694501069332174
  },
  "MAE": {
    "mean": 0.011425378732383251,
    "std": 0.007939583621919155,
    "median": 0.009860115125775337,
    "p05": 0.004401580896228552,
    "p95": 0.021931450814008713,
    "ci95": 0.0004921004912052204
  },
  "RMSE": {
    "mean": 0.013484391383826733,
    "std": 0.008750063367187977,
    "median": 0.011822893284261227,
    "p05": 0.005376441404223442,
    "p95": 0.025431908667087555,
    "ci95": 0.0005423345462578785
  },
  "MaxAbs": {
    "mean": 0.025304298847913742,
    "std": 0.014249494299292564,
    "median": 0.022448044270277023,
    "p05": 0.010606768541038036,
    "p95": 0.04782769829034805,
    "ci95": 0.0008831928068304512
  },
  "R2": {
    "mean": 0.9898587465286255,
    "std": 0.019326817244291306,
    "median": 0.9958018064498901,
    "p05": 0.9599148631095886,
    "p95": 0.9993154406547546,
    "ci95": 0.001197888543310076
  }
}