{
  "N_test": 1000,
  "relL2": {
    "mean": 0.05799262225627899,
    "std": 0.037497516721487045,
    "median": 0.04804958403110504,
    "p05": 0.019950922578573227,
    "p95": 0.13065014779567719,
    "ci95": 0.002324120165026915
  },
  "MAE": {
    "mean": 0.016111159697175026,
    "std": 0.01104150153696537,
    "median": 0.01363818533718586,
    "p05": 0.004313171375542879,
    "p95": 0.032920341938734055,
    "ci95": 0.0006843593554431842
  },
  "RMSE": {
    "mean": 0.01779603585600853,
    "std": 0.01174050010740757,
    "median": 0.015406635589897633,
    "p05": 0.005254055839031935,
    "p95": 0.036802735179662704,
    "ci95": 0.0007276837356936446
  },
  "MaxAbs": {
    "mean": 0.02643549256026745,
    "std": 0.015610902570188046,
    "median": 0.022902637720108032,
    "p05": 0.009309431537985802,
    "p95": 0.05313035845756531,
    "ci95": 0.0009675737656743075
  },
  "R2": {
    "mean": 0.9881458282470703,
    "std": 0.015485734678804874,
    "median": 0.9929691553115845,
    "p05": 0.9637855291366577,
    "p95": 0.9986010193824768,
    "ci95": 0.0009598157793911564
  }
}