{
  "N_test": 1000,
  "relL2": {
    "mean": 0.03696117177605629,
    "std": 0.019119320437312126,
    "median": 0.03256577253341675,
    "p05": 0.015115795657038689,
    "p95": 0.07244988530874252,
    "ci95": 0.0011850277579716522
  },
  "MAE": {
    "mean": 0.010905853472650051,
    "std": 0.007863684557378292,
    "median": 0.009462771937251091,
    "p05": 0.0028687778394669294,
    "p95": 0.022215384989976883,
    "ci95": 0.0004873962184472055
  },
  "RMSE": {
    "mean": 0.011945527978241444,
    "std": 0.008266782388091087,
    "median": 0.010441211983561516,
    "p05": 0.0034856589045375586,
    "p95": 0.02428169921040535,
    "ci95": 0.0005123804808397435
  },
  "MaxAbs": {
    "mean": 0.018232952803373337,
    "std": 0.010918419808149338,
    "median": 0.016333933919668198,
    "p05": 0.0066152592189610004,
    "p95": 0.03542274236679077,
    "ci95": 0.0006767306708555513
  },
  "R2": {
    "mean": 0.9950738549232483,
    "std": 0.005772773176431656,
    "median": 0.9968060255050659,
    "p05": 0.9842627048492432,
    "p95": 0.9992454648017883,
    "ci95": 0.00035780018839976196
  }
}