{
  "N_test": 1000,
  "relL2": {
    "mean": 0.03174447640776634,
    "std": 0.02039337530732155,
    "median": 0.02670401521027088,
    "p05": 0.009362349286675453,
    "p95": 0.06947678327560425,
    "ci95": 0.0012639944969355388
  },
  "MAE": {
    "mean": 0.008263927884399891,
    "std": 0.006048416718840599,
    "median": 0.006815971806645393,
    "p05": 0.002399892546236515,
    "p95": 0.01738257333636284,
    "ci95": 0.0003748847521598197
  },
  "RMSE": {
    "mean": 0.009440506808459759,
    "std": 0.006399836391210556,
    "median": 0.00796553771942854,
    "p05": 0.002890343079343438,
    "p95": 0.019742559641599655,
    "ci95": 0.0003966659691136921
  },
  "MaxAbs": {
    "mean": 0.015771575272083282,
    "std": 0.008792145177721977,
    "median": 0.014332674443721771,
    "p05": 0.005700578447431326,
    "p95": 0.030080677941441536,
    "ci95": 0.0005449428038971601
  },
  "R2": {
    "mean": 0.9962507486343384,
    "std": 0.005157561972737312,
    "median": 0.997596263885498,
    "p05": 0.9883047342300415,
    "p95": 0.9997282028198242,
    "ci95": 0.00031966900294349475
  }
}