{
  "N_test": 1000,
  "relL2": {
    "mean": 0.035267315804958344,
    "std": 0.02353082410991192,
    "median": 0.029287133365869522,
    "p05": 0.011996154673397541,
    "p95": 0.0765816941857338,
    "ci95": 0.0014584555883992685
  },
  "MAE": {
    "mean": 0.009437091648578644,
    "std": 0.009072578512132168,
    "median": 0.006275475956499577,
    "p05": 0.0027088786009699106,
    "p95": 0.026127830147743225,
    "ci95": 0.0005623242420411688
  },
  "RMSE": {
    "mean": 0.010545437224209309,
    "std": 0.009554531425237656,
    "median": 0.007450231816619635,
    "p05": 0.0033198080491274595,
    "p95": 0.027416162192821503,
    "ci95": 0.0005921959930763534
  },
  "MaxAbs": {
    "mean": 0.017408305779099464,
    "std": 0.012705603614449501,
    "median": 0.013830751180648804,
    "p05": 0.006577791180461645,
    "p95": 0.04083084315061569,
    "ci95": 0.0007875014707909941
  },
  "R2": {
    "mean": 0.994817852973938,
    "std": 0.008456528186798096,
    "median": 0.9975684881210327,
    "p05": 0.9800087809562683,
    "p95": 0.9996019005775452,
    "ci95": 0.0005241410472868383
  }
}