{
  "N_test": 1000,
  "relL2": {
    "mean": 0.026045985519886017,
    "std": 0.016203507781028748,
    "median": 0.02062077820301056,
    "p05": 0.010662542656064034,
    "p95": 0.05765553191304207,
    "ci95": 0.0010043038171773098
  },
  "MAE": {
    "mean": 0.006415032781660557,
    "std": 0.004796538967639208,
    "median": 0.0050348443910479546,
    "p05": 0.0021320562809705734,
    "p95": 0.014366601593792439,
    "ci95": 0.0002972925652604544
  },
  "RMSE": {
    "mean": 0.007352108601480722,
    "std": 0.005066037643700838,
    "median": 0.005871557630598545,
    "p05": 0.002692034002393484,
    "p95": 0.01582939177751541,
    "ci95": 0.00031399626625844545
  },
  "MaxAbs": {
    "mean": 0.012685155496001244,
    "std": 0.00721674645319581,
    "median": 0.010767251253128052,
    "p05": 0.005441766697913408,
    "p95": 0.025578012689948082,
    "ci95": 0.00044729857932559374
  },
  "R2": {
    "mean": 0.9971070289611816,
    "std": 0.004650121089071035,
    "median": 0.9986711740493774,
    "p05": 0.9896730184555054,
    "p95": 0.9997259974479675,
    "ci95": 0.0002882174911261249
  }
}