{
  "N_test": 1000,
  "relL2": {
    "mean": 0.08256105333566666,
    "std": 0.07257230579853058,
    "median": 0.06136669963598251,
    "p05": 0.016825823113322258,
    "p95": 0.22562842071056366,
    "ci95": 0.004498078114922587
  },
  "MAE": {
    "mean": 0.017767222598195076,
    "std": 0.009964304976165295,
    "median": 0.016148056834936142,
    "p05": 0.005823708139359951,
    "p95": 0.033872850239276886,
    "ci95": 0.0006175940208945497
  },
  "RMSE": {
    "mean": 0.021128464490175247,
    "std": 0.011377408169209957,
    "median": 0.01925927773118019,
    "p05": 0.007241023238748312,
    "p95": 0.040434274822473526,
    "ci95": 0.0007051790642085534
  },
  "MaxAbs": {
    "mean": 0.04034396633505821,
    "std": 0.02105260267853737,
    "median": 0.03593319654464722,
    "p05": 0.014477265067398548,
    "p95": 0.07893963903188705,
    "ci95": 0.0013048538327192984
  },
  "R2": {
    "mean": 0.9698962569236755,
    "std": 0.05630876123905182,
    "median": 0.9878977537155151,
    "p05": 0.8863299489021301,
    "p95": 0.9991519451141357,
    "ci95": 0.003490053179664971
  }
}