{
  "N_test": 1000,
  "relL2": {
    "mean": 0.6186036467552185,
    "std": 0.3637125790119171,
    "median": 0.5316454172134399,
    "p05": 0.17581024765968323,
    "p95": 1.2915737628936768,
    "ci95": 0.022543139201299595
  },
  "MAE": {
    "mean": 0.1585528552532196,
    "std": 0.09115876257419586,
    "median": 0.13469606637954712,
    "p05": 0.050952207297086716,
    "p95": 0.33447495102882385,
    "ci95": 0.005650078640972669
  },
  "RMSE": {
    "mean": 0.18221165239810944,
    "std": 0.10111108422279358,
    "median": 0.15818491578102112,
    "p05": 0.05902492254972458,
    "p95": 0.37228479981422424,
    "ci95": 0.006266929927529615
  },
  "MaxAbs": {
    "mean": 0.2884386479854584,
    "std": 0.1475992500782013,
    "median": 0.25867345929145813,
    "p05": 0.10178790986537933,
    "p95": 0.5718076825141907,
    "ci95": 0.009148296299126077
  },
  "R2": {
    "mean": -0.49821484088897705,
    "std": 1.5607701539993286,
    "median": 0.08980175852775574,
    "p05": -3.6992266178131104,
    "p95": 0.9073641896247864,
    "ci95": 0.09673753637673291
  }
}