{
  "N_test": 1000,
  "relL2": {
    "mean": 0.022024767473340034,
    "std": 0.015270703472197056,
    "median": 0.016660306602716446,
    "p05": 0.007185288239270449,
    "p95": 0.05259920656681061,
    "ci95": 0.0009464880071256153
  },
  "MAE": {
    "mean": 0.005643143318593502,
    "std": 0.0044582742266356945,
    "median": 0.004672772251069546,
    "p05": 0.0018443490844219923,
    "p95": 0.012937754392623901,
    "ci95": 0.0002763266993999725
  },
  "RMSE": {
    "mean": 0.006480672396719456,
    "std": 0.004663660656660795,
    "median": 0.005556411109864712,
    "p05": 0.0022358770947903395,
    "p95": 0.013896521180868149,
    "ci95": 0.0002890566822196267
  },
  "MaxAbs": {
    "mean": 0.011907439678907394,
    "std": 0.00687696598470211,
    "median": 0.010589614510536194,
    "p05": 0.0043562231585383415,
    "p95": 0.022725559771060944,
    "ci95": 0.00042623876770196196
  },
  "R2": {
    "mean": 0.9977855086326599,
    "std": 0.004031689837574959,
    "median": 0.9991755485534668,
    "p05": 0.991837739944458,
    "p95": 0.9998328685760498,
    "ci95": 0.00024988672503938703
  }
}