{
  "N_test": 1000,
  "relL2": {
    "mean": 0.028504522517323494,
    "std": 0.024781441316008568,
    "median": 0.02121375873684883,
    "p05": 0.006722969003021717,
    "p95": 0.07650656998157501,
    "ci95": 0.0015359696459035963
  },
  "MAE": {
    "mean": 0.006493532098829746,
    "std": 0.0043592676520347595,
    "median": 0.005598704796284437,
    "p05": 0.002055129734799266,
    "p95": 0.01314559392631054,
    "ci95": 0.000270190208330194
  },
  "RMSE": {
    "mean": 0.007589154876768589,
    "std": 0.005153437610715628,
    "median": 0.006524714175611734,
    "p05": 0.002526053925976157,
    "p95": 0.014568294398486614,
    "ci95": 0.00031941337233697576
  },
  "MaxAbs": {
    "mean": 0.013377351686358452,
    "std": 0.008465266786515713,
    "median": 0.011835351586341858,
    "p05": 0.005013097543269396,
    "p95": 0.02484915219247341,
    "ci95": 0.0005246826713087345
  },
  "R2": {
    "mean": 0.9968852400779724,
    "std": 0.006001510191708803,
    "median": 0.9985960721969604,
    "p05": 0.9892499446868896,
    "p95": 0.999837338924408,
    "ci95": 0.00037197745548766647
  }
}