{
  "N_test": 1000,
  "relL2": {
    "mean": 0.05809101089835167,
    "std": 0.051916684955358505,
    "median": 0.0419001467525959,
    "p05": 0.014373688027262688,
    "p95": 0.16085854172706604,
    "ci95": 0.003217829471276868
  },
  "MAE": {
    "mean": 0.01259537972509861,
    "std": 0.008308996446430683,
    "median": 0.010388355702161789,
    "p05": 0.0044574434868991375,
    "p95": 0.0283750519156456,
    "ci95": 0.0005149969352829376
  },
  "RMSE": {
    "mean": 0.014617756940424442,
    "std": 0.008933961391448975,
    "median": 0.012301499955356121,
    "p05": 0.005476166494190693,
    "p95": 0.03123975731432438,
    "ci95": 0.0005537326638897237
  },
  "MaxAbs": {
    "mean": 0.026778660714626312,
    "std": 0.014180943369865417,
    "median": 0.02361135743558407,
    "p05": 0.010521545074880123,
    "p95": 0.053254563361406326,
    "ci95": 0.0008789439762053108
  },
  "R2": {
    "mean": 0.9852193593978882,
    "std": 0.03342369571328163,
    "median": 0.9948545694351196,
    "p05": 0.9419353604316711,
    "p95": 0.9992591738700867,
    "ci95": 0.0020716221229777725
  }
}