{
  "N_test": 1000,
  "relL2": {
    "mean": 0.05065980181097984,
    "std": 0.04145471751689911,
    "median": 0.03747600317001343,
    "p05": 0.013239332474768162,
    "p95": 0.13053111732006073,
    "ci95": 0.0025693900114007046
  },
  "MAE": {
    "mean": 0.010462120175361633,
    "std": 0.006077888887375593,
    "median": 0.009330639615654945,
    "p05": 0.004357852507382631,
    "p95": 0.02016853168606758,
    "ci95": 0.00037671145609085633
  },
  "RMSE": {
    "mean": 0.012517898343503475,
    "std": 0.0069148908369243145,
    "median": 0.01113145798444748,
    "p05": 0.005337794777005911,
    "p95": 0.023993562906980515,
    "ci95": 0.00042858937439573224
  },
  "MaxAbs": {
    "mean": 0.024264434352517128,
    "std": 0.012522314675152302,
    "median": 0.021700970828533173,
    "p05": 0.010788844898343086,
    "p95": 0.04455707594752312,
    "ci95": 0.0007761411046363226
  },
  "R2": {
    "mean": 0.9901624917984009,
    "std": 0.017142286524176598,
    "median": 0.9953415393829346,
    "p05": 0.9667766094207764,
    "p95": 0.9993969202041626,
    "ci95": 0.0010624899265043385
  }
}