{
  "N_test": 1000,
  "relL2": {
    "mean": 0.028627540916204453,
    "std": 0.022817427292466164,
    "median": 0.023656701669096947,
    "p05": 0.007609416265040636,
    "p95": 0.06697476655244827,
    "ci95": 0.0014142387955538476
  },
  "MAE": {
    "mean": 0.007301189471036196,
    "std": 0.00711677735671401,
    "median": 0.005083299241960049,
    "p05": 0.002242833375930786,
    "p95": 0.01994205266237259,
    "ci95": 0.00044110243053156615
  },
  "RMSE": {
    "mean": 0.008292959071695805,
    "std": 0.00764385424554348,
    "median": 0.005997226573526859,
    "p05": 0.0027440444100648165,
    "p95": 0.02224687673151493,
    "ci95": 0.0004737709945580012
  },
  "MaxAbs": {
    "mean": 0.014527116902172565,
    "std": 0.011466853320598602,
    "median": 0.011368617415428162,
    "p05": 0.0051727439276874065,
    "p95": 0.03336498141288757,
    "ci95": 0.0007107229321278685
  },
  "R2": {
    "mean": 0.996310830116272,
    "std": 0.010846175253391266,
    "median": 0.9984040260314941,
    "p05": 0.9871969819068909,
    "p95": 0.999828577041626,
    "ci95": 0.0006722529069605782
  }
}