{
  "N_test": 1000,
  "relL2": {
    "mean": 0.04727093502879143,
    "std": 0.03737867623567581,
    "median": 0.03692705184221268,
    "p05": 0.012013876810669899,
    "p95": 0.11608090996742249,
    "ci95": 0.0023167543554041886
  },
  "MAE": {
    "mean": 0.01109784934669733,
    "std": 0.008030151017010212,
    "median": 0.00921935960650444,
    "p05": 0.004028354771435261,
    "p95": 0.024927368387579918,
    "ci95": 0.0004977139165098478
  },
  "RMSE": {
    "mean": 0.01294662058353424,
    "std": 0.008572959341108799,
    "median": 0.011053651571273804,
    "p05": 0.005043652839958668,
    "p95": 0.027517516165971756,
    "ci95": 0.0005313575249960356
  },
  "MaxAbs": {
    "mean": 0.02410546876490116,
    "std": 0.013156073167920113,
    "median": 0.021323874592781067,
    "p05": 0.009821194224059582,
    "p95": 0.047159962356090546,
    "ci95": 0.0008154218629793065
  },
  "R2": {
    "mean": 0.9916287660598755,
    "std": 0.013439929112792015,
    "median": 0.9957171678543091,
    "p05": 0.9706751704216003,
    "p95": 0.9994428157806396,
    "ci95": 0.0008330154367175249
  }
}