{
  "N_test": 1000,
  "relL2": {
    "mean": 0.1265314817428589,
    "std": 0.15008090436458588,
    "median": 0.07906806468963623,
    "p05": 0.018075304105877876,
    "p95": 0.4031968116760254,
    "ci95": 0.009302110825363941
  },
  "MAE": {
    "mean": 0.02623605728149414,
    "std": 0.01671002246439457,
    "median": 0.022382251918315887,
    "p05": 0.006331986747682095,
    "p95": 0.05879100412130356,
    "ci95": 0.0010356979225053077
  },
  "RMSE": {
    "mean": 0.029478127136826515,
    "std": 0.017945043742656708,
    "median": 0.026043973863124847,
    "p05": 0.0076707638800144196,
    "p95": 0.06384439021348953,
    "ci95": 0.0011122453343876944
  },
  "MaxAbs": {
    "mean": 0.05058225244283676,
    "std": 0.028186501935124397,
    "median": 0.04478030279278755,
    "p05": 0.015862038359045982,
    "p95": 0.10578813403844833,
    "ci95": 0.0017470174895996388
  },
  "R2": {
    "mean": 0.9201238751411438,
    "std": 0.2128419280052185,
    "median": 0.9810153245925903,
    "p05": 0.6803151965141296,
    "p95": 0.9987635612487793,
    "ci95": 0.013192079371930154
  }
}