{
  "N_test": 1000,
  "relL2": {
    "mean": 0.03350681811571121,
    "std": 0.02446279488503933,
    "median": 0.027548421174287796,
    "p05": 0.009651953354477882,
    "p95": 0.07617312669754028,
    "ci95": 0.001516219735496727
  },
  "MAE": {
    "mean": 0.007409759797155857,
    "std": 0.004495902452617884,
    "median": 0.00649059284478426,
    "p05": 0.002782360650599003,
    "p95": 0.013993524946272373,
    "ci95": 0.00027865892100891127
  },
  "RMSE": {
    "mean": 0.008573142811655998,
    "std": 0.004820339381694794,
    "median": 0.007710276637226343,
    "p05": 0.0033380892127752304,
    "p95": 0.015570690855383873,
    "ci95": 0.00029876773020680075
  },
  "MaxAbs": {
    "mean": 0.015523003414273262,
    "std": 0.007783406414091587,
    "median": 0.01413785107433796,
    "p05": 0.006811484694480896,
    "p95": 0.02701771818101406,
    "ci95": 0.0004824205275765448
  },
  "R2": {
    "mean": 0.9957287311553955,
    "std": 0.007256509270519018,
    "median": 0.9977596402168274,
    "p05": 0.9861332178115845,
    "p95": 0.9997293949127197,
    "ci95": 0.00044976310427655386
  }
}