{
  "N_test": 1000,
  "relL2": {
    "mean": 0.027394307777285576,
    "std": 0.017469372600317,
    "median": 0.02253716252744198,
    "p05": 0.009873565286397934,
    "p95": 0.05953236296772957,
    "ci95": 0.0010827629315383449
  },
  "MAE": {
    "mean": 0.006543690804392099,
    "std": 0.0053983149118721485,
    "median": 0.005328791216015816,
    "p05": 0.002567635616287589,
    "p95": 0.014414945617318153,
    "ci95": 0.00033459102470799576
  },
  "RMSE": {
    "mean": 0.007659479975700378,
    "std": 0.00570795638486743,
    "median": 0.006482421420514584,
    "p05": 0.003118614898994565,
    "p95": 0.015812277793884277,
    "ci95": 0.0003537828020372021
  },
  "MaxAbs": {
    "mean": 0.014598713256418705,
    "std": 0.008199328556656837,
    "median": 0.013203069567680359,
    "p05": 0.006453232374042273,
    "p95": 0.02541247010231018,
    "ci95": 0.0005081996490526925
  },
  "R2": {
    "mean": 0.9970025420188904,
    "std": 0.004205021075904369,
    "median": 0.9985337257385254,
    "p05": 0.9895436763763428,
    "p95": 0.9996901750564575,
    "ci95": 0.000260629906493844
  }
}