{
  "N_test": 1000,
  "relL2": {
    "mean": 0.04324948415160179,
    "std": 0.017065146937966347,
    "median": 0.03961602598428726,
    "p05": 0.023089583963155746,
    "p95": 0.07348466664552689,
    "ci95": 0.0010577087654166672
  },
  "MAE": {
    "mean": 0.013300049118697643,
    "std": 0.01025691069662571,
    "median": 0.01095326617360115,
    "p05": 0.0031282464042305946,
    "p95": 0.030089640989899635,
    "ci95": 0.0006357299113423188
  },
  "RMSE": {
    "mean": 0.014371417462825775,
    "std": 0.010690796189010143,
    "median": 0.0121381264179945,
    "p05": 0.00389720406383276,
    "p95": 0.03160054236650467,
    "ci95": 0.0006626224127752325
  },
  "MaxAbs": {
    "mean": 0.021534999832510948,
    "std": 0.014074834994971752,
    "median": 0.018793821334838867,
    "p05": 0.007457238622009754,
    "p95": 0.04296354576945305,
    "ci95": 0.0008723673109930438
  },
  "R2": {
    "mean": 0.9924521446228027,
    "std": 0.008523945696651936,
    "median": 0.9953244924545288,
    "p05": 0.975040078163147,
    "p95": 0.9988111853599548,
    "ci95": 0.0005283196278390119
  }
}