{
  "N_test": 1000,
  "relL2": {
    "mean": 0.03845154494047165,
    "std": 0.02685829997062683,
    "median": 0.031249426305294037,
    "p05": 0.011725492775440216,
    "p95": 0.08851011097431183,
    "ci95": 0.0016646946789493995
  },
  "MAE": {
    "mean": 0.009821903891861439,
    "std": 0.008651521988213062,
    "median": 0.007129340432584286,
    "p05": 0.0028512894641608,
    "p95": 0.02582685276865959,
    "ci95": 0.0005362268883117212
  },
  "RMSE": {
    "mean": 0.011211730539798737,
    "std": 0.009172607213258743,
    "median": 0.008523590862751007,
    "p05": 0.003496043151244521,
    "p95": 0.02768133394420147,
    "ci95": 0.0005685240851693541
  },
  "MaxAbs": {
    "mean": 0.019295521080493927,
    "std": 0.013019594363868237,
    "median": 0.01586979441344738,
    "p05": 0.007077700924128294,
    "p95": 0.041912153363227844,
    "ci95": 0.0008069628190657675
  },
  "R2": {
    "mean": 0.9937475919723511,
    "std": 0.009546168148517609,
    "median": 0.9970791339874268,
    "p05": 0.9753624200820923,
    "p95": 0.9995799660682678,
    "ci95": 0.0005916776318148562
  }
}