{
  "N_test": 1000,
  "relL2": {
    "mean": 0.03777647018432617,
    "std": 0.0319119431078434,
    "median": 0.02956685982644558,
    "p05": 0.009717551991343498,
    "p95": 0.08855633437633514,
    "ci95": 0.0019779227257369506
  },
  "MAE": {
    "mean": 0.008877797983586788,
    "std": 0.005754326470196247,
    "median": 0.007545311935245991,
    "p05": 0.0029838234186172485,
    "p95": 0.019012540578842163,
    "ci95": 0.0003566568497019363
  },
  "RMSE": {
    "mean": 0.010295074433088303,
    "std": 0.006358944810926914,
    "median": 0.008943570777773857,
    "p05": 0.003512920346111059,
    "p95": 0.021387599408626556,
    "ci95": 0.0003941314827096213
  },
  "MaxAbs": {
    "mean": 0.01801147870719433,
    "std": 0.009690098464488983,
    "median": 0.016269803047180176,
    "p05": 0.007140138652175665,
    "p95": 0.034400179982185364,
    "ci95": 0.0006005985252220744
  },
  "R2": {
    "mean": 0.9940415620803833,
    "std": 0.014926967211067677,
    "median": 0.9972851276397705,
    "p05": 0.9793919324874878,
    "p95": 0.9997010231018066,
    "ci95": 0.0009251830129342541
  }
}