{
  "N_test": 1000,
  "relL2": {
    "mean": 0.029275791719555855,
    "std": 0.021864114329218864,
    "median": 0.02345106564462185,
    "p05": 0.007806805893778801,
    "p95": 0.0709061473608017,
    "ci95": 0.0013551518459320607
  },
  "MAE": {
    "mean": 0.007585518527776003,
    "std": 0.007678931578993797,
    "median": 0.004974575713276863,
    "p05": 0.002476927125826478,
    "p95": 0.020857220515608788,
    "ci95": 0.00047594511020978625
  },
  "RMSE": {
    "mean": 0.008880415931344032,
    "std": 0.008407529443502426,
    "median": 0.006109144538640976,
    "p05": 0.0030232174322009087,
    "p95": 0.023655245080590248,
    "ci95": 0.0005211040737133539
  },
  "MaxAbs": {
    "mean": 0.017292192205786705,
    "std": 0.014214144088327885,
    "median": 0.013047978281974792,
    "p05": 0.006284492090344429,
    "p95": 0.04272188991308212,
    "ci95": 0.0008810017780551007
  },
  "R2": {
    "mean": 0.9964218735694885,
    "std": 0.006484962999820709,
    "median": 0.9983707666397095,
    "p05": 0.9875743389129639,
    "p95": 0.9998218417167664,
    "ci95": 0.0004019421709784903
  }
}