{
  "N_test": 1000,
  "relL2": {
    "mean": 0.5324403047561646,
    "std": 0.31750428676605225,
    "median": 0.4497893452644348,
    "p05": 0.1409568041563034,
    "p95": 1.1177934408187866,
    "ci95": 0.019679119575740447
  },
  "MAE": {
    "mean": 0.12686771154403687,
    "std": 0.06874743103981018,
    "median": 0.11444708704948425,
    "p05": 0.04219582676887512,
    "p95": 0.25493189692497253,
    "ci95": 0.004261009921274696
  },
  "RMSE": {
    "mean": 0.15038080513477325,
    "std": 0.08104100823402405,
    "median": 0.1352352648973465,
    "p05": 0.05146178975701332,
    "p95": 0.3030025362968445,
    "ci95": 0.005022973729961128
  },
  "MaxAbs": {
    "mean": 0.24915184080600739,
    "std": 0.12832720577716827,
    "median": 0.22767788171768188,
    "p05": 0.08797956258058548,
    "p95": 0.4875447750091553,
    "ci95": 0.00795380261801101
  },
  "R2": {
    "mean": -0.030890926718711853,
    "std": 0.9886943697929382,
    "median": 0.3307967483997345,
    "p05": -2.0155062675476074,
    "p95": 0.9343833923339844,
    "ci95": 0.06127991191927707
  }
}