{
  "N_test": 1000,
  "relL2": {
    "mean": 0.04989832639694214,
    "std": 0.044749461114406586,
    "median": 0.03662984445691109,
    "p05": 0.01333546545356512,
    "p95": 0.1292099505662918,
    "ci95": 0.0027736003352585663
  },
  "MAE": {
    "mean": 0.010936400853097439,
    "std": 0.00686038238927722,
    "median": 0.009604468941688538,
    "p05": 0.004531653132289648,
    "p95": 0.021863635629415512,
    "ci95": 0.0004252109058085489
  },
  "RMSE": {
    "mean": 0.012886997312307358,
    "std": 0.007731125224381685,
    "median": 0.011260147206485271,
    "p05": 0.005380089394748211,
    "p95": 0.025223376229405403,
    "ci95": 0.00047918010586651846
  },
  "MaxAbs": {
    "mean": 0.023979173973202705,
    "std": 0.013424057513475418,
    "median": 0.020700275897979736,
    "p05": 0.010390135459601879,
    "p95": 0.04652876406908035,
    "ci95": 0.0008320317048001045
  },
  "R2": {
    "mean": 0.9900843501091003,
    "std": 0.017282700166106224,
    "median": 0.9959094524383545,
    "p05": 0.9656021595001221,
    "p95": 0.9994775056838989,
    "ci95": 0.0010711928541962546
  }
}