{
  "N_test": 1000,
  "relL2": {
    "mean": 0.05016716942191124,
    "std": 0.04083916172385216,
    "median": 0.038714200258255005,
    "p05": 0.011049885302782059,
    "p95": 0.13370177149772644,
    "ci95": 0.0025312374680750882
  },
  "MAE": {
    "mean": 0.011408600956201553,
    "std": 0.007175847422331572,
    "median": 0.009884383529424667,
    "p05": 0.004237820859998465,
    "p95": 0.023701587691903114,
    "ci95": 0.00044476363112975315
  },
  "RMSE": {
    "mean": 0.013178289867937565,
    "std": 0.007855764590203762,
    "median": 0.011452874168753624,
    "p05": 0.005066706333309412,
    "p95": 0.027103526517748833,
    "ci95": 0.00048690533379600596
  },
  "MaxAbs": {
    "mean": 0.023845355957746506,
    "std": 0.012900098226964474,
    "median": 0.02130824886262417,
    "p05": 0.010158889926970005,
    "p95": 0.045630887150764465,
    "ci95": 0.0007995563717673065
  },
  "R2": {
    "mean": 0.9892668724060059,
    "std": 0.017389416694641113,
    "median": 0.9953198432922363,
    "p05": 0.9582347273826599,
    "p95": 0.9995207786560059,
    "ci95": 0.001077807213161724
  }
}