{
  "N_test": 1000,
  "relL2": {
    "mean": 0.031439777463674545,
    "std": 0.02441210299730301,
    "median": 0.025149401277303696,
    "p05": 0.008065502159297466,
    "p95": 0.07791203260421753,
    "ci95": 0.0015130778197435764
  },
  "MAE": {
    "mean": 0.00860688742250204,
    "std": 0.008691498078405857,
    "median": 0.005679747089743614,
    "p05": 0.0024359081871807575,
    "p95": 0.025928284972906113,
    "ci95": 0.0005387046320520891
  },
  "RMSE": {
    "mean": 0.009737450629472733,
    "std": 0.00934646837413311,
    "median": 0.006797553040087223,
    "p05": 0.002971903420984745,
    "p95": 0.0276026651263237,
    "ci95": 0.0005793001115634316
  },
  "MaxAbs": {
    "mean": 0.0169170331209898,
    "std": 0.013555287383496761,
    "median": 0.013181064277887344,
    "p05": 0.005941479001194239,
    "p95": 0.04061384126543999,
    "ci95": 0.0008401654164118842
  },
  "R2": {
    "mean": 0.9956503510475159,
    "std": 0.008193254470825195,
    "median": 0.9982208013534546,
    "p05": 0.9843000173568726,
    "p95": 0.9997954964637756,
    "ci95": 0.0005078231733124381
  }
}