{
  "N_test": 1000,
  "relL2": {
    "mean": 0.03625510260462761,
    "std": 0.026507491245865822,
    "median": 0.029390938580036163,
    "p05": 0.009749636985361576,
    "p95": 0.09105808287858963,
    "ci95": 0.0016429513289206432
  },
  "MAE": {
    "mean": 0.008765025995671749,
    "std": 0.005538504105061293,
    "median": 0.007823213934898376,
    "p05": 0.0030691297724843025,
    "p95": 0.01691548340022564,
    "ci95": 0.0003432800409228493
  },
  "RMSE": {
    "mean": 0.01007783692330122,
    "std": 0.0060251085087656975,
    "median": 0.009173020720481873,
    "p05": 0.003741677151992917,
    "p95": 0.018749253824353218,
    "ci95": 0.0003734400943322596
  },
  "MaxAbs": {
    "mean": 0.017111439257860184,
    "std": 0.00960659608244896,
    "median": 0.015599984675645828,
    "p05": 0.007120231632143259,
    "p95": 0.03200730308890343,
    "ci95": 0.0005954229939630725
  },
  "R2": {
    "mean": 0.9951690435409546,
    "std": 0.006850557867437601,
    "median": 0.9973284006118774,
    "p05": 0.9844297766685486,
    "p95": 0.9996737837791443,
    "ci95": 0.00042460197563621774
  }
}