{
  "N_test": 512,
  "relL2": {
    "mean": 0.03155313432216644,
    "std": 0.019358662888407707,
    "median": 0.026333678513765335,
    "p05": 0.009821178391575813,
    "p95": 0.06867191940546036,
    "ci95": 0.001676858620879437
  },
  "MAE": {
    "mean": 0.007542033214122057,
    "std": 0.005288814194500446,
    "median": 0.0062212953343987465,
    "p05": 0.0027767992578446865,
    "p95": 0.01646108366549015,
    "ci95": 0.00045812015671744936
  },
  "RMSE": {
    "mean": 0.008729340508580208,
    "std": 0.005736140534281731,
    "median": 0.007430769968777895,
    "p05": 0.0033627550583332777,
    "p95": 0.017903950065374374,
    "ci95": 0.0004968678240296306
  },
  "MaxAbs": {
    "mean": 0.01534604374319315,
    "std": 0.008798941038548946,
    "median": 0.013765193521976471,
    "p05": 0.006244603078812361,
    "p95": 0.029550520703196526,
    "ci95": 0.0007621693822632739
  },
  "R2": {
    "mean": 0.996741771697998,
    "std": 0.0038042734377086163,
    "median": 0.9977883100509644,
    "p05": 0.9909950494766235,
    "p95": 0.9996760487556458,
    "ci95": 0.0003295283742982236
  }
}