{
  "N_test": 1000,
  "relL2": {
    "mean": 0.7407820820808411,
    "std": 0.21715858578681946,
    "median": 0.7019802927970886,
    "p05": 0.4512133002281189,
    "p95": 1.150934100151062,
    "ci95": 0.013459628593129387
  },
  "MAE": {
    "mean": 0.21744199097156525,
    "std": 0.14875377714633942,
    "median": 0.18300756812095642,
    "p05": 0.04887687414884567,
    "p95": 0.5200104117393494,
    "ci95": 0.009219854628176483
  },
  "RMSE": {
    "mean": 0.2554067075252533,
    "std": 0.16879843175411224,
    "median": 0.2142072170972824,
    "p05": 0.05997053533792496,
    "p95": 0.5988194942474365,
    "ci95": 0.010462235192226724
  },
  "MaxAbs": {
    "mean": 0.42576688528060913,
    "std": 0.2657703757286072,
    "median": 0.3564296364784241,
    "p05": 0.11560335010290146,
    "p95": 0.9615679979324341,
    "ci95": 0.016472618549262165
  },
  "R2": {
    "mean": -1.0243096351623535,
    "std": 1.6107664108276367,
    "median": -0.5086466670036316,
    "p05": -4.003674507141113,
    "p95": 0.4850040674209595,
    "ci95": 0.09983633647951282
  }
}