{
  "N_test": 1000,
  "relL2": {
    "mean": 0.034365177154541016,
    "std": 0.024225378409028053,
    "median": 0.0286918543279171,
    "p05": 0.009334738366305828,
    "p95": 0.0795285776257515,
    "ci95": 0.0015015045098590984
  },
  "MAE": {
    "mean": 0.008746886625885963,
    "std": 0.006143861450254917,
    "median": 0.0072427354753017426,
    "p05": 0.0027102010790258646,
    "p95": 0.019270963966846466,
    "ci95": 0.00038080047790169216
  },
  "RMSE": {
    "mean": 0.009766300208866596,
    "std": 0.006287041120231152,
    "median": 0.008244404569268227,
    "p05": 0.0033308102283626795,
    "p95": 0.02025720849633217,
    "ci95": 0.0003896748457881123
  },
  "MaxAbs": {
    "mean": 0.0160822793841362,
    "std": 0.008842145092785358,
    "median": 0.014276063069701195,
    "p05": 0.006063021719455719,
    "p95": 0.03234861418604851,
    "ci95": 0.0005480418307396989
  },
  "R2": {
    "mean": 0.9947060346603394,
    "std": 0.011353755369782448,
    "median": 0.9978686571121216,
    "p05": 0.980193555355072,
    "p95": 0.9996870756149292,
    "ci95": 0.0007037130485116443
  }
}