{
  "N_test": 1000,
  "relL2": {
    "mean": 0.035598743706941605,
    "std": 0.0234580859541893,
    "median": 0.029543694108724594,
    "p05": 0.01121610589325428,
    "p95": 0.07922232151031494,
    "ci95": 0.0014539472307995524
  },
  "MAE": {
    "mean": 0.009804568253457546,
    "std": 0.007775777950882912,
    "median": 0.007745903450995684,
    "p05": 0.0029011734295636415,
    "p95": 0.023673806339502335,
    "ci95": 0.000481947710528335
  },
  "RMSE": {
    "mean": 0.010816921480000019,
    "std": 0.007999304682016373,
    "median": 0.00881929136812687,
    "p05": 0.0035945950075984,
    "p95": 0.0249833632260561,
    "ci95": 0.0004958020408592857
  },
  "MaxAbs": {
    "mean": 0.01752081699669361,
    "std": 0.010518783703446388,
    "median": 0.01513741910457611,
    "p05": 0.006733469199389219,
    "p95": 0.03483881056308746,
    "ci95": 0.0006519609684640138
  },
  "R2": {
    "mean": 0.9944174289703369,
    "std": 0.011121636256575584,
    "median": 0.9975639581680298,
    "p05": 0.9782046675682068,
    "p95": 0.9995261430740356,
    "ci95": 0.000689326156822278
  }
}