{
  "N_test": 1000,
  "relL2": {
    "mean": 0.02683442272245884,
    "std": 0.022052638232707977,
    "median": 0.019681669771671295,
    "p05": 0.007767434231936932,
    "p95": 0.07194375991821289,
    "ci95": 0.0013668366785289235
  },
  "MAE": {
    "mean": 0.006557144690304995,
    "std": 0.0058199395425617695,
    "median": 0.005338655784726143,
    "p05": 0.0023014326579868793,
    "p95": 0.01314951665699482,
    "ci95": 0.00036072359005988373
  },
  "RMSE": {
    "mean": 0.007475932128727436,
    "std": 0.006094966549426317,
    "median": 0.006297740153968334,
    "p05": 0.002863849513232708,
    "p95": 0.013963070698082447,
    "ci95": 0.00037776994055099816
  },
  "MaxAbs": {
    "mean": 0.013206731528043747,
    "std": 0.008570188656449318,
    "median": 0.0117688849568367,
    "p05": 0.00545432697981596,
    "p95": 0.02356738969683647,
    "ci95": 0.0005311857961816755
  },
  "R2": {
    "mean": 0.9963992238044739,
    "std": 0.007513170596212149,
    "median": 0.9988481998443604,
    "p05": 0.9841647744178772,
    "p95": 0.9998249411582947,
    "ci95": 0.0004656711380553382
  }
}