{
  "N_test": 1000,
  "relL2": {
    "mean": 0.03532928600907326,
    "std": 0.023796819150447845,
    "median": 0.02864990010857582,
    "p05": 0.010543456301093102,
    "p95": 0.08340614289045334,
    "ci95": 0.0014749421318175546
  },
  "MAE": {
    "mean": 0.009081686846911907,
    "std": 0.006679118610918522,
    "median": 0.007544618099927902,
    "p05": 0.0028759953565895557,
    "p95": 0.019098253920674324,
    "ci95": 0.00041397606042928097
  },
  "RMSE": {
    "mean": 0.010187427513301373,
    "std": 0.006858321838080883,
    "median": 0.008845727890729904,
    "p05": 0.0034889187663793564,
    "p95": 0.020321523770689964,
    "ci95": 0.000425083191522239
  },
  "MaxAbs": {
    "mean": 0.01831364817917347,
    "std": 0.010323050431907177,
    "median": 0.0161126721650362,
    "p05": 0.006653264164924622,
    "p95": 0.03713968023657799,
    "ci95": 0.0006398292946059875
  },
  "R2": {
    "mean": 0.9948902726173401,
    "std": 0.00808110460639,
    "median": 0.9977808594703674,
    "p05": 0.9810704588890076,
    "p95": 0.9995840787887573,
    "ci95": 0.0005008720526989092
  }
}