{
  "N_test": 1000,
  "relL2": {
    "mean": 0.045418404042720795,
    "std": 0.02838926948606968,
    "median": 0.03749995678663254,
    "p05": 0.01931174285709858,
    "p95": 0.09743409603834152,
    "ci95": 0.0017595851526122407
  },
  "MAE": {
    "mean": 0.01300603523850441,
    "std": 0.01120030041784048,
    "median": 0.009625755250453949,
    "p05": 0.0038571658078581095,
    "p95": 0.034384265542030334,
    "ci95": 0.0006942018120508256
  },
  "RMSE": {
    "mean": 0.014747652225196362,
    "std": 0.011969163082540035,
    "median": 0.011288944631814957,
    "p05": 0.004824111703783274,
    "p95": 0.03755972161889076,
    "ci95": 0.0007418564137258376
  },
  "MaxAbs": {
    "mean": 0.025263186544179916,
    "std": 0.01732797920703888,
    "median": 0.020644523203372955,
    "p05": 0.009439053013920784,
    "p95": 0.05890243127942085,
    "ci95": 0.0010739992782287124
  },
  "R2": {
    "mean": 0.9920167326927185,
    "std": 0.011251769959926605,
    "median": 0.9952600598335266,
    "p05": 0.9740259051322937,
    "p95": 0.9990129470825195,
    "ci95": 0.0006973919273199395
  }
}