{
  "N_test": 1000,
  "relL2": {
    "mean": 0.5654963254928589,
    "std": 0.35583534836769104,
    "median": 0.47378286719322205,
    "p05": 0.13604645431041718,
    "p95": 1.2304816246032715,
    "ci95": 0.02205490338769109
  },
  "MAE": {
    "mean": 0.12791897356510162,
    "std": 0.07101625204086304,
    "median": 0.11158041656017303,
    "p05": 0.038516707718372345,
    "p95": 0.26301029324531555,
    "ci95": 0.004401632903819082
  },
  "RMSE": {
    "mean": 0.15230774879455566,
    "std": 0.08342157304286957,
    "median": 0.13628658652305603,
    "p05": 0.04511726275086403,
    "p95": 0.316034734249115,
    "ci95": 0.0051705226654675945
  },
  "MaxAbs": {
    "mean": 0.25171542167663574,
    "std": 0.13037897646427155,
    "median": 0.2276829034090042,
    "p05": 0.07862073183059692,
    "p95": 0.5042690634727478,
    "ci95": 0.008080972682720263
  },
  "R2": {
    "mean": -0.13061489164829254,
    "std": 1.1045082807540894,
    "median": 0.271855890750885,
    "p05": -2.2516369819641113,
    "p95": 0.9346029758453369,
    "ci95": 0.06845813248931297
  }
}