{
  "N_test": 1000,
  "relL2": {
    "mean": 0.025367453694343567,
    "std": 0.017636969685554504,
    "median": 0.02019108086824417,
    "p05": 0.009016345255076885,
    "p95": 0.0572989284992218,
    "ci95": 0.0010931507065020404
  },
  "MAE": {
    "mean": 0.006249824073165655,
    "std": 0.004948082379996777,
    "median": 0.00523056834936142,
    "p05": 0.002539019100368023,
    "p95": 0.012634668499231339,
    "ci95": 0.0003066853232703572
  },
  "RMSE": {
    "mean": 0.007500987034291029,
    "std": 0.005636891350150108,
    "median": 0.006343720480799675,
    "p05": 0.0030661504715681076,
    "p95": 0.015368850901722908,
    "ci95": 0.0003493781455517708
  },
  "MaxAbs": {
    "mean": 0.01485977042466402,
    "std": 0.01022436935454607,
    "median": 0.01270090788602829,
    "p05": 0.006147198844701052,
    "p95": 0.030635621398687363,
    "ci95": 0.0006337129780641482
  },
  "R2": {
    "mean": 0.9972597360610962,
    "std": 0.005020197946578264,
    "median": 0.9986849427223206,
    "p05": 0.9907082915306091,
    "p95": 0.9997742772102356,
    "ci95": 0.0003111550923953173
  }
}