{
  "N_test": 1000,
  "relL2": {
    "mean": 0.02613774873316288,
    "std": 0.01795206218957901,
    "median": 0.020267672836780548,
    "p05": 0.009249677881598473,
    "p95": 0.06141332909464836,
    "ci95": 0.0011126803422347592
  },
  "MAE": {
    "mean": 0.005815346725285053,
    "std": 0.0032134256325662136,
    "median": 0.005253083072602749,
    "p05": 0.001952126040123403,
    "p95": 0.011197847314178944,
    "ci95": 0.00019917018417334097
  },
  "RMSE": {
    "mean": 0.006940109189599752,
    "std": 0.003633893793448806,
    "median": 0.006423460319638252,
    "p05": 0.0024356902576982975,
    "p95": 0.013241657987236977,
    "ci95": 0.00022523107078397465
  },
  "MaxAbs": {
    "mean": 0.013274493627250195,
    "std": 0.006476594600826502,
    "median": 0.0123487189412117,
    "p05": 0.005047128070145845,
    "p95": 0.025380244478583336,
    "ci95": 0.00040142349223515144
  },
  "R2": {
    "mean": 0.9973395466804504,
    "std": 0.004448978696018457,
    "median": 0.9986448287963867,
    "p05": 0.9912299513816833,
    "p95": 0.9997735023498535,
    "ci95": 0.00027575055644329065
  }
}