{
  "N_test": 1000,
  "relL2": {
    "mean": 0.05171310529112816,
    "std": 0.038829222321510315,
    "median": 0.04050086811184883,
    "p05": 0.013295179232954979,
    "p95": 0.1295166164636612,
    "ci95": 0.0024066601332568592
  },
  "MAE": {
    "mean": 0.012152605690062046,
    "std": 0.0078048259019851685,
    "median": 0.010271759703755379,
    "p05": 0.003011011052876711,
    "p95": 0.026754766702651978,
    "ci95": 0.0004837481211904839
  },
  "RMSE": {
    "mean": 0.01371163222938776,
    "std": 0.008543858304619789,
    "median": 0.011747090145945549,
    "p05": 0.0036941661965101957,
    "p95": 0.029921291396021843,
    "ci95": 0.0005295538240675275
  },
  "MaxAbs": {
    "mean": 0.022480972111225128,
    "std": 0.013689475134015083,
    "median": 0.019392477348446846,
    "p05": 0.006968069355934858,
    "p95": 0.048558544367551804,
    "ci95": 0.0008484824593562381
  },
  "R2": {
    "mean": 0.9902982115745544,
    "std": 0.014053051359951496,
    "median": 0.995120644569397,
    "p05": 0.9654694199562073,
    "p95": 0.9994188547134399,
    "ci95": 0.0008710171473063601
  }
}