{
  "N_test": 1000,
  "relL2": {
    "mean": 0.03133823722600937,
    "std": 0.021476125344634056,
    "median": 0.025678904727101326,
    "p05": 0.009358406066894531,
    "p95": 0.0707312822341919,
    "ci95": 0.0013311040395245193
  },
  "MAE": {
    "mean": 0.006911668460816145,
    "std": 0.004554236773401499,
    "median": 0.0060389693826437,
    "p05": 0.002549694385379553,
    "p95": 0.013157968409359455,
    "ci95": 0.00028227451966983966
  },
  "RMSE": {
    "mean": 0.008161241188645363,
    "std": 0.004837459418922663,
    "median": 0.0073038265109062195,
    "p05": 0.003154620761051774,
    "p95": 0.014689368195831776,
    "ci95": 0.0002998288411076328
  },
  "MaxAbs": {
    "mean": 0.01566111482679844,
    "std": 0.007496182806789875,
    "median": 0.014491006731987,
    "p05": 0.006342912558466196,
    "p95": 0.027054641395807266,
    "ci95": 0.00046461822395841846
  },
  "R2": {
    "mean": 0.9965142011642456,
    "std": 0.005435016937553883,
    "median": 0.9979454278945923,
    "p05": 0.9888941049575806,
    "p95": 0.9996843934059143,
    "ci95": 0.0003368658398275627
  }
}