{
  "N_test": 1000,
  "relL2": {
    "mean": 0.04833278805017471,
    "std": 0.03508531302213669,
    "median": 0.03759787604212761,
    "p05": 0.016202017664909363,
    "p95": 0.10755130648612976,
    "ci95": 0.0021746102307703846
  },
  "MAE": {
    "mean": 0.011706480756402016,
    "std": 0.008754273876547813,
    "median": 0.009465181268751621,
    "p05": 0.00419445289298892,
    "p95": 0.026283759623765945,
    "ci95": 0.0005425955163317346
  },
  "RMSE": {
    "mean": 0.013414664193987846,
    "std": 0.009333238936960697,
    "median": 0.011275380849838257,
    "p05": 0.005207720212638378,
    "p95": 0.027677731588482857,
    "ci95": 0.000578480142552344
  },
  "MaxAbs": {
    "mean": 0.02374388463795185,
    "std": 0.0133903743699193,
    "median": 0.021323099732398987,
    "p05": 0.010220208205282688,
    "p95": 0.044023770838975906,
    "ci95": 0.000829944001933226
  },
  "R2": {
    "mean": 0.9908120036125183,
    "std": 0.01954231783747673,
    "median": 0.9949837923049927,
    "p05": 0.9699472784996033,
    "p95": 0.9993142485618591,
    "ci95": 0.0012112454084571087
  }
}