{
  "N_test": 1000,
  "relL2": {
    "mean": 0.05588860809803009,
    "std": 0.036859650164842606,
    "median": 0.04566230997443199,
    "p05": 0.019194982945919037,
    "p95": 0.12790758907794952,
    "ci95": 0.0022845847862469084
  },
  "MAE": {
    "mean": 0.013865193352103233,
    "std": 0.008584028109908104,
    "median": 0.012150168418884277,
    "p05": 0.004903828725218773,
    "p95": 0.027975071221590042,
    "ci95": 0.000532043574393908
  },
  "RMSE": {
    "mean": 0.016286496073007584,
    "std": 0.009565874002873898,
    "median": 0.014398721978068352,
    "p05": 0.006100320257246494,
    "p95": 0.03222842514514923,
    "ci95": 0.0005928990133217626
  },
  "MaxAbs": {
    "mean": 0.02994927391409874,
    "std": 0.015862148255109787,
    "median": 0.026786595582962036,
    "p05": 0.012020712718367577,
    "p95": 0.05876573175191879,
    "ci95": 0.0009831461345604854
  },
  "R2": {
    "mean": 0.9885456562042236,
    "std": 0.017198631539940834,
    "median": 0.9941418170928955,
    "p05": 0.9602851867675781,
    "p95": 0.9985648393630981,
    "ci95": 0.0010659822267627549
  }
}