{
  "N_test": 1000,
  "relL2": {
    "mean": 0.032669831067323685,
    "std": 0.024091316387057304,
    "median": 0.02608725056052208,
    "p05": 0.01065080240368843,
    "p95": 0.08280286192893982,
    "ci95": 0.0014931952596508582
  },
  "MAE": {
    "mean": 0.007132365368306637,
    "std": 0.004801820497959852,
    "median": 0.005913549102842808,
    "p05": 0.0028948697727173567,
    "p95": 0.014956804923713207,
    "ci95": 0.00029761991790120605
  },
  "RMSE": {
    "mean": 0.008419668301939964,
    "std": 0.005190109368413687,
    "median": 0.00717427022755146,
    "p05": 0.003585407743230462,
    "p95": 0.01698637567460537,
    "ci95": 0.00032168631142747827
  },
  "MaxAbs": {
    "mean": 0.01616654172539711,
    "std": 0.008766776882112026,
    "median": 0.014171406626701355,
    "p05": 0.007157071027904749,
    "p95": 0.03007609397172928,
    "ci95": 0.0005433704606452758
  },
  "R2": {
    "mean": 0.9957296252250671,
    "std": 0.007521985098719597,
    "median": 0.9980528354644775,
    "p05": 0.9854616522789001,
    "p95": 0.9996758103370667,
    "ci95": 0.0004662174665808883
  }
}