{
  "N_test": 1000,
  "relL2": {
    "mean": 0.05233580991625786,
    "std": 0.03335728123784065,
    "median": 0.043710239231586456,
    "p05": 0.01549853477627039,
    "p95": 0.11997104436159134,
    "ci95": 0.002067505711142595
  },
  "MAE": {
    "mean": 0.013583383522927761,
    "std": 0.011234678328037262,
    "median": 0.009872891940176487,
    "p05": 0.0036971508525311947,
    "p95": 0.036145780235528946,
    "ci95": 0.0006963325770002294
  },
  "RMSE": {
    "mean": 0.015292022377252579,
    "std": 0.01219619158655405,
    "median": 0.011294259689748287,
    "p05": 0.004486320074647665,
    "p95": 0.03973658010363579,
    "ci95": 0.000755927786188551
  },
  "MaxAbs": {
    "mean": 0.024955719709396362,
    "std": 0.0177437886595726,
    "median": 0.01976820081472397,
    "p05": 0.008773524314165115,
    "p95": 0.059385187923908234,
    "ci95": 0.001099771415104343
  },
  "R2": {
    "mean": 0.9907445311546326,
    "std": 0.010955890640616417,
    "median": 0.9943123459815979,
    "p05": 0.9707568883895874,
    "p95": 0.9990460872650146,
    "ci95": 0.000679053137113355
  }
}