{
  "N_test": 1000,
  "relL2": {
    "mean": 0.02893705479800701,
    "std": 0.022466953843832016,
    "median": 0.022876610979437828,
    "p05": 0.008929210714995861,
    "p95": 0.06935735046863556,
    "ci95": 0.001392516226154728
  },
  "MAE": {
    "mean": 0.007006593514233828,
    "std": 0.00663864566013217,
    "median": 0.004992335103452206,
    "p05": 0.002504871692508459,
    "p95": 0.018766704946756363,
    "ci95": 0.0004114675209502706
  },
  "RMSE": {
    "mean": 0.007991298101842403,
    "std": 0.007034598849713802,
    "median": 0.0058845700696110725,
    "p05": 0.0030332773458212614,
    "p95": 0.020709218457341194,
    "ci95": 0.00043600895389764424
  },
  "MaxAbs": {
    "mean": 0.013998836278915405,
    "std": 0.01025183591991663,
    "median": 0.011313039809465408,
    "p05": 0.006119115743786097,
    "p95": 0.03136507794260979,
    "ci95": 0.0006354153734231765
  },
  "R2": {
    "mean": 0.9965736269950867,
    "std": 0.007539691403508186,
    "median": 0.9984573125839233,
    "p05": 0.9871213436126709,
    "p95": 0.9997565150260925,
    "ci95": 0.0004673149147215992
  }
}