{
  "N_test": 1000,
  "relL2": {
    "mean": 0.0316333994269371,
    "std": 0.020277049392461777,
    "median": 0.02855396643280983,
    "p05": 0.009039489552378654,
    "p95": 0.06515157222747803,
    "ci95": 0.0012567845420350886
  },
  "MAE": {
    "mean": 0.008191760629415512,
    "std": 0.00681467866525054,
    "median": 0.006516227964311838,
    "p05": 0.0026184283196926117,
    "p95": 0.018645137548446655,
    "ci95": 0.0004223781596452179
  },
  "RMSE": {
    "mean": 0.009164410643279552,
    "std": 0.007301144767552614,
    "median": 0.007418714463710785,
    "p05": 0.003179397899657488,
    "p95": 0.02029228024184704,
    "ci95": 0.00045252964104490294
  },
  "MaxAbs": {
    "mean": 0.014876745641231537,
    "std": 0.010164049454033375,
    "median": 0.012660607695579529,
    "p05": 0.0059211477637290955,
    "p95": 0.02976805344223976,
    "ci95": 0.0006299743118965925
  },
  "R2": {
    "mean": 0.9955899715423584,
    "std": 0.007800968363881111,
    "median": 0.9976911544799805,
    "p05": 0.984807550907135,
    "p95": 0.9997695088386536,
    "ci95": 0.0004835090285017176
  }
}