{
  "N_test": 1000,
  "relL2": {
    "mean": 0.028758015483617783,
    "std": 0.01619695872068405,
    "median": 0.023485969752073288,
    "p05": 0.014699559658765793,
    "p95": 0.0615713857114315,
    "ci95": 0.0010038979022117364
  },
  "MAE": {
    "mean": 0.007180290296673775,
    "std": 0.004889743868261576,
    "median": 0.0061794170178473,
    "p05": 0.002884420333430171,
    "p95": 0.014432529918849468,
    "ci95": 0.00030306946485155834
  },
  "RMSE": {
    "mean": 0.008788949809968472,
    "std": 0.005522806663066149,
    "median": 0.007606459315866232,
    "p05": 0.0036703324876725674,
    "p95": 0.016539257019758224,
    "ci95": 0.0003423071033880459
  },
  "MaxAbs": {
    "mean": 0.019240157678723335,
    "std": 0.010953698307275772,
    "median": 0.016306672245264053,
    "p05": 0.00753041822463274,
    "p95": 0.03999071195721626,
    "ci95": 0.0006789172548851183
  },
  "R2": {
    "mean": 0.9971562623977661,
    "std": 0.0031065638177096844,
    "median": 0.9981920123100281,
    "p05": 0.9914412498474121,
    "p95": 0.9994077682495117,
    "ci95": 0.00019254682026836228
  }
}