{
  "N_test": 1000,
  "relL2": {
    "mean": 0.036068711429834366,
    "std": 0.0145951509475708,
    "median": 0.033230483531951904,
    "p05": 0.018412675708532333,
    "p95": 0.0658823549747467,
    "ci95": 0.0009046168278504545
  },
  "MAE": {
    "mean": 0.011186379939317703,
    "std": 0.008396502584218979,
    "median": 0.008876783773303032,
    "p05": 0.0032564066350460052,
    "p95": 0.02634812705218792,
    "ci95": 0.0005204206218941862
  },
  "RMSE": {
    "mean": 0.012209702283143997,
    "std": 0.008739159442484379,
    "median": 0.009885426610708237,
    "p05": 0.003808126784861088,
    "p95": 0.027553889900445938,
    "ci95": 0.0005416587140029109
  },
  "MaxAbs": {
    "mean": 0.018473541364073753,
    "std": 0.011829154565930367,
    "median": 0.015917614102363586,
    "p05": 0.007229616865515709,
    "p95": 0.03782292827963829,
    "ci95": 0.0007331785959613995
  },
  "R2": {
    "mean": 0.9944778084754944,
    "std": 0.006666239351034164,
    "median": 0.9968041181564331,
    "p05": 0.9806392788887024,
    "p95": 0.9992784857749939,
    "ci95": 0.0004131777956313696
  }
}