{
  "N_test": 1000,
  "relL2": {
    "mean": 0.05126631259918213,
    "std": 0.03397736698389053,
    "median": 0.04156005010008812,
    "p05": 0.017632896080613136,
    "p95": 0.11309721320867538,
    "ci95": 0.0021059390238641943
  },
  "MAE": {
    "mean": 0.01385630201548338,
    "std": 0.010551919229328632,
    "median": 0.010604355484247208,
    "p05": 0.004142232704907656,
    "p95": 0.03547493740916252,
    "ci95": 0.0006540147296358187
  },
  "RMSE": {
    "mean": 0.01578574627637863,
    "std": 0.011416482739150524,
    "median": 0.012442892417311668,
    "p05": 0.005071556661278009,
    "p95": 0.039145130664110184,
    "ci95": 0.0007076009311447868
  },
  "MaxAbs": {
    "mean": 0.02667890302836895,
    "std": 0.016557347029447556,
    "median": 0.022475898265838623,
    "p05": 0.010188995860517025,
    "p95": 0.05827450752258301,
    "ci95": 0.0010262350010083947
  },
  "R2": {
    "mean": 0.9910983443260193,
    "std": 0.011608816683292389,
    "median": 0.9944927096366882,
    "p05": 0.9712901711463928,
    "p95": 0.9988175630569458,
    "ci95": 0.0007195219125078839
  }
}