{
  "N_test": 1000,
  "relL2": {
    "mean": 0.03883061930537224,
    "std": 0.02785353921353817,
    "median": 0.03072124719619751,
    "p05": 0.012375282123684883,
    "p95": 0.08824626356363297,
    "ci95": 0.0017263802463072756
  },
  "MAE": {
    "mean": 0.010121542029082775,
    "std": 0.008478260599076748,
    "median": 0.007649370469152927,
    "p05": 0.0035860526841133833,
    "p95": 0.02814399264752865,
    "ci95": 0.0005254880361551051
  },
  "RMSE": {
    "mean": 0.011570003814995289,
    "std": 0.008794667199254036,
    "median": 0.009039308875799179,
    "p05": 0.00426300847902894,
    "p95": 0.029536107555031776,
    "ci95": 0.0005450991204112062
  },
  "MaxAbs": {
    "mean": 0.020538203418254852,
    "std": 0.01207742653787136,
    "median": 0.017785735428333282,
    "p05": 0.009066635742783546,
    "p95": 0.04374399408698082,
    "ci95": 0.0007485666522074926
  },
  "R2": {
    "mean": 0.9937562346458435,
    "std": 0.010832007974386215,
    "median": 0.997062087059021,
    "p05": 0.9783756732940674,
    "p95": 0.9995302557945251,
    "ci95": 0.0006713748099104785
  }
}