{
  "N_test": 1000,
  "relL2": {
    "mean": 0.05044685676693916,
    "std": 0.03786492347717285,
    "median": 0.04057907685637474,
    "p05": 0.013336524367332458,
    "p95": 0.1201770007610321,
    "ci95": 0.0023468922716706384
  },
  "MAE": {
    "mean": 0.011701543815433979,
    "std": 0.006624438334256411,
    "median": 0.010618443600833416,
    "p05": 0.0036947361659258604,
    "p95": 0.022067762911319733,
    "ci95": 0.0004105869417694087
  },
  "RMSE": {
    "mean": 0.013968054205179214,
    "std": 0.007675375323742628,
    "median": 0.012549477629363537,
    "p05": 0.004602543544024229,
    "p95": 0.02685653604567051,
    "ci95": 0.00047572469122570755
  },
  "MaxAbs": {
    "mean": 0.025875208899378777,
    "std": 0.01363480556756258,
    "median": 0.02352963387966156,
    "p05": 0.00921059213578701,
    "p95": 0.04989313706755638,
    "ci95": 0.0008450940045220347
  },
  "R2": {
    "mean": 0.9903086423873901,
    "std": 0.01203238870948553,
    "median": 0.9945317506790161,
    "p05": 0.968329906463623,
    "p95": 0.9994494915008545,
    "ci95": 0.0007457751786835793
  }
}