{
  "N_test": 1000,
  "relL2": {
    "mean": 0.042886488139629364,
    "std": 0.03522932529449463,
    "median": 0.03361092135310173,
    "p05": 0.011135861277580261,
    "p95": 0.1049954816699028,
    "ci95": 0.0021835362038870694
  },
  "MAE": {
    "mean": 0.010470803827047348,
    "std": 0.008605723269283772,
    "median": 0.008243147283792496,
    "p05": 0.003296016249805689,
    "p95": 0.02554890513420105,
    "ci95": 0.0005333882543033263
  },
  "RMSE": {
    "mean": 0.012341354042291641,
    "std": 0.009737235493957996,
    "median": 0.009716590866446495,
    "p05": 0.003980329725891352,
    "p95": 0.02884952537715435,
    "ci95": 0.0006035201085771029
  },
  "MaxAbs": {
    "mean": 0.023085784167051315,
    "std": 0.016260193660855293,
    "median": 0.018950611352920532,
    "p05": 0.00806438084691763,
    "p95": 0.053022727370262146,
    "ci95": 0.0010078172444091902
  },
  "R2": {
    "mean": 0.9926475286483765,
    "std": 0.014953892678022385,
    "median": 0.9966508746147156,
    "p05": 0.9731350541114807,
    "p95": 0.9995365738868713,
    "ci95": 0.0009268518706660074
  }
}