{
  "N_test": 1000,
  "relL2": {
    "mean": 0.026434028521180153,
    "std": 0.017419926822185516,
    "median": 0.022191742435097694,
    "p05": 0.007420795038342476,
    "p95": 0.05709066987037659,
    "ci95": 0.001079698250458678
  },
  "MAE": {
    "mean": 0.007083378732204437,
    "std": 0.006131896283477545,
    "median": 0.005255004856735468,
    "p05": 0.002174120396375656,
    "p95": 0.01882646605372429,
    "ci95": 0.00038005886918152684
  },
  "RMSE": {
    "mean": 0.008050160482525826,
    "std": 0.006485736928880215,
    "median": 0.006197801791131496,
    "p05": 0.002649645321071148,
    "p95": 0.019387392327189445,
    "ci95": 0.0004019901395985688
  },
  "MaxAbs": {
    "mean": 0.013794689439237118,
    "std": 0.008924353867769241,
    "median": 0.01169981062412262,
    "p05": 0.005177325569093227,
    "p95": 0.02919783629477024,
    "ci95": 0.0005531371834026853
  },
  "R2": {
    "mean": 0.9971384406089783,
    "std": 0.0043189674615859985,
    "median": 0.9985569715499878,
    "p05": 0.9901344180107117,
    "p95": 0.9998170137405396,
    "ci95": 0.0002676923766478437
  }
}