{
  "N_test": 1000,
  "relL2": {
    "mean": 0.03194587677717209,
    "std": 0.016944993287324905,
    "median": 0.0270510483533144,
    "p05": 0.016856161877512932,
    "p95": 0.06499975174665451,
    "ci95": 0.0010502615649945297
  },
  "MAE": {
    "mean": 0.008996852673590183,
    "std": 0.005749801639467478,
    "median": 0.007666087243705988,
    "p05": 0.002764089498668909,
    "p95": 0.01869860664010048,
    "ci95": 0.00035637639778779553
  },
  "RMSE": {
    "mean": 0.010168228298425674,
    "std": 0.006080509163439274,
    "median": 0.008933424949645996,
    "p05": 0.003383203176781535,
    "p95": 0.02086389623582363,
    "ci95": 0.0003768738624838655
  },
  "MaxAbs": {
    "mean": 0.016724685207009315,
    "std": 0.008352711796760559,
    "median": 0.015233917161822319,
    "p05": 0.006604784168303013,
    "p95": 0.03141283243894577,
    "ci95": 0.0005177064407677276
  },
  "R2": {
    "mean": 0.9964002370834351,
    "std": 0.0047315689735114574,
    "median": 0.9976524114608765,
    "p05": 0.988839328289032,
    "p95": 0.9992470145225525,
    "ci95": 0.0002932656833046298
  }
}