{
  "N_test": 1000,
  "relL2": {
    "mean": 0.053493402898311615,
    "std": 0.03817974030971527,
    "median": 0.04147607460618019,
    "p05": 0.015081655234098434,
    "p95": 0.1285271942615509,
    "ci95": 0.002366404821107878
  },
  "MAE": {
    "mean": 0.012767677195370197,
    "std": 0.007136056665331125,
    "median": 0.011552106589078903,
    "p05": 0.004355716053396463,
    "p95": 0.024727869778871536,
    "ci95": 0.00044229737445965667
  },
  "RMSE": {
    "mean": 0.014850523322820663,
    "std": 0.008061325177550316,
    "median": 0.013471744954586029,
    "p05": 0.005335929337888956,
    "p95": 0.02821376733481884,
    "ci95": 0.000499646110998277
  },
  "MaxAbs": {
    "mean": 0.025513002648949623,
    "std": 0.01253967359662056,
    "median": 0.023324832320213318,
    "p05": 0.01016839500516653,
    "p95": 0.04724791646003723,
    "ci95": 0.0007772170217357708
  },
  "R2": {
    "mean": 0.9893731474876404,
    "std": 0.01493972260504961,
    "median": 0.9939332008361816,
    "p05": 0.965761661529541,
    "p95": 0.9993228316307068,
    "ci95": 0.0009259736004439942
  }
}