{
  "N_test": 1000,
  "relL2": {
    "mean": 0.055538736283779144,
    "std": 0.028487758710980415,
    "median": 0.052033908665180206,
    "p05": 0.021899482235312462,
    "p95": 0.10022765398025513,
    "ci95": 0.00176568957801601
  },
  "MAE": {
    "mean": 0.017407521605491638,
    "std": 0.015021382831037045,
    "median": 0.012704189866781235,
    "p05": 0.0037073595449328423,
    "p95": 0.04728718101978302,
    "ci95": 0.0009310349536879357
  },
  "RMSE": {
    "mean": 0.019110091030597687,
    "std": 0.016138186678290367,
    "median": 0.014182927086949348,
    "p05": 0.004472064785659313,
    "p95": 0.05151545628905296,
    "ci95": 0.0010002551732843374
  },
  "MaxAbs": {
    "mean": 0.029583720490336418,
    "std": 0.023564182221889496,
    "median": 0.022241339087486267,
    "p05": 0.00833456963300705,
    "p95": 0.07587424665689468,
    "ci95": 0.0014605231456001936
  },
  "R2": {
    "mean": 0.9893184304237366,
    "std": 0.012132933363318443,
    "median": 0.992374837398529,
    "p05": 0.9695668816566467,
    "p95": 0.9981669783592224,
    "ci95": 0.0007520070008918169
  }
}