{
  "N_test": 1000,
  "relL2": {
    "mean": 0.03311634808778763,
    "std": 0.024727562442421913,
    "median": 0.027649754658341408,
    "p05": 0.009293066337704659,
    "p95": 0.0746098980307579,
    "ci95": 0.0015326301987209536
  },
  "MAE": {
    "mean": 0.008783236145973206,
    "std": 0.008459148928523064,
    "median": 0.005975709296762943,
    "p05": 0.0023996171075850725,
    "p95": 0.025122500956058502,
    "ci95": 0.000524303482541833
  },
  "RMSE": {
    "mean": 0.009865469299256802,
    "std": 0.008895132690668106,
    "median": 0.007068849168717861,
    "p05": 0.002969087567180395,
    "p95": 0.027032067999243736,
    "ci95": 0.0005513260360818907
  },
  "MaxAbs": {
    "mean": 0.0167857613414526,
    "std": 0.012451509945094585,
    "median": 0.013241084292531013,
    "p05": 0.005989662371575832,
    "p95": 0.04019306227564812,
    "ci95": 0.0007717525820008454
  },
  "R2": {
    "mean": 0.9951273202896118,
    "std": 0.009325227700173855,
    "median": 0.997888445854187,
    "p05": 0.9824117422103882,
    "p95": 0.9997233748435974,
    "ci95": 0.0005779836009519654
  }
}