{
  "N_test": 1000,
  "relL2": {
    "mean": 0.04452584311366081,
    "std": 0.034336455166339874,
    "median": 0.034651339054107666,
    "p05": 0.01271060574799776,
    "p95": 0.10807347297668457,
    "ci95": 0.0021281955399970387
  },
  "MAE": {
    "mean": 0.009643499739468098,
    "std": 0.00600782735273242,
    "median": 0.008304623886942863,
    "p05": 0.00420454703271389,
    "p95": 0.01911732740700245,
    "ci95": 0.0003723689971844076
  },
  "RMSE": {
    "mean": 0.01149896252900362,
    "std": 0.007039286661893129,
    "median": 0.010009543970227242,
    "p05": 0.005167865194380283,
    "p95": 0.022645430639386177,
    "ci95": 0.00043629950750674737
  },
  "MaxAbs": {
    "mean": 0.021944276988506317,
    "std": 0.012329965829849243,
    "median": 0.019380128011107445,
    "p05": 0.010205469094216824,
    "p95": 0.04205411300063133,
    "ci95": 0.000764219199689686
  },
  "R2": {
    "mean": 0.9925847053527832,
    "std": 0.012709524482488632,
    "median": 0.9963645935058594,
    "p05": 0.9744198322296143,
    "p95": 0.9993856549263,
    "ci95": 0.0007877444887098029
  }
}