{
  "N_test": 1000,
  "relL2": {
    "mean": 0.05060029774904251,
    "std": 0.03933772072196007,
    "median": 0.03964533656835556,
    "p05": 0.017408668994903564,
    "p95": 0.13254714012145996,
    "ci95": 0.0024381771906435423
  },
  "MAE": {
    "mean": 0.011471759527921677,
    "std": 0.006073531694710255,
    "median": 0.010562109760940075,
    "p05": 0.005008019506931305,
    "p95": 0.0194983072578907,
    "ci95": 0.00037644139449153393
  },
  "RMSE": {
    "mean": 0.013759991154074669,
    "std": 0.006897839717566967,
    "median": 0.01269540935754776,
    "p05": 0.00590919703245163,
    "p95": 0.02345815673470497,
    "ci95": 0.00042753253506876994
  },
  "MaxAbs": {
    "mean": 0.026764634996652603,
    "std": 0.012342209927737713,
    "median": 0.024569816887378693,
    "p05": 0.011445019394159317,
    "p95": 0.04702088236808777,
    "ci95": 0.0007649780967392298
  },
  "R2": {
    "mean": 0.9893903136253357,
    "std": 0.02013421431183815,
    "median": 0.9954559803009033,
    "p05": 0.9595942497253418,
    "p95": 0.9991244673728943,
    "ci95": 0.0012479315320180174
  }
}