{
  "N_test": 1000,
  "relL2": {
    "mean": 0.061721257865428925,
    "std": 0.04291221871972084,
    "median": 0.05074789375066757,
    "p05": 0.016796376556158066,
    "p95": 0.14566031098365784,
    "ci95": 0.0026597268718703978
  },
  "MAE": {
    "mean": 0.01444251649081707,
    "std": 0.008409172296524048,
    "median": 0.012817954644560814,
    "p05": 0.005245209205895662,
    "p95": 0.029134366661310196,
    "ci95": 0.0005212058987985746
  },
  "RMSE": {
    "mean": 0.0171817597001791,
    "std": 0.009772898629307747,
    "median": 0.0152650848031044,
    "p05": 0.006301173474639654,
    "p95": 0.03367726504802704,
    "ci95": 0.0006057305326067812
  },
  "MaxAbs": {
    "mean": 0.0314733050763607,
    "std": 0.016627410426735878,
    "median": 0.02801382541656494,
    "p05": 0.011881543323397636,
    "p95": 0.06136792525649071,
    "ci95": 0.0010305775753627858
  },
  "R2": {
    "mean": 0.9867013692855835,
    "std": 0.020214684307575226,
    "median": 0.9922770261764526,
    "p05": 0.9608862996101379,
    "p95": 0.9987877607345581,
    "ci95": 0.0012529191140267482
  }
}