{
  "N_test": 1000,
  "relL2": {
    "mean": 0.034187402576208115,
    "std": 0.027147049084305763,
    "median": 0.02638917788863182,
    "p05": 0.00822057481855154,
    "p95": 0.08772392570972443,
    "ci95": 0.0016825915344323736
  },
  "MAE": {
    "mean": 0.0078048622235655785,
    "std": 0.00586819089949131,
    "median": 0.006081108935177326,
    "p05": 0.002392921131104231,
    "p95": 0.019129687920212746,
    "ci95": 0.00036371424014646923
  },
  "RMSE": {
    "mean": 0.00879619736224413,
    "std": 0.0060570742934942245,
    "median": 0.007139105815440416,
    "p05": 0.0029195609968155622,
    "p95": 0.020214827731251717,
    "ci95": 0.00037542135419622034
  },
  "MaxAbs": {
    "mean": 0.015743784606456757,
    "std": 0.009388022124767303,
    "median": 0.013681482523679733,
    "p05": 0.005749081261456013,
    "p95": 0.03150953724980354,
    "ci95": 0.0005818756397110353
  },
  "R2": {
    "mean": 0.9946469664573669,
    "std": 0.010384036228060722,
    "median": 0.9979958534240723,
    "p05": 0.9789391756057739,
    "p95": 0.9997807741165161,
    "ci95": 0.0006436092334129607
  }
}