{
  "N_test": 1000,
  "relL2": {
    "mean": 0.03104172646999359,
    "std": 0.02653178572654724,
    "median": 0.023698825389146805,
    "p05": 0.008952631615102291,
    "p95": 0.07735361903905869,
    "ci95": 0.0016444571164337183
  },
  "MAE": {
    "mean": 0.006762001197785139,
    "std": 0.004865174647420645,
    "median": 0.005550450645387173,
    "p05": 0.0025824238546192646,
    "p95": 0.01408515777438879,
    "ci95": 0.0003015466487669752
  },
  "RMSE": {
    "mean": 0.007838248275220394,
    "std": 0.005189239513128996,
    "median": 0.006635801400989294,
    "p05": 0.0031317861285060644,
    "p95": 0.015555000863969326,
    "ci95": 0.00032163239723836484
  },
  "MaxAbs": {
    "mean": 0.014345159754157066,
    "std": 0.008135205134749413,
    "median": 0.01238171011209488,
    "p05": 0.00619962252676487,
    "p95": 0.027659526094794273,
    "ci95": 0.0005042252381867011
  },
  "R2": {
    "mean": 0.99543696641922,
    "std": 0.01205731462687254,
    "median": 0.9983018636703491,
    "p05": 0.9834426045417786,
    "p95": 0.9997879266738892,
    "ci95": 0.0007473201030491373
  }
}