{
  "N_test": 1000,
  "relL2": {
    "mean": 0.03134192153811455,
    "std": 0.026787765324115753,
    "median": 0.023442808538675308,
    "p05": 0.00937649141997099,
    "p95": 0.07826745510101318,
    "ci95": 0.0016603228962655747
  },
  "MAE": {
    "mean": 0.0067023723386228085,
    "std": 0.003819019766524434,
    "median": 0.005798413418233395,
    "p05": 0.0024428428150713444,
    "p95": 0.01343116071075201,
    "ci95": 0.00023670529747186488
  },
  "RMSE": {
    "mean": 0.007776422891765833,
    "std": 0.0041705030016601086,
    "median": 0.006835701875388622,
    "p05": 0.003001542529091239,
    "p95": 0.015502378344535828,
    "ci95": 0.00025849045408677263
  },
  "MaxAbs": {
    "mean": 0.0143323615193367,
    "std": 0.006713582202792168,
    "median": 0.01294245570898056,
    "p05": 0.006496763788163662,
    "p95": 0.026783537119627,
    "ci95": 0.0004161121359840363
  },
  "R2": {
    "mean": 0.9959104061126709,
    "std": 0.007855994626879692,
    "median": 0.9982613325119019,
    "p05": 0.9844041466712952,
    "p95": 0.9997586011886597,
    "ci95": 0.00048691959161689566
  }
}