{
  "N_test": 1000,
  "relL2": {
    "mean": 0.6131948828697205,
    "std": 0.41157883405685425,
    "median": 0.4836980402469635,
    "p05": 0.1172630563378334,
    "p95": 1.406028151512146,
    "ci95": 0.02550992042578832
  },
  "MAE": {
    "mean": 0.13536345958709717,
    "std": 0.07926985621452332,
    "median": 0.11897562444210052,
    "p05": 0.038094013929367065,
    "p95": 0.2887122333049774,
    "ci95": 0.004913196590466154
  },
  "RMSE": {
    "mean": 0.1607782244682312,
    "std": 0.09143379330635071,
    "median": 0.14304931461811066,
    "p05": 0.04560175538063049,
    "p95": 0.3387737274169922,
    "ci95": 0.005667125222359668
  },
  "MaxAbs": {
    "mean": 0.2626121938228607,
    "std": 0.13954222202301025,
    "median": 0.23697581887245178,
    "p05": 0.0795540139079094,
    "p95": 0.5289011597633362,
    "ci95": 0.008648916526530978
  },
  "R2": {
    "mean": -0.30914950370788574,
    "std": 1.3303325176239014,
    "median": 0.158220112323761,
    "p05": -2.9662399291992188,
    "p95": 0.9486380815505981,
    "ci95": 0.08245486370112136
  }
}