{
  "precond": {
    "final_loss": 0.0022726058761778785,
    "final_l2_error": 0.00024540533875873344,
    "final_h1_error": 0.0035086930038586597,
    "training_time_seconds": 50.55792209994979
  }
}