{
  "N_test": 1000,
  "relL2": {
    "mean": 0.03228484466671944,
    "std": 0.02040127106010914,
    "median": 0.027422988787293434,
    "p05": 0.011313275434076786,
    "p95": 0.07106088101863861,
    "ci95": 0.0012644838807634867
  },
  "MAE": {
    "mean": 0.009596025571227074,
    "std": 0.009449897333979607,
    "median": 0.006073624826967716,
    "p05": 0.0026709053199738264,
    "p95": 0.02887348085641861,
    "ci95": 0.0005857107049105174
  },
  "RMSE": {
    "mean": 0.010761052370071411,
    "std": 0.009902010671794415,
    "median": 0.007239590398967266,
    "p05": 0.003203687025234103,
    "p95": 0.030201448127627373,
    "ci95": 0.0006137329799080215
  },
  "MaxAbs": {
    "mean": 0.018183009698987007,
    "std": 0.012850644066929817,
    "median": 0.014380987733602524,
    "p05": 0.006560192909091711,
    "p95": 0.042292188853025436,
    "ci95": 0.0007964911711718988
  },
  "R2": {
    "mean": 0.9954709410667419,
    "std": 0.00733827194198966,
    "median": 0.997755229473114,
    "p05": 0.9842415452003479,
    "p95": 0.9996145367622375,
    "ci95": 0.0004548308071573289
  }
}