{
  "N_test": 1000,
  "relL2": {
    "mean": 0.04201679304242134,
    "std": 0.017847906798124313,
    "median": 0.038512442260980606,
    "p05": 0.020294595509767532,
    "p95": 0.07477196305990219,
    "ci95": 0.001106224724190127
  },
  "MAE": {
    "mean": 0.013659952208399773,
    "std": 0.011697891168296337,
    "median": 0.009891974739730358,
    "p05": 0.003284476464614272,
    "p95": 0.0380200557410717,
    "ci95": 0.000725042806286656
  },
  "RMSE": {
    "mean": 0.015131402760744095,
    "std": 0.012382559478282928,
    "median": 0.011166042648255825,
    "p05": 0.004022609442472458,
    "p95": 0.040789611637592316,
    "ci95": 0.0007674789877920545
  },
  "MaxAbs": {
    "mean": 0.023199863731861115,
    "std": 0.016312994062900543,
    "median": 0.018449202179908752,
    "p05": 0.007342715281993151,
    "p95": 0.05702118203043938,
    "ci95": 0.0010110898472331681
  },
  "R2": {
    "mean": 0.9942253232002258,
    "std": 0.004733813460916281,
    "median": 0.9955916404724121,
    "p05": 0.9859863519668579,
    "p95": 0.9986554384231567,
    "ci95": 0.0002934047980752543
  }
}