{
  "N_test": 1000,
  "relL2": {
    "mean": 0.06642290949821472,
    "std": 0.05531734973192215,
    "median": 0.04908083751797676,
    "p05": 0.020454129204154015,
    "p95": 0.16744878888130188,
    "ci95": 0.003428604857828783
  },
  "MAE": {
    "mean": 0.013725226745009422,
    "std": 0.00666680047288537,
    "median": 0.01260405033826828,
    "p05": 0.005576572380959988,
    "p95": 0.024794243276119232,
    "ci95": 0.0004132125743240257
  },
  "RMSE": {
    "mean": 0.0161238182336092,
    "std": 0.007465174421668053,
    "median": 0.014986485242843628,
    "p05": 0.006811062805354595,
    "p95": 0.028689907863736153,
    "ci95": 0.00046269630433686513
  },
  "MaxAbs": {
    "mean": 0.0303073488175869,
    "std": 0.013350609689950943,
    "median": 0.028508193790912628,
    "p05": 0.013017097488045692,
    "p95": 0.05283597484230995,
    "ci95": 0.0008274793615343235
  },
  "R2": {
    "mean": 0.9823115468025208,
    "std": 0.03292383626103401,
    "median": 0.9928044080734253,
    "p05": 0.9308062195777893,
    "p95": 0.9984999299049377,
    "ci95": 0.002040640513148066
  }
}