{
  "N_test": 1000,
  "relL2": {
    "mean": 0.05251605063676834,
    "std": 0.04390450939536095,
    "median": 0.03900472819805145,
    "p05": 0.01322536263614893,
    "p95": 0.14159660041332245,
    "ci95": 0.0027212296851354114
  },
  "MAE": {
    "mean": 0.010386857204139233,
    "std": 0.005556563381105661,
    "median": 0.00932033360004425,
    "p05": 0.004336513578891754,
    "p95": 0.01918403059244156,
    "ci95": 0.00034439936644865013
  },
  "RMSE": {
    "mean": 0.012293249368667603,
    "std": 0.006338238716125488,
    "median": 0.011197300627827644,
    "p05": 0.005214886274188757,
    "p95": 0.022054053843021393,
    "ci95": 0.0003928481056576317
  },
  "MaxAbs": {
    "mean": 0.023273805156350136,
    "std": 0.011540676467120647,
    "median": 0.02130822464823723,
    "p05": 0.010107818059623241,
    "p95": 0.041293587535619736,
    "ci95": 0.0007152985381540485
  },
  "R2": {
    "mean": 0.9887288808822632,
    "std": 0.018401380628347397,
    "median": 0.9955504536628723,
    "p05": 0.9530863165855408,
    "p95": 0.9994255304336548,
    "ci95": 0.0011405293875946516
  }
}