{
  "N_test": 1000,
  "relL2": {
    "mean": 0.02781723439693451,
    "std": 0.019591214135289192,
    "median": 0.021803539246320724,
    "p05": 0.011082453653216362,
    "p95": 0.066250741481781,
    "ci95": 0.0012142760323937598
  },
  "MAE": {
    "mean": 0.006371865049004555,
    "std": 0.00408234354108572,
    "median": 0.005474965088069439,
    "p05": 0.002360427752137184,
    "p95": 0.012861554510891438,
    "ci95": 0.0002530262741097177
  },
  "RMSE": {
    "mean": 0.007437427062541246,
    "std": 0.004369045607745647,
    "median": 0.006478083319962025,
    "p05": 0.002892343094572425,
    "p95": 0.01450536772608757,
    "ci95": 0.00027079625230396446
  },
  "MaxAbs": {
    "mean": 0.01376250945031643,
    "std": 0.0065767765045166016,
    "median": 0.012664726935327053,
    "p05": 0.005867318250238895,
    "p95": 0.02456851862370968,
    "ci95": 0.0004076328309566014
  },
  "R2": {
    "mean": 0.9969629049301147,
    "std": 0.007502533961087465,
    "median": 0.9985369443893433,
    "p05": 0.9904366135597229,
    "p95": 0.9996534585952759,
    "ci95": 0.00046501187258010885
  }
}