{
  "N_test": 1000,
  "relL2": {
    "mean": 0.5099698901176453,
    "std": 0.3065037727355957,
    "median": 0.43383634090423584,
    "p05": 0.1391681730747223,
    "p95": 1.072953224182129,
    "ci95": 0.018997300652270368
  },
  "MAE": {
    "mean": 0.12766192853450775,
    "std": 0.07013963162899017,
    "median": 0.11306439340114594,
    "p05": 0.04114631563425064,
    "p95": 0.26065900921821594,
    "ci95": 0.004347299407778784
  },
  "RMSE": {
    "mean": 0.1509265899658203,
    "std": 0.082675039768219,
    "median": 0.13435885310173035,
    "p05": 0.048262447118759155,
    "p95": 0.304200679063797,
    "ci95": 0.005124252053726397
  },
  "MaxAbs": {
    "mean": 0.24854381382465363,
    "std": 0.13019926846027374,
    "median": 0.22620216012001038,
    "p05": 0.08407251536846161,
    "p95": 0.48594361543655396,
    "ci95": 0.008069834265234907
  },
  "R2": {
    "mean": -0.05011194571852684,
    "std": 1.056220293045044,
    "median": 0.3240949213504791,
    "p05": -2.0836665630340576,
    "p95": 0.9394023418426514,
    "ci95": 0.0654652120034917
  }
}