{
  "N_test": 1000,
  "relL2": {
    "mean": 0.6190090775489807,
    "std": 0.3935057818889618,
    "median": 0.5239284038543701,
    "p05": 0.14068365097045898,
    "p95": 1.353572130203247,
    "ci95": 0.024389741047005274
  },
  "MAE": {
    "mean": 0.13834039866924286,
    "std": 0.07938991487026215,
    "median": 0.12213430553674698,
    "p05": 0.04094566032290459,
    "p95": 0.2998870611190796,
    "ci95": 0.004920637903043228
  },
  "RMSE": {
    "mean": 0.16090454161167145,
    "std": 0.0904901996254921,
    "median": 0.14092105627059937,
    "p05": 0.04896659776568413,
    "p95": 0.3437299430370331,
    "ci95": 0.005608640680101466
  },
  "MaxAbs": {
    "mean": 0.25969019532203674,
    "std": 0.13761919736862183,
    "median": 0.22759120166301727,
    "p05": 0.08843471109867096,
    "p95": 0.5382927656173706,
    "ci95": 0.008529726223602279
  },
  "R2": {
    "mean": -0.3088809847831726,
    "std": 1.3185677528381348,
    "median": 0.19485002756118774,
    "p05": -3.045633316040039,
    "p95": 0.921625554561615,
    "ci95": 0.08172567602508171
  }
}