{
  "N_test": 1000,
  "relL2": {
    "mean": 0.042305514216423035,
    "std": 0.031585030257701874,
    "median": 0.033594753593206406,
    "p05": 0.013125652447342873,
    "p95": 0.09985870867967606,
    "ci95": 0.00195766045736159
  },
  "MAE": {
    "mean": 0.010257648304104805,
    "std": 0.0065644062124192715,
    "median": 0.008769303560256958,
    "p05": 0.002745073987171054,
    "p95": 0.022551286965608597,
    "ci95": 0.00040686611230895817
  },
  "RMSE": {
    "mean": 0.011242079548537731,
    "std": 0.006603105925023556,
    "median": 0.010048029944300652,
    "p05": 0.0034534691367298365,
    "p95": 0.023272842168807983,
    "ci95": 0.00040926474534677806
  },
  "MaxAbs": {
    "mean": 0.0175503920763731,
    "std": 0.008679741993546486,
    "median": 0.01623205840587616,
    "p05": 0.006665803957730532,
    "p95": 0.03228634595870972,
    "ci95": 0.0005379759823634611
  },
  "R2": {
    "mean": 0.991177499294281,
    "std": 0.018345804885029793,
    "median": 0.9965990781784058,
    "p05": 0.9670637249946594,
    "p95": 0.9995943307876587,
    "ci95": 0.0011370847673364576
  }
}