{
  "N_test": 1000,
  "relL2": {
    "mean": 0.036210570484399796,
    "std": 0.021213972941040993,
    "median": 0.03127390146255493,
    "p05": 0.013495602644979954,
    "p95": 0.07667379826307297,
    "ci95": 0.0013148556652114603
  },
  "MAE": {
    "mean": 0.01007660198956728,
    "std": 0.007747536059468985,
    "median": 0.007816988974809647,
    "p05": 0.0028182375244796276,
    "p95": 0.023917928338050842,
    "ci95": 0.0004801972599632714
  },
  "RMSE": {
    "mean": 0.010956021957099438,
    "std": 0.007961282506585121,
    "median": 0.008881524205207825,
    "p05": 0.0033260949421674013,
    "p95": 0.024321703240275383,
    "ci95": 0.0004934454020105235
  },
  "MaxAbs": {
    "mean": 0.016981104388833046,
    "std": 0.010598961263895035,
    "median": 0.014661967754364014,
    "p05": 0.006757818628102541,
    "p95": 0.033554233610630035,
    "ci95": 0.0006569304251457834
  },
  "R2": {
    "mean": 0.9946637749671936,
    "std": 0.007478370331227779,
    "median": 0.9970307946205139,
    "p05": 0.9829778671264648,
    "p95": 0.9995549917221069,
    "ci95": 0.00046351419528498913
  }
}