{
  "N_test": 1000,
  "relL2": {
    "mean": 0.059974655508995056,
    "std": 0.029074136167764664,
    "median": 0.05495232343673706,
    "p05": 0.02209431864321232,
    "p95": 0.11596618592739105,
    "ci95": 0.0018020336293235076
  },
  "MAE": {
    "mean": 0.018102481961250305,
    "std": 0.015142412856221199,
    "median": 0.01406330056488514,
    "p05": 0.0038113929331302643,
    "p95": 0.04752582684159279,
    "ci95": 0.0009385364723669853
  },
  "RMSE": {
    "mean": 0.020433206111192703,
    "std": 0.016928687691688538,
    "median": 0.015849050134420395,
    "p05": 0.004686463158577681,
    "p95": 0.0536842979490757,
    "ci95": 0.0010492509337065238
  },
  "MaxAbs": {
    "mean": 0.03306145593523979,
    "std": 0.025734663009643555,
    "median": 0.02603587880730629,
    "p05": 0.008928257040679455,
    "p95": 0.08179401606321335,
    "ci95": 0.0015950509385762044
  },
  "R2": {
    "mean": 0.9871729016304016,
    "std": 0.012663117609918118,
    "median": 0.9909994602203369,
    "p05": 0.9633292555809021,
    "p95": 0.9982487559318542,
    "ci95": 0.0007848681609482057
  }
}