{
  "N_test": 1000,
  "relL2": {
    "mean": 0.034944988787174225,
    "std": 0.024131348356604576,
    "median": 0.02900804951786995,
    "p05": 0.011679735034704208,
    "p95": 0.0772123634815216,
    "ci95": 0.001495676466829499
  },
  "MAE": {
    "mean": 0.007828581146895885,
    "std": 0.0046409983187913895,
    "median": 0.006959025748074055,
    "p05": 0.003031033556908369,
    "p95": 0.014632458798587322,
    "ci95": 0.0002876520559661032
  },
  "RMSE": {
    "mean": 0.009173067286610603,
    "std": 0.005018477328121662,
    "median": 0.008371339179575443,
    "p05": 0.00371902366168797,
    "p95": 0.01739128865301609,
    "ci95": 0.0003110484473585003
  },
  "MaxAbs": {
    "mean": 0.016842931509017944,
    "std": 0.008209969848394394,
    "median": 0.015402935445308685,
    "p05": 0.007394620217382908,
    "p95": 0.031004512682557106,
    "ci95": 0.000508859203147778
  },
  "R2": {
    "mean": 0.9954712986946106,
    "std": 0.007979064248502254,
    "median": 0.9974584579467773,
    "p05": 0.9862488508224487,
    "p95": 0.9995678663253784,
    "ci95": 0.0004945475257929028
  }
}