{
  "N_test": 1000,
  "relL2": {
    "mean": 0.02607601508498192,
    "std": 0.02029440551996231,
    "median": 0.019575539976358414,
    "p05": 0.006661119870841503,
    "p95": 0.06331770867109299,
    "ci95": 0.0012578602859626233
  },
  "MAE": {
    "mean": 0.005813447292894125,
    "std": 0.004098331555724144,
    "median": 0.0047583612613379955,
    "p05": 0.0018581218319013715,
    "p95": 0.01295615453273058,
    "ci95": 0.0002540172215235398
  },
  "RMSE": {
    "mean": 0.00660247216001153,
    "std": 0.004285248927772045,
    "median": 0.005594070069491863,
    "p05": 0.0022783472668379545,
    "p95": 0.014180158264935017,
    "ci95": 0.00026560248027005916
  },
  "MaxAbs": {
    "mean": 0.011619770899415016,
    "std": 0.006446050945669413,
    "median": 0.010261217132210732,
    "p05": 0.004564671777188778,
    "p95": 0.022575804963707924,
    "ci95": 0.00039953037687523376
  },
  "R2": {
    "mean": 0.9968732595443726,
    "std": 0.006986010819673538,
    "median": 0.9989159107208252,
    "p05": 0.9873384237289429,
    "p95": 0.9998537302017212,
    "ci95": 0.00043299743659546504
  }
}