{
  "N_test": 1000,
  "relL2": {
    "mean": 0.037665024399757385,
    "std": 0.029672082513570786,
    "median": 0.030628148466348648,
    "p05": 0.009788635186851025,
    "p95": 0.09028808772563934,
    "ci95": 0.001839094727801419
  },
  "MAE": {
    "mean": 0.009461545385420322,
    "std": 0.008877999149262905,
    "median": 0.0066207945346832275,
    "p05": 0.002771036932244897,
    "p95": 0.026040177792310715,
    "ci95": 0.0005502640881834761
  },
  "RMSE": {
    "mean": 0.011030620895326138,
    "std": 0.009967731311917305,
    "median": 0.007882334291934967,
    "p05": 0.00340534676797688,
    "p95": 0.029320186004042625,
    "ci95": 0.0006178063873846442
  },
  "MaxAbs": {
    "mean": 0.020276840776205063,
    "std": 0.016838764771819115,
    "median": 0.015356957912445068,
    "p05": 0.006693370174616575,
    "p95": 0.050864577293395996,
    "ci95": 0.0010436774533899762
  },
  "R2": {
    "mean": 0.9944746494293213,
    "std": 0.010760988108813763,
    "median": 0.997100293636322,
    "p05": 0.9818125367164612,
    "p95": 0.9996812343597412,
    "ci95": 0.000666972953037651
  }
}