{
  "N_test": 1000,
  "relL2": {
    "mean": 0.1109108030796051,
    "std": 0.1098686009645462,
    "median": 0.0767478495836258,
    "p05": 0.018394341692328453,
    "p95": 0.3402177393436432,
    "ci95": 0.006809726438729114
  },
  "MAE": {
    "mean": 0.023372475057840347,
    "std": 0.014585479162633419,
    "median": 0.020762264728546143,
    "p05": 0.006172625347971916,
    "p95": 0.04959948733448982,
    "ci95": 0.0009040173644094023
  },
  "RMSE": {
    "mean": 0.025114616379141808,
    "std": 0.01461703609675169,
    "median": 0.022755030542612076,
    "p05": 0.007590200286358595,
    "p95": 0.051895927637815475,
    "ci95": 0.0009059732834500004
  },
  "MaxAbs": {
    "mean": 0.03805779293179512,
    "std": 0.018983986228704453,
    "median": 0.03521125763654709,
    "p05": 0.014189522713422775,
    "p95": 0.07112183421850204,
    "ci95": 0.0011766396568187345
  },
  "R2": {
    "mean": 0.9445793628692627,
    "std": 0.12078487873077393,
    "median": 0.9828817844390869,
    "p05": 0.7773965001106262,
    "p95": 0.9987505674362183,
    "ci95": 0.007486324344450876
  }
}