{
  "N_test": 1000,
  "relL2": {
    "mean": 0.04467593878507614,
    "std": 0.030597461387515068,
    "median": 0.036710646003484726,
    "p05": 0.011193125508725643,
    "p95": 0.10248177498579025,
    "ci95": 0.0018964503046306283
  },
  "MAE": {
    "mean": 0.011404341086745262,
    "std": 0.008864443749189377,
    "median": 0.009187715128064156,
    "p05": 0.0038476241752505302,
    "p95": 0.026897432282567024,
    "ci95": 0.0005494239157824636
  },
  "RMSE": {
    "mean": 0.012857564724981785,
    "std": 0.009415941312909126,
    "median": 0.010570133104920387,
    "p05": 0.004556912928819656,
    "p95": 0.029420776292681694,
    "ci95": 0.0005836060889200733
  },
  "MaxAbs": {
    "mean": 0.021068153902888298,
    "std": 0.012497764080762863,
    "median": 0.018639445304870605,
    "p05": 0.008800365030765533,
    "p95": 0.04077551141381264,
    "ci95": 0.0007746194430311637
  },
  "R2": {
    "mean": 0.9929946660995483,
    "std": 0.009455866180360317,
    "median": 0.9957322478294373,
    "p05": 0.9774978756904602,
    "p95": 0.9994731545448303,
    "ci95": 0.0005860806578420247
  }
}