{
  "N_test": 1000,
  "relL2": {
    "mean": 0.03604806959629059,
    "std": 0.026717664673924446,
    "median": 0.029930129647254944,
    "p05": 0.00964217446744442,
    "p95": 0.08277338743209839,
    "ci95": 0.0016559780129523347
  },
  "MAE": {
    "mean": 0.009950832463800907,
    "std": 0.01149134524166584,
    "median": 0.00623916182667017,
    "p05": 0.002804054180160165,
    "p95": 0.02968190610408783,
    "ci95": 0.000712240957122841
  },
  "RMSE": {
    "mean": 0.011617039330303669,
    "std": 0.012821285985410213,
    "median": 0.007453417871147394,
    "p05": 0.0035562554839998484,
    "p95": 0.033130526542663574,
    "ci95": 0.0007946715384273359
  },
  "MaxAbs": {
    "mean": 0.021143706515431404,
    "std": 0.02069767937064171,
    "median": 0.01460401713848114,
    "p05": 0.0070113446563482285,
    "p95": 0.058083198964595795,
    "ci95": 0.0012828554581857205
  },
  "R2": {
    "mean": 0.9946154952049255,
    "std": 0.009969583712518215,
    "median": 0.9973911046981812,
    "p05": 0.9812291860580444,
    "p95": 0.9996644258499146,
    "ci95": 0.0006179212003633878
  }
}