{
  "N_test": 1000,
  "relL2": {
    "mean": 0.8667399287223816,
    "std": 0.7258776426315308,
    "median": 0.6234302520751953,
    "p05": 0.16374927759170532,
    "p95": 2.340277671813965,
    "ci95": 0.04499036240486377
  },
  "MAE": {
    "mean": 0.1873069554567337,
    "std": 0.11104896664619446,
    "median": 0.15840451419353485,
    "p05": 0.05658889189362526,
    "p95": 0.3978901207447052,
    "ci95": 0.006882886261636866
  },
  "RMSE": {
    "mean": 0.2108275145292282,
    "std": 0.11860623955726624,
    "median": 0.18063265085220337,
    "p05": 0.0704476609826088,
    "p95": 0.43263310194015503,
    "ci95": 0.007351290889487033
  },
  "MaxAbs": {
    "mean": 0.3271039128303528,
    "std": 0.16084174811840057,
    "median": 0.28754276037216187,
    "p05": 0.13500037789344788,
    "p95": 0.632666826248169,
    "ci95": 0.009969074831186052
  },
  "R2": {
    "mean": -1.8392645120620728,
    "std": 3.905355930328369,
    "median": -0.48322391510009766,
    "p05": -8.30842399597168,
    "p95": 0.9135787487030029,
    "ci95": 0.2420564683442766
  }
}