{
  "N_test": 1000,
  "relL2": {
    "mean": 0.12476542592048645,
    "std": 0.12934398651123047,
    "median": 0.08053961396217346,
    "p05": 0.020141983404755592,
    "p95": 0.35874706506729126,
    "ci95": 0.008016823340823051
  },
  "MAE": {
    "mean": 0.025254929438233376,
    "std": 0.013955364003777504,
    "median": 0.022841976955533028,
    "p05": 0.007518325932323933,
    "p95": 0.05217777192592621,
    "ci95": 0.0008649624222418056
  },
  "RMSE": {
    "mean": 0.029971618205308914,
    "std": 0.016539735719561577,
    "median": 0.02716219052672386,
    "p05": 0.008864915929734707,
    "p95": 0.06269878149032593,
    "ci95": 0.0010251434407127476
  },
  "MaxAbs": {
    "mean": 0.055404551327228546,
    "std": 0.030152030289173126,
    "median": 0.049798786640167236,
    "p05": 0.016006985679268837,
    "p95": 0.1162671372294426,
    "ci95": 0.0018688421991265808
  },
  "R2": {
    "mean": 0.9267703890800476,
    "std": 0.17770566046237946,
    "median": 0.979101836681366,
    "p05": 0.705570638179779,
    "p95": 0.9986287355422974,
    "ci95": 0.011014310947246735
  }
}