{
  "N_test": 1000,
  "relL2": {
    "mean": 0.04664020612835884,
    "std": 0.04093511402606964,
    "median": 0.0340694859623909,
    "p05": 0.011365078389644623,
    "p95": 0.13095271587371826,
    "ci95": 0.002537184653381272
  },
  "MAE": {
    "mean": 0.009985384531319141,
    "std": 0.005689105484634638,
    "median": 0.008718501776456833,
    "p05": 0.0038431512657552958,
    "p95": 0.01974269188940525,
    "ci95": 0.0003526144111358697
  },
  "RMSE": {
    "mean": 0.011907138861715794,
    "std": 0.006504111457616091,
    "median": 0.010521791875362396,
    "p05": 0.004869930911809206,
    "p95": 0.023318851366639137,
    "ci95": 0.0004031290046886253
  },
  "MaxAbs": {
    "mean": 0.023174388334155083,
    "std": 0.011838877573609352,
    "median": 0.02091417834162712,
    "p05": 0.009798157960176468,
    "p95": 0.04369838908314705,
    "ci95": 0.0007337812342208683
  },
  "R2": {
    "mean": 0.9912059903144836,
    "std": 0.015790067613124847,
    "median": 0.9964291453361511,
    "p05": 0.967949390411377,
    "p95": 0.9995617866516113,
    "ci95": 0.0009786785300844457
  }
}