{
  "N_test": 1000,
  "relL2": {
    "mean": 0.03544816002249718,
    "std": 0.02545098587870598,
    "median": 0.02862240932881832,
    "p05": 0.010926490649580956,
    "p95": 0.0824420377612114,
    "ci95": 0.001577468447840459
  },
  "MAE": {
    "mean": 0.008331029675900936,
    "std": 0.005822407081723213,
    "median": 0.00734454020857811,
    "p05": 0.003552707377821207,
    "p95": 0.015251833014190197,
    "ci95": 0.0003608765297216139
  },
  "RMSE": {
    "mean": 0.009896669536828995,
    "std": 0.006304324138909578,
    "median": 0.008844833821058273,
    "p05": 0.0043463921174407005,
    "p95": 0.018272407352924347,
    "ci95": 0.0003907460583839067
  },
  "MaxAbs": {
    "mean": 0.019067971035838127,
    "std": 0.009936736896634102,
    "median": 0.017259933054447174,
    "p05": 0.008541327901184559,
    "p95": 0.033875104039907455,
    "ci95": 0.0006158853336226591
  },
  "R2": {
    "mean": 0.9948380589485168,
    "std": 0.009640785865485668,
    "median": 0.9974824786186218,
    "p05": 0.9817621111869812,
    "p95": 0.9996054768562317,
    "ci95": 0.0005975420986702911
  }
}