{
  "N_test": 1000,
  "relL2": {
    "mean": 0.03894781693816185,
    "std": 0.03104740008711815,
    "median": 0.029186265543103218,
    "p05": 0.009804535657167435,
    "p95": 0.10479624569416046,
    "ci95": 0.001924337794155349
  },
  "MAE": {
    "mean": 0.009152155369520187,
    "std": 0.0070061469450592995,
    "median": 0.0075437454506754875,
    "p05": 0.003253392642363906,
    "p95": 0.018727252259850502,
    "ci95": 0.000434245486577072
  },
  "RMSE": {
    "mean": 0.010657100938260555,
    "std": 0.007683285046368837,
    "median": 0.008972386829555035,
    "p05": 0.0039849733002483845,
    "p95": 0.02226976677775383,
    "ci95": 0.0004762149409132237
  },
  "MaxAbs": {
    "mean": 0.01967639848589897,
    "std": 0.013198922388255596,
    "median": 0.01684507727622986,
    "p05": 0.00819193571805954,
    "p95": 0.04229889065027237,
    "ci95": 0.000818077685170868
  },
  "R2": {
    "mean": 0.9940058588981628,
    "std": 0.009496798738837242,
    "median": 0.9971274137496948,
    "p05": 0.9780712127685547,
    "p95": 0.9997047185897827,
    "ci95": 0.000588617684100829
  }
}