{
  "N_test": 1000,
  "relL2": {
    "mean": 0.04495181515812874,
    "std": 0.019884200766682625,
    "median": 0.04065936803817749,
    "p05": 0.022572241723537445,
    "p95": 0.08130107820034027,
    "ci95": 0.001232435531945755
  },
  "MAE": {
    "mean": 0.013081987388432026,
    "std": 0.009663404896855354,
    "median": 0.011225095950067043,
    "p05": 0.003424445865675807,
    "p95": 0.027955176308751106,
    "ci95": 0.0005989440407591531
  },
  "RMSE": {
    "mean": 0.014243286103010178,
    "std": 0.01018249150365591,
    "median": 0.01223154366016388,
    "p05": 0.004226651042699814,
    "p95": 0.029515888541936874,
    "ci95": 0.0006311173619745621
  },
  "MaxAbs": {
    "mean": 0.021523673087358475,
    "std": 0.013510719873011112,
    "median": 0.019172893837094307,
    "p05": 0.008443585596978664,
    "p95": 0.041518472135066986,
    "ci95": 0.0008374030934934337
  },
  "R2": {
    "mean": 0.9930671453475952,
    "std": 0.007685569580644369,
    "median": 0.9951404333114624,
    "p05": 0.9820306897163391,
    "p95": 0.9983125925064087,
    "ci95": 0.0004763565378146104
  }
}