{
  "N_test": 1000,
  "relL2": {
    "mean": 0.02819892205297947,
    "std": 0.019181035459041595,
    "median": 0.022405780851840973,
    "p05": 0.009158482775092125,
    "p95": 0.064989373087883,
    "ci95": 0.0011888528946480854
  },
  "MAE": {
    "mean": 0.006840143818408251,
    "std": 0.005754618905484676,
    "median": 0.005571822635829449,
    "p05": 0.0024999671149998903,
    "p95": 0.014940951019525528,
    "ci95": 0.0003566749750288973
  },
  "RMSE": {
    "mean": 0.0078096953220665455,
    "std": 0.0061127603985369205,
    "median": 0.006540433969348669,
    "p05": 0.0031114043667912483,
    "p95": 0.016212135553359985,
    "ci95": 0.00037887281474500317
  },
  "MaxAbs": {
    "mean": 0.013690576888620853,
    "std": 0.008743643760681152,
    "median": 0.01226254552602768,
    "p05": 0.0058370535261929035,
    "p95": 0.02499515190720558,
    "ci95": 0.0005419366549243038
  },
  "R2": {
    "mean": 0.9964478611946106,
    "std": 0.006058294326066971,
    "median": 0.9984058141708374,
    "p05": 0.9855180382728577,
    "p95": 0.9997605085372925,
    "ci95": 0.00037549697259851004
  }
}