{
  "N_test": 1000,
  "relL2": {
    "mean": 0.033059652894735336,
    "std": 0.021694816648960114,
    "median": 0.02694334089756012,
    "p05": 0.013831853866577148,
    "p95": 0.07517531514167786,
    "ci95": 0.0013446586669969296
  },
  "MAE": {
    "mean": 0.007766145747154951,
    "std": 0.004298172425478697,
    "median": 0.006941936910152435,
    "p05": 0.0023909418378025293,
    "p95": 0.015166852623224258,
    "ci95": 0.00026640348695660326
  },
  "RMSE": {
    "mean": 0.009195255115628242,
    "std": 0.004953101743012667,
    "median": 0.008233517408370972,
    "p05": 0.0028791495133191347,
    "p95": 0.01833573915064335,
    "ci95": 0.00030699642661321234
  },
  "MaxAbs": {
    "mean": 0.017038246616721153,
    "std": 0.009144765324890614,
    "median": 0.014843008480966091,
    "p05": 0.005744016729295254,
    "p95": 0.03599477931857109,
    "ci95": 0.0005667984270499268
  },
  "R2": {
    "mean": 0.9959067702293396,
    "std": 0.00744372745975852,
    "median": 0.9977371096611023,
    "p05": 0.9863150119781494,
    "p95": 0.9994652271270752,
    "ci95": 0.0004613670078657752
  }
}