{
  "N_test": 1000,
  "relL2": {
    "mean": 0.03016202338039875,
    "std": 0.016064496710896492,
    "median": 0.026295606046915054,
    "p05": 0.013884480111300945,
    "p95": 0.06035596877336502,
    "ci95": 0.000995687821786041
  },
  "MAE": {
    "mean": 0.007371210493147373,
    "std": 0.00408768467605114,
    "median": 0.006507296115159988,
    "p05": 0.0023676061537116766,
    "p95": 0.015172409825026989,
    "ci95": 0.0002533573210846271
  },
  "RMSE": {
    "mean": 0.008732710964977741,
    "std": 0.0047595626674592495,
    "median": 0.007758030202239752,
    "p05": 0.0028969207778573036,
    "p95": 0.01827174238860607,
    "ci95": 0.000295000750431365
  },
  "MaxAbs": {
    "mean": 0.01577170565724373,
    "std": 0.00784136913716793,
    "median": 0.014251872897148132,
    "p05": 0.005958872847259045,
    "p95": 0.030956611037254333,
    "ci95": 0.000486013094372959
  },
  "R2": {
    "mean": 0.9968165159225464,
    "std": 0.0036867407616227865,
    "median": 0.9977799654006958,
    "p05": 0.9911106824874878,
    "p95": 0.9995214343070984,
    "ci95": 0.0002285065598065131
  }
}