{
  "N_test": 1000,
  "relL2": {
    "mean": 0.03955869376659393,
    "std": 0.02379533275961876,
    "median": 0.03511110693216324,
    "p05": 0.011728140525519848,
    "p95": 0.08112194389104843,
    "ci95": 0.001474850004359498
  },
  "MAE": {
    "mean": 0.010429545305669308,
    "std": 0.008754868991672993,
    "median": 0.007579974364489317,
    "p05": 0.002762997755780816,
    "p95": 0.027575675398111343,
    "ci95": 0.0005426324019493401
  },
  "RMSE": {
    "mean": 0.011726419441401958,
    "std": 0.009461441077291965,
    "median": 0.008694054558873177,
    "p05": 0.0033514515962451696,
    "p95": 0.029788587242364883,
    "ci95": 0.0005864261935337086
  },
  "MaxAbs": {
    "mean": 0.019230825826525688,
    "std": 0.014203407801687717,
    "median": 0.015169039368629456,
    "p05": 0.006388552952557802,
    "p95": 0.045681409537792206,
    "ci95": 0.0008803363361149515
  },
  "R2": {
    "mean": 0.9951252341270447,
    "std": 0.005240803584456444,
    "median": 0.9963445663452148,
    "p05": 0.986939013004303,
    "p95": 0.9994809031486511,
    "ci95": 0.0003248283714905568
  }
}