{
  "N_test": 1000,
  "relL2": {
    "mean": 0.034324515610933304,
    "std": 0.022036686539649963,
    "median": 0.02902914583683014,
    "p05": 0.012164673767983913,
    "p95": 0.07783050090074539,
    "ci95": 0.0013658479823499786
  },
  "MAE": {
    "mean": 0.007806718815118074,
    "std": 0.004535081796348095,
    "median": 0.00714645441621542,
    "p05": 0.002587075810879469,
    "p95": 0.014658162370324135,
    "ci95": 0.00028108728189190615
  },
  "RMSE": {
    "mean": 0.009248585440218449,
    "std": 0.004945544991642237,
    "median": 0.00846807099878788,
    "p05": 0.003218605648726225,
    "p95": 0.016633108258247375,
    "ci95": 0.00030652805431078604
  },
  "MaxAbs": {
    "mean": 0.017151106148958206,
    "std": 0.007691487669944763,
    "median": 0.016149140894412994,
    "p05": 0.006646557245403528,
    "p95": 0.030018020421266556,
    "ci95": 0.00047672334478968657
  },
  "R2": {
    "mean": 0.9956588745117188,
    "std": 0.005640875082463026,
    "median": 0.9972938299179077,
    "p05": 0.9873100519180298,
    "p95": 0.9996559619903564,
    "ci95": 0.00034962505983863654
  }
}