{
  "N_test": 1000,
  "relL2": {
    "mean": 0.5826784372329712,
    "std": 0.40247443318367004,
    "median": 0.4797488749027252,
    "p05": 0.10944701731204987,
    "p95": 1.3590449094772339,
    "ci95": 0.024945623813374757
  },
  "MAE": {
    "mean": 0.1342470347881317,
    "std": 0.08342114835977554,
    "median": 0.11501312255859375,
    "p05": 0.03678536042571068,
    "p95": 0.3016507625579834,
    "ci95": 0.005170496343336721
  },
  "RMSE": {
    "mean": 0.15913255512714386,
    "std": 0.09589022397994995,
    "median": 0.13884402811527252,
    "p05": 0.04482830688357353,
    "p95": 0.3415641188621521,
    "ci95": 0.005943337657158624
  },
  "MaxAbs": {
    "mean": 0.2596392333507538,
    "std": 0.14466239511966705,
    "median": 0.2324569672346115,
    "p05": 0.08227965235710144,
    "p95": 0.5277551412582397,
    "ci95": 0.008966268142926137
  },
  "R2": {
    "mean": -0.24024845659732819,
    "std": 1.3829519748687744,
    "median": 0.29720619320869446,
    "p05": -3.0467913150787354,
    "p95": 0.9550176858901978,
    "ci95": 0.08571625145018004
  }
}