{
  "N_test": 1000,
  "relL2": {
    "mean": 0.05303748697042465,
    "std": 0.03948315978050232,
    "median": 0.04232555627822876,
    "p05": 0.015003560110926628,
    "p95": 0.12211292237043381,
    "ci95": 0.0024471915968841264
  },
  "MAE": {
    "mean": 0.011745474301278591,
    "std": 0.006700547412037849,
    "median": 0.010336476378142834,
    "p05": 0.004523966461420059,
    "p95": 0.022993789985775948,
    "ci95": 0.0004153042312829323
  },
  "RMSE": {
    "mean": 0.013781124725937843,
    "std": 0.007462751120328903,
    "median": 0.012335792183876038,
    "p05": 0.005554418079555035,
    "p95": 0.025998970493674278,
    "ci95": 0.00046254610656376767
  },
  "MaxAbs": {
    "mean": 0.025517653673887253,
    "std": 0.012172344140708447,
    "median": 0.023299137130379677,
    "p05": 0.010762064717710018,
    "p95": 0.04776701331138611,
    "ci95": 0.0007544497061816583
  },
  "R2": {
    "mean": 0.9900252819061279,
    "std": 0.01734371855854988,
    "median": 0.9947898387908936,
    "p05": 0.966773271560669,
    "p95": 0.9989258050918579,
    "ci95": 0.0010749748133422204
  }
}