{
  "N_test": 1000,
  "relL2": {
    "mean": 0.05091242492198944,
    "std": 0.04084012284874916,
    "median": 0.038517992943525314,
    "p05": 0.012850879691541195,
    "p95": 0.13051307201385498,
    "ci95": 0.0025312970392133804
  },
  "MAE": {
    "mean": 0.011003706604242325,
    "std": 0.006464037112891674,
    "median": 0.009625747799873352,
    "p05": 0.004156614188104868,
    "p95": 0.021850816905498505,
    "ci95": 0.00040064517106929435
  },
  "RMSE": {
    "mean": 0.012845167890191078,
    "std": 0.007153207901865244,
    "median": 0.011304670944809914,
    "p05": 0.004966570995748043,
    "p95": 0.024979449808597565,
    "ci95": 0.0004433604191135244
  },
  "MaxAbs": {
    "mean": 0.023759229108691216,
    "std": 0.012202784419059753,
    "median": 0.021484844386577606,
    "p05": 0.00952974148094654,
    "p95": 0.045099444687366486,
    "ci95": 0.0007563364141807713
  },
  "R2": {
    "mean": 0.9896534085273743,
    "std": 0.017743665724992752,
    "median": 0.9949222803115845,
    "p05": 0.9644399285316467,
    "p95": 0.999458909034729,
    "ci95": 0.001099763795540143
  }
}