{
  "N_test": 1000,
  "relL2": {
    "mean": 0.03383895009756088,
    "std": 0.022558648139238358,
    "median": 0.028156500309705734,
    "p05": 0.010858393274247646,
    "p95": 0.07183441519737244,
    "ci95": 0.0013981994974645237
  },
  "MAE": {
    "mean": 0.008600269444286823,
    "std": 0.007492120377719402,
    "median": 0.006431641988456249,
    "p05": 0.0025572809390723705,
    "p95": 0.022751521319150925,
    "ci95": 0.00046436643199598517
  },
  "RMSE": {
    "mean": 0.009756297804415226,
    "std": 0.008037881925702095,
    "median": 0.007505855523049831,
    "p05": 0.0032538771629333496,
    "p95": 0.025063173845410347,
    "ci95": 0.000498193083194891
  },
  "MaxAbs": {
    "mean": 0.016566330567002296,
    "std": 0.011395537294447422,
    "median": 0.013604151085019112,
    "p05": 0.006479297764599323,
    "p95": 0.03604971244931221,
    "ci95": 0.0007063027190321952
  },
  "R2": {
    "mean": 0.9956696629524231,
    "std": 0.006807205732911825,
    "median": 0.9976328611373901,
    "p05": 0.9859859347343445,
    "p95": 0.9995959401130676,
    "ci95": 0.00042191498250020084
  }
}