{
  "N_test": 1000,
  "relL2": {
    "mean": 0.02898513339459896,
    "std": 0.022595517337322235,
    "median": 0.021930832415819168,
    "p05": 0.007680418901145458,
    "p95": 0.07317547500133514,
    "ci95": 0.0014004846740369237
  },
  "MAE": {
    "mean": 0.007060336414724588,
    "std": 0.005116262007504702,
    "median": 0.005628623068332672,
    "p05": 0.0024062548764050007,
    "p95": 0.016428843140602112,
    "ci95": 0.00031710920457804677
  },
  "RMSE": {
    "mean": 0.007972890511155128,
    "std": 0.005238682962954044,
    "median": 0.006646825931966305,
    "p05": 0.0030129137448966503,
    "p95": 0.016970982775092125,
    "ci95": 0.00032469693400810363
  },
  "MaxAbs": {
    "mean": 0.014251365326344967,
    "std": 0.007281378842890263,
    "median": 0.012958386912941933,
    "p05": 0.0060328273102641106,
    "p95": 0.027252767235040665,
    "ci95": 0.0004513045363418534
  },
  "R2": {
    "mean": 0.9961990714073181,
    "std": 0.007780795451253653,
    "median": 0.9986327886581421,
    "p05": 0.9855250716209412,
    "p95": 0.9997714161872864,
    "ci95": 0.00048225869842324773
  }
}