{
  "N_test": 1000,
  "relL2": {
    "mean": 0.03110644966363907,
    "std": 0.024640986695885658,
    "median": 0.022987429052591324,
    "p05": 0.01113344170153141,
    "p95": 0.07408495992422104,
    "ci95": 0.001527264178356947
  },
  "MAE": {
    "mean": 0.007779323495924473,
    "std": 0.005361339543014765,
    "median": 0.0065231905318796635,
    "p05": 0.0026974889915436506,
    "p95": 0.017259549349546432,
    "ci95": 0.0003322992676028776
  },
  "RMSE": {
    "mean": 0.00884486734867096,
    "std": 0.00559175293892622,
    "median": 0.007568378932774067,
    "p05": 0.00321792159229517,
    "p95": 0.01838023029267788,
    "ci95": 0.0003465804378389664
  },
  "MaxAbs": {
    "mean": 0.015216844156384468,
    "std": 0.007674974389374256,
    "median": 0.013892784714698792,
    "p05": 0.006123071536421776,
    "p95": 0.028133850544691086,
    "ci95": 0.0004756998410561001
  },
  "R2": {
    "mean": 0.9957368969917297,
    "std": 0.009224306792020798,
    "median": 0.9983330368995667,
    "p05": 0.9843536615371704,
    "p95": 0.9996594190597534,
    "ci95": 0.0005717284582593576
  }
}