{
  "N_test": 1000,
  "relL2": {
    "mean": 0.04584278166294098,
    "std": 0.036774300038814545,
    "median": 0.03583161532878876,
    "p05": 0.012648056261241436,
    "p95": 0.11294185370206833,
    "ci95": 0.0022792947306290194
  },
  "MAE": {
    "mean": 0.009742374531924725,
    "std": 0.005429631099104881,
    "median": 0.008908827789127827,
    "p05": 0.004045400768518448,
    "p95": 0.01726415753364563,
    "ci95": 0.00033653202210203506
  },
  "RMSE": {
    "mean": 0.01156489085406065,
    "std": 0.00615500845015049,
    "median": 0.010694759897887707,
    "p05": 0.004991065710783005,
    "p95": 0.020148219540715218,
    "ci95": 0.0003814913761131465
  },
  "MaxAbs": {
    "mean": 0.022275950759649277,
    "std": 0.01058982964605093,
    "median": 0.02086585946381092,
    "p05": 0.009988504461944103,
    "p95": 0.03756505250930786,
    "ci95": 0.0006563644416080352
  },
  "R2": {
    "mean": 0.9911875128746033,
    "std": 0.0191827230155468,
    "median": 0.9959243535995483,
    "p05": 0.9686363935470581,
    "p95": 0.9994939565658569,
    "ci95": 0.0011889574904839243
  }
}