{
  "N_test": 1000,
  "relL2": {
    "mean": 0.03145916387438774,
    "std": 0.020750651136040688,
    "median": 0.026306508108973503,
    "p05": 0.009986447170376778,
    "p95": 0.06823625415563583,
    "ci95": 0.0012861386822204017
  },
  "MAE": {
    "mean": 0.008238175883889198,
    "std": 0.005648613907396793,
    "median": 0.007133400067687035,
    "p05": 0.0023773498833179474,
    "p95": 0.01798078790307045,
    "ci95": 0.000350104717177435
  },
  "RMSE": {
    "mean": 0.009458324871957302,
    "std": 0.0065191867761313915,
    "median": 0.008180690929293633,
    "p05": 0.0029030784498900175,
    "p95": 0.019768139347434044,
    "ci95": 0.0004040633826106582
  },
  "MaxAbs": {
    "mean": 0.0160535778850317,
    "std": 0.010809872299432755,
    "median": 0.01412106305360794,
    "p05": 0.005428288131952286,
    "p95": 0.031286850571632385,
    "ci95": 0.0006700028265626761
  },
  "R2": {
    "mean": 0.9960362315177917,
    "std": 0.005878109484910965,
    "median": 0.9981147050857544,
    "p05": 0.9846969842910767,
    "p95": 0.9996403455734253,
    "ci95": 0.00036432900043989296
  }
}