{
  "N_test": 1000,
  "relL2": {
    "mean": 0.02933274395763874,
    "std": 0.01838844083249569,
    "median": 0.023987339809536934,
    "p05": 0.011255593970417976,
    "p95": 0.06409931927919388,
    "ci95": 0.0011397273707386114
  },
  "MAE": {
    "mean": 0.008143182843923569,
    "std": 0.006847851909697056,
    "median": 0.006222688127309084,
    "p05": 0.0024458456318825483,
    "p95": 0.020728297531604767,
    "ci95": 0.0004244342586378569
  },
  "RMSE": {
    "mean": 0.009180791676044464,
    "std": 0.007020723540335894,
    "median": 0.00731528690084815,
    "p05": 0.003028110135346651,
    "p95": 0.021268723532557487,
    "ci95": 0.00043514895331252
  },
  "MaxAbs": {
    "mean": 0.015806742012500763,
    "std": 0.009401888586580753,
    "median": 0.013611052185297012,
    "p05": 0.006239376496523619,
    "p95": 0.030736232176423073,
    "ci95": 0.000582735091918433
  },
  "R2": {
    "mean": 0.9960494637489319,
    "std": 0.006622873712331057,
    "median": 0.998471736907959,
    "p05": 0.9844326972961426,
    "p95": 0.9996204376220703,
    "ci95": 0.0004104899654977701
  }
}