{
  "N_test": 1000,
  "relL2": {
    "mean": 0.06055113673210144,
    "std": 0.04968946799635887,
    "median": 0.045068077743053436,
    "p05": 0.0180798452347517,
    "p95": 0.15257197618484497,
    "ci95": 0.003079785133974531
  },
  "MAE": {
    "mean": 0.015495698899030685,
    "std": 0.01171312015503645,
    "median": 0.011896810494363308,
    "p05": 0.004716315306723118,
    "p95": 0.03856517747044563,
    "ci95": 0.0007259867086639391
  },
  "RMSE": {
    "mean": 0.017806271091103554,
    "std": 0.013143282383680344,
    "median": 0.013890244998037815,
    "p05": 0.005763062741607428,
    "p95": 0.044014822691679,
    "ci95": 0.0008146290819586603
  },
  "MaxAbs": {
    "mean": 0.028963103890419006,
    "std": 0.018641823902726173,
    "median": 0.024025529623031616,
    "p05": 0.011837399564683437,
    "p95": 0.06362537294626236,
    "ci95": 0.0011554322161387242
  },
  "R2": {
    "mean": 0.9866383671760559,
    "std": 0.035972967743873596,
    "median": 0.9930239915847778,
    "p05": 0.9590303897857666,
    "p95": 0.9987517595291138,
    "ci95": 0.00222962764042162
  }
}