{
  "N_test": 1000,
  "relL2": {
    "mean": 0.02966706082224846,
    "std": 0.01993395946919918,
    "median": 0.02481074258685112,
    "p05": 0.008481892757117748,
    "p95": 0.06835724413394928,
    "ci95": 0.0012355196082797497
  },
  "MAE": {
    "mean": 0.008404095657169819,
    "std": 0.008945610374212265,
    "median": 0.005438989028334618,
    "p05": 0.00243139429949224,
    "p95": 0.025143934413790703,
    "ci95": 0.0005544546753216621
  },
  "RMSE": {
    "mean": 0.009527335874736309,
    "std": 0.009507318958640099,
    "median": 0.006499128416180611,
    "p05": 0.0030999314039945602,
    "p95": 0.02644668146967888,
    "ci95": 0.0005892697340796564
  },
  "MaxAbs": {
    "mean": 0.016359278932213783,
    "std": 0.013124527409672737,
    "median": 0.0128360316157341,
    "p05": 0.006278128828853369,
    "p95": 0.037104323506355286,
    "ci95": 0.0008134666366263631
  },
  "R2": {
    "mean": 0.9965834021568298,
    "std": 0.005129908211529255,
    "median": 0.9981830716133118,
    "p05": 0.9886865019798279,
    "p95": 0.9997434616088867,
    "ci95": 0.0003179550050662524
  }
}