{
  "N_test": 1000,
  "relL2": {
    "mean": 0.045855216681957245,
    "std": 0.036647114902734756,
    "median": 0.03478230535984039,
    "p05": 0.01185959205031395,
    "p95": 0.11672715097665787,
    "ci95": 0.00227141171422422
  },
  "MAE": {
    "mean": 0.010312788188457489,
    "std": 0.006442002020776272,
    "median": 0.008778784424066544,
    "p05": 0.004268311429768801,
    "p95": 0.020360801368951797,
    "ci95": 0.00039927942191038304
  },
  "RMSE": {
    "mean": 0.012243113480508327,
    "std": 0.00721978722140193,
    "median": 0.010622017085552216,
    "p05": 0.0050011551938951015,
    "p95": 0.0246762502938509,
    "ci95": 0.00044748704809160583
  },
  "MaxAbs": {
    "mean": 0.02335260808467865,
    "std": 0.01260295882821083,
    "median": 0.020444460213184357,
    "p05": 0.0101747065782547,
    "p95": 0.04735221713781357,
    "ci95": 0.0007811394810276701
  },
  "R2": {
    "mean": 0.9907947778701782,
    "std": 0.017074426636099815,
    "median": 0.9964300394058228,
    "p05": 0.9618913531303406,
    "p95": 0.9995448589324951,
    "ci95": 0.0010582839270658387
  }
}