{
  "N_test": 1000,
  "relL2": {
    "mean": 0.02791084721684456,
    "std": 0.023224864155054092,
    "median": 0.021975919604301453,
    "p05": 0.007759890519082546,
    "p95": 0.0674569234251976,
    "ci95": 0.0014394919939282693
  },
  "MAE": {
    "mean": 0.007004331797361374,
    "std": 0.005952740553766489,
    "median": 0.005277011543512344,
    "p05": 0.002355126431211829,
    "p95": 0.017964577302336693,
    "ci95": 0.0003689546820111007
  },
  "RMSE": {
    "mean": 0.007958910427987576,
    "std": 0.006136794574558735,
    "median": 0.006387363187968731,
    "p05": 0.002896019956097007,
    "p95": 0.018669554963707924,
    "ci95": 0.00038036246840812417
  },
  "MaxAbs": {
    "mean": 0.014027251861989498,
    "std": 0.008070343174040318,
    "median": 0.012318164110183716,
    "p05": 0.0059295715764164925,
    "p95": 0.02816823683679104,
    "ci95": 0.0005002050522115373
  },
  "R2": {
    "mean": 0.9965550899505615,
    "std": 0.007434521336108446,
    "median": 0.9985437989234924,
    "p05": 0.9882928729057312,
    "p95": 0.9997889995574951,
    "ci95": 0.00046079640641032984
  }
}