{
  "N_test": 1000,
  "relL2": {
    "mean": 0.033710964024066925,
    "std": 0.026430854573845863,
    "median": 0.0257398784160614,
    "p05": 0.009053168818354607,
    "p95": 0.08424761891365051,
    "ci95": 0.0016382013387774273
  },
  "MAE": {
    "mean": 0.008008726872503757,
    "std": 0.0056803422048687935,
    "median": 0.006821374408900738,
    "p05": 0.002911100396886468,
    "p95": 0.016124138608574867,
    "ci95": 0.00035207125742873634
  },
  "RMSE": {
    "mean": 0.009183360263705254,
    "std": 0.006016610190272331,
    "median": 0.007996726781129837,
    "p05": 0.003542893100529909,
    "p95": 0.017682116478681564,
    "ci95": 0.0003729133630949365
  },
  "MaxAbs": {
    "mean": 0.01639319583773613,
    "std": 0.008512675762176514,
    "median": 0.015151992440223694,
    "p05": 0.006947317160665989,
    "p95": 0.029538415372371674,
    "ci95": 0.0005276211100633573
  },
  "R2": {
    "mean": 0.9951251149177551,
    "std": 0.00922362320125103,
    "median": 0.9979109764099121,
    "p05": 0.9827226996421814,
    "p95": 0.9997614026069641,
    "ci95": 0.0005716860888644869
  }
}