{
  "N_test": 1000,
  "relL2": {
    "mean": 0.027471881359815598,
    "std": 0.019710803404450417,
    "median": 0.02217293530702591,
    "p05": 0.007872737012803555,
    "p95": 0.06325096637010574,
    "ci95": 0.0012216882520893419
  },
  "MAE": {
    "mean": 0.006811332423239946,
    "std": 0.006086963694542646,
    "median": 0.005424678325653076,
    "p05": 0.0024303472600877285,
    "p95": 0.015627652406692505,
    "ci95": 0.0003772739184663606
  },
  "RMSE": {
    "mean": 0.007948372513055801,
    "std": 0.006466386374086142,
    "median": 0.006524428725242615,
    "p05": 0.003007596591487527,
    "p95": 0.01723686419427395,
    "ci95": 0.00040079077978668037
  },
  "MaxAbs": {
    "mean": 0.014932669699192047,
    "std": 0.00929995346814394,
    "median": 0.01320059597492218,
    "p05": 0.006115611642599106,
    "p95": 0.02774840220808983,
    "ci95": 0.0005764170878211736
  },
  "R2": {
    "mean": 0.9969334602355957,
    "std": 0.005087695084512234,
    "median": 0.9985018968582153,
    "p05": 0.9888627529144287,
    "p95": 0.9997950196266174,
    "ci95": 0.0003153386083470296
  }
}