{
  "adam": {
    "final_loss": 0.04503843999403341,
    "final_l2_error": 0.04895754247874808,
    "final_h1_error": 0.4277843193754454,
    "training_time_seconds": 46.19881899980828
  },
  "engd": {
    "final_loss": 7.892875418089994e-11,
    "final_l2_error": 7.259104482620773e-08,
    "final_h1_error": 1.3750397609411394e-06,
    "training_time_seconds": 9.769312599906698
  },
  "gd": {
    "final_loss": 0.14694004472777042,
    "final_l2_error": 0.054424063676758165,
    "final_h1_error": 0.4893035785649456,
    "training_time_seconds": 112.79904600000009
  },
  "precond": {
    "final_loss": 3.9338961978621946e-05,
    "final_l2_error": 0.002012501351311825,
    "final_h1_error": 0.0024692811541935935,
    "training_time_seconds": 6.869777100160718
  }
}