{
  "N_test": 1000,
  "relL2": {
    "mean": 0.8284690380096436,
    "std": 0.13181869685649872,
    "median": 0.8024210929870605,
    "p05": 0.6559364199638367,
    "p95": 1.0805513858795166,
    "ci95": 0.008170207477131548
  },
  "MAE": {
    "mean": 0.24625003337860107,
    "std": 0.15993179380893707,
    "median": 0.209518164396286,
    "p05": 0.059030354022979736,
    "p95": 0.565223217010498,
    "ci95": 0.00991267527876808
  },
  "RMSE": {
    "mean": 0.2909201681613922,
    "std": 0.1846117526292801,
    "median": 0.24651078879833221,
    "p05": 0.07493872940540314,
    "p95": 0.6601729393005371,
    "ci95": 0.011442354974424428
  },
  "MaxAbs": {
    "mean": 0.491282194852829,
    "std": 0.29588139057159424,
    "median": 0.41878870129585266,
    "p05": 0.13461211323738098,
    "p95": 1.0707354545593262,
    "ci95": 0.018338918584696506
  },
  "R2": {
    "mean": -1.5682040452957153,
    "std": 1.8475700616836548,
    "median": -0.9973969459533691,
    "p05": -4.97728157043457,
    "p95": 0.2039695680141449,
    "ci95": 0.11451357882049946
  }
}