{
  "N_test": 1000,
  "relL2": {
    "mean": 0.032451331615448,
    "std": 0.02122402936220169,
    "median": 0.02683575078845024,
    "p05": 0.00967456679791212,
    "p95": 0.07655782997608185,
    "ci95": 0.0013154789686526237
  },
  "MAE": {
    "mean": 0.008277254179120064,
    "std": 0.007592990528792143,
    "median": 0.005766070447862148,
    "p05": 0.002342653227970004,
    "p95": 0.02254740707576275,
    "ci95": 0.0004706184287321619
  },
  "RMSE": {
    "mean": 0.009255073964595795,
    "std": 0.007703701034188271,
    "median": 0.007010628003627062,
    "p05": 0.0028557856567204,
    "p95": 0.023447714745998383,
    "ci95": 0.00047748033694818036
  },
  "MaxAbs": {
    "mean": 0.015357640571892262,
    "std": 0.009671580977737904,
    "median": 0.013375356793403625,
    "p05": 0.005778530612587929,
    "p95": 0.03155295178294182,
    "ci95": 0.0005994507995024364
  },
  "R2": {
    "mean": 0.9958575367927551,
    "std": 0.006649638991802931,
    "median": 0.9980360865592957,
    "p05": 0.9851049780845642,
    "p95": 0.9996842741966248,
    "ci95": 0.0004121488947064747
  }
}