{
  "adam": {
    "final_loss": 0.02336915933038195,
    "final_l2_error": 0.03934261433382187,
    "final_h1_error": 0.3290718042728756,
    "training_time_seconds": 42.412519500008784
  },
  "engd": {
    "final_loss": 7.048687812509456e-12,
    "final_l2_error": 8.305792506087722e-08,
    "final_h1_error": 1.515488408873885e-06,
    "training_time_seconds": 15.49535590002779
  },
  "gd": {
    "final_loss": 0.16860712863542332,
    "final_l2_error": 0.06901631553777454,
    "final_h1_error": 0.5672741426792387,
    "training_time_seconds": 107.78169079998042
  },
  "precond": {
    "final_loss": 1.728086950741307e-06,
    "final_l2_error": 3.936019741638794e-05,
    "final_h1_error": 0.00019926898432082142,
    "training_time_seconds": 5.5976400000508875
  }
}