{
  "N_test": 1000,
  "relL2": {
    "mean": 0.03267798200249672,
    "std": 0.021871168166399002,
    "median": 0.026773573830723763,
    "p05": 0.00937655009329319,
    "p95": 0.0748700350522995,
    "ci95": 0.0013555890472900318
  },
  "MAE": {
    "mean": 0.008416288532316685,
    "std": 0.006905266549438238,
    "median": 0.006843092385679483,
    "p05": 0.002707468345761299,
    "p95": 0.019024072214961052,
    "ci95": 0.000427992854877212
  },
  "RMSE": {
    "mean": 0.009615940041840076,
    "std": 0.007118462584912777,
    "median": 0.008168648928403854,
    "p05": 0.0033609645906835794,
    "p95": 0.01962541602551937,
    "ci95": 0.00044120688205747695
  },
  "MaxAbs": {
    "mean": 0.017029760405421257,
    "std": 0.009426361881196499,
    "median": 0.015434421598911285,
    "p05": 0.006871927063912153,
    "p95": 0.029918238520622253,
    "ci95": 0.0005842519624339812
  },
  "R2": {
    "mean": 0.9956820011138916,
    "std": 0.006715716794133186,
    "median": 0.9978662729263306,
    "p05": 0.9857071042060852,
    "p95": 0.9996774196624756,
    "ci95": 0.00041624443932605765
  }
}