{
  "N_test": 1000,
  "relL2": {
    "mean": 0.034161217510700226,
    "std": 0.024345489218831062,
    "median": 0.027562091127038002,
    "p05": 0.011350528337061405,
    "p95": 0.0785742849111557,
    "ci95": 0.00150894905497856
  },
  "MAE": {
    "mean": 0.0074926805682480335,
    "std": 0.004961524158716202,
    "median": 0.006664713844656944,
    "p05": 0.0027900163549929857,
    "p95": 0.013162137940526009,
    "ci95": 0.0003075184533468816
  },
  "RMSE": {
    "mean": 0.008930396288633347,
    "std": 0.005309040192514658,
    "median": 0.008094027638435364,
    "p05": 0.0035012364387512207,
    "p95": 0.015957191586494446,
    "ci95": 0.0003290577202754126
  },
  "MaxAbs": {
    "mean": 0.0169542133808136,
    "std": 0.008330893702805042,
    "median": 0.015766941010951996,
    "p05": 0.00700514018535614,
    "p95": 0.02965608984231949,
    "ci95": 0.0005163541412941091
  },
  "R2": {
    "mean": 0.995650589466095,
    "std": 0.006917870603501797,
    "median": 0.9977096319198608,
    "p05": 0.9850622415542603,
    "p95": 0.9996641874313354,
    "ci95": 0.0004287740622416298
  }
}