{
  "N_test": 1000,
  "relL2": {
    "mean": 0.04633156210184097,
    "std": 0.03509189933538437,
    "median": 0.03700149804353714,
    "p05": 0.013562530279159546,
    "p95": 0.11064102500677109,
    "ci95": 0.0021750184546948065
  },
  "MAE": {
    "mean": 0.01157358568161726,
    "std": 0.009522495791316032,
    "median": 0.009037196636199951,
    "p05": 0.004047960042953491,
    "p95": 0.02767784334719181,
    "ci95": 0.0005902104039145515
  },
  "RMSE": {
    "mean": 0.013387536630034447,
    "std": 0.010154885239899158,
    "median": 0.010584499686956406,
    "p05": 0.004850604105740786,
    "p95": 0.031524647027254105,
    "ci95": 0.0006294063080198518
  },
  "MaxAbs": {
    "mean": 0.024053068831562996,
    "std": 0.015337500721216202,
    "median": 0.019918367266654968,
    "p05": 0.009648689068853855,
    "p95": 0.051646679639816284,
    "ci95": 0.0009506281435129606
  },
  "R2": {
    "mean": 0.9910547137260437,
    "std": 0.018147552385926247,
    "median": 0.9957751035690308,
    "p05": 0.9677501320838928,
    "p95": 0.9993732571601868,
    "ci95": 0.001124796950136299
  }
}