{
  "N_test": 1000,
  "relL2": {
    "mean": 0.052957914769649506,
    "std": 0.03644593432545662,
    "median": 0.043330129235982895,
    "p05": 0.01633806712925434,
    "p95": 0.12682652473449707,
    "ci95": 0.0022589424128585654
  },
  "MAE": {
    "mean": 0.012656910344958305,
    "std": 0.008529985323548317,
    "median": 0.01079499814659357,
    "p05": 0.004549943841993809,
    "p95": 0.027543799951672554,
    "ci95": 0.0005286939677923313
  },
  "RMSE": {
    "mean": 0.01486477255821228,
    "std": 0.00896824337542057,
    "median": 0.013057462871074677,
    "p05": 0.0054700374603271484,
    "p95": 0.02947196178138256,
    "ci95": 0.0005558574832700923
  },
  "MaxAbs": {
    "mean": 0.0283260066062212,
    "std": 0.013955211266875267,
    "median": 0.025659024715423584,
    "p05": 0.010926524177193642,
    "p95": 0.05444972962141037,
    "ci95": 0.0008649529555105266
  },
  "R2": {
    "mean": 0.989948034286499,
    "std": 0.014827667735517025,
    "median": 0.9945263862609863,
    "p05": 0.9647639393806458,
    "p95": 0.9989596605300903,
    "ci95": 0.000919028367675529
  }
}