{
  "N_test": 1000,
  "relL2": {
    "mean": 0.025727368891239166,
    "std": 0.01842125691473484,
    "median": 0.020093103870749474,
    "p05": 0.007713907398283482,
    "p95": 0.06233839690685272,
    "ci95": 0.00114176133258829
  },
  "MAE": {
    "mean": 0.006041788496077061,
    "std": 0.004821574781090021,
    "median": 0.004884827882051468,
    "p05": 0.0021966462954878807,
    "p95": 0.013541121035814285,
    "ci95": 0.00029884430105461547
  },
  "RMSE": {
    "mean": 0.006994310300797224,
    "std": 0.005256811156868935,
    "median": 0.005818340927362442,
    "p05": 0.0027087340131402016,
    "p95": 0.01455059926956892,
    "ci95": 0.0003258205311077743
  },
  "MaxAbs": {
    "mean": 0.01297175046056509,
    "std": 0.008325629867613316,
    "median": 0.011316699907183647,
    "p05": 0.005175708327442408,
    "p95": 0.024967147037386894,
    "ci95": 0.0005160278854088105
  },
  "R2": {
    "mean": 0.9971075654029846,
    "std": 0.005439270753413439,
    "median": 0.9987848997116089,
    "p05": 0.9888320565223694,
    "p95": 0.9998137354850769,
    "ci95": 0.00033712949406608034
  }
}