{
  "N_test": 1000,
  "relL2": {
    "mean": 0.03217553719878197,
    "std": 0.022677119821310043,
    "median": 0.02491817995905876,
    "p05": 0.009971456602215767,
    "p95": 0.07788974791765213,
    "ci95": 0.0014055424483946498
  },
  "MAE": {
    "mean": 0.007672179955989122,
    "std": 0.005395194515585899,
    "median": 0.006604855880141258,
    "p05": 0.002489711157977581,
    "p95": 0.0156761035323143,
    "ci95": 0.0003343976205424449
  },
  "RMSE": {
    "mean": 0.008723241277039051,
    "std": 0.005945579614490271,
    "median": 0.007656257599592209,
    "p05": 0.003034761408343911,
    "p95": 0.01790717989206314,
    "ci95": 0.0003685108423964401
  },
  "MaxAbs": {
    "mean": 0.014556425623595715,
    "std": 0.008832283318042755,
    "median": 0.013122200965881348,
    "p05": 0.0058919875882565975,
    "p95": 0.027517374604940414,
    "ci95": 0.0005474305916085193
  },
  "R2": {
    "mean": 0.9963234663009644,
    "std": 0.004749327898025513,
    "median": 0.9979448318481445,
    "p05": 0.988245964050293,
    "p95": 0.9996969103813171,
    "ci95": 0.0002943663928497143
  }
}