{
  "N_test": 1000,
  "relL2": {
    "mean": 0.030608752742409706,
    "std": 0.023240651935338974,
    "median": 0.022487692534923553,
    "p05": 0.009009696543216705,
    "p95": 0.07620526850223541,
    "ci95": 0.0014404705306882805
  },
  "MAE": {
    "mean": 0.007466076407581568,
    "std": 0.004889482632279396,
    "median": 0.0061346376314759254,
    "p05": 0.0026143286377191544,
    "p95": 0.015969596803188324,
    "ci95": 0.000303053273277633
  },
  "RMSE": {
    "mean": 0.008462917059659958,
    "std": 0.0050407759845256805,
    "median": 0.007230711635202169,
    "p05": 0.0031672529876232147,
    "p95": 0.01735753007233143,
    "ci95": 0.00031243053240126504
  },
  "MaxAbs": {
    "mean": 0.014647157862782478,
    "std": 0.007157986983656883,
    "median": 0.01327940821647644,
    "p05": 0.006034410558640957,
    "p95": 0.028233012184500694,
    "ci95": 0.00044365662967180635
  },
  "R2": {
    "mean": 0.9960683584213257,
    "std": 0.007407096680253744,
    "median": 0.9984251856803894,
    "p05": 0.9854212403297424,
    "p95": 0.9997450113296509,
    "ci95": 0.0004590966086300061
  }
}