{
  "N_test": 1000,
  "relL2": {
    "mean": 0.03593473136425018,
    "std": 0.028323635458946228,
    "median": 0.02899056114256382,
    "p05": 0.0071020289324223995,
    "p95": 0.0844818502664566,
    "ci95": 0.0017555171134649408
  },
  "MAE": {
    "mean": 0.008628330193459988,
    "std": 0.005801346618682146,
    "median": 0.007187632843852043,
    "p05": 0.002584801521152258,
    "p95": 0.019495515152812004,
    "ci95": 0.0003595711886985776
  },
  "RMSE": {
    "mean": 0.009818890132009983,
    "std": 0.006315214093774557,
    "median": 0.008261315524578094,
    "p05": 0.0031674010679125786,
    "p95": 0.02172981947660446,
    "ci95": 0.000391421024779306
  },
  "MaxAbs": {
    "mean": 0.01631866954267025,
    "std": 0.009223024360835552,
    "median": 0.014418300241231918,
    "p05": 0.005969887133687735,
    "p95": 0.03207188844680786,
    "ci95": 0.0005716489723509967
  },
  "R2": {
    "mean": 0.9944037795066833,
    "std": 0.010936089791357517,
    "median": 0.9976300001144409,
    "p05": 0.9794918298721313,
    "p95": 0.9998164176940918,
    "ci95": 0.0006778258677613848
  }
}