{
  "N_test": 1000,
  "relL2": {
    "mean": 0.02842625044286251,
    "std": 0.022948188707232475,
    "median": 0.0220460444688797,
    "p05": 0.007684485986828804,
    "p95": 0.06854519993066788,
    "ci95": 0.0014223434720081068
  },
  "MAE": {
    "mean": 0.0070727807469666,
    "std": 0.0060928999446332455,
    "median": 0.005576602183282375,
    "p05": 0.002260663313791156,
    "p95": 0.016977349296212196,
    "ci95": 0.0003776418510588754
  },
  "RMSE": {
    "mean": 0.008154308423399925,
    "std": 0.00645730784162879,
    "median": 0.006560273468494415,
    "p05": 0.00276203453540802,
    "p95": 0.018785938620567322,
    "ci95": 0.0004002280865152912
  },
  "MaxAbs": {
    "mean": 0.014361703768372536,
    "std": 0.009304040111601353,
    "median": 0.01218460500240326,
    "p05": 0.005317778326570988,
    "p95": 0.02906549721956253,
    "ci95": 0.0005766703806068585
  },
  "R2": {
    "mean": 0.9965702295303345,
    "std": 0.005795483477413654,
    "median": 0.9985471963882446,
    "p05": 0.9862071871757507,
    "p95": 0.9997997283935547,
    "ci95": 0.00035920778743780296
  }
}