{
  "N_test": 1000,
  "relL2": {
    "mean": 0.037317242473363876,
    "std": 0.033938635140657425,
    "median": 0.02660466730594635,
    "p05": 0.00915751326829195,
    "p95": 0.0973048135638237,
    "ci95": 0.0021035383993493672
  },
  "MAE": {
    "mean": 0.008528627455234528,
    "std": 0.005855536554008722,
    "median": 0.007376200519502163,
    "p05": 0.002681851852685213,
    "p95": 0.01796707883477211,
    "ci95": 0.0003629299156876059
  },
  "RMSE": {
    "mean": 0.009817305020987988,
    "std": 0.006417056079953909,
    "median": 0.008450370281934738,
    "p05": 0.0034096790477633476,
    "p95": 0.020173482596874237,
    "ci95": 0.000397733256479444
  },
  "MaxAbs": {
    "mean": 0.016679951921105385,
    "std": 0.009778100065886974,
    "median": 0.014992708340287209,
    "p05": 0.006824160926043987,
    "p95": 0.032106075435876846,
    "ci95": 0.0006060529209860086
  },
  "R2": {
    "mean": 0.9941601753234863,
    "std": 0.00981164537370205,
    "median": 0.9975638389587402,
    "p05": 0.9778257608413696,
    "p95": 0.999758780002594,
    "ci95": 0.0006081320807051474
  }
}