{
  "N_test": 1000,
  "relL2": {
    "mean": 0.056172873824834824,
    "std": 0.043291378766298294,
    "median": 0.04330121725797653,
    "p05": 0.015506140887737274,
    "p95": 0.14443130791187286,
    "ci95": 0.0026832274550308353
  },
  "MAE": {
    "mean": 0.013766600750386715,
    "std": 0.010121917352080345,
    "median": 0.011059129610657692,
    "p05": 0.004808527417480946,
    "p95": 0.03185919299721718,
    "ci95": 0.0006273629371628653
  },
  "RMSE": {
    "mean": 0.015906834974884987,
    "std": 0.010904555208981037,
    "median": 0.013045999221503735,
    "p05": 0.005939527880400419,
    "p95": 0.03553727641701698,
    "ci95": 0.0006758713340960959
  },
  "MaxAbs": {
    "mean": 0.028231190517544746,
    "std": 0.016798533499240875,
    "median": 0.023818135261535645,
    "p05": 0.011440206319093704,
    "p95": 0.05914302170276642,
    "ci95": 0.0010411838932814956
  },
  "R2": {
    "mean": 0.9866881370544434,
    "std": 0.024088023230433464,
    "median": 0.9942695498466492,
    "p05": 0.9495741724967957,
    "p95": 0.9992479085922241,
    "ci95": 0.0014929911476886475
  }
}