{
  "N_test": 1000,
  "relL2": {
    "mean": 0.03319172561168671,
    "std": 0.020410386845469475,
    "median": 0.027259889990091324,
    "p05": 0.014576975256204605,
    "p95": 0.07037200033664703,
    "ci95": 0.0012650488829937245
  },
  "MAE": {
    "mean": 0.00947563350200653,
    "std": 0.00902806967496872,
    "median": 0.00680246576666832,
    "p05": 0.003206036752089858,
    "p95": 0.02622113935649395,
    "ci95": 0.0005595655557329048
  },
  "RMSE": {
    "mean": 0.010777942836284637,
    "std": 0.009533009491860867,
    "median": 0.008088955655694008,
    "p05": 0.003928761463612318,
    "p95": 0.027951331809163094,
    "ci95": 0.0005908620498255808
  },
  "MaxAbs": {
    "mean": 0.018707778304815292,
    "std": 0.012933964841067791,
    "median": 0.01563866436481476,
    "p05": 0.007558384444564581,
    "p95": 0.04111287370324135,
    "ci95": 0.000801655446256514
  },
  "R2": {
    "mean": 0.9956994652748108,
    "std": 0.006151873618364334,
    "median": 0.9976539611816406,
    "p05": 0.9864566326141357,
    "p95": 0.9994248747825623,
    "ci95": 0.00038129707722604186
  }
}