{
  "N_test": 1000,
  "relL2": {
    "mean": 0.03556148707866669,
    "std": 0.020036790519952774,
    "median": 0.031776994466781616,
    "p05": 0.011415915563702583,
    "p95": 0.0749957412481308,
    "ci95": 0.0012418931428373164
  },
  "MAE": {
    "mean": 0.009100159630179405,
    "std": 0.00524959247559309,
    "median": 0.008146953769028187,
    "p05": 0.0030170860700309277,
    "p95": 0.017647262662649155,
    "ci95": 0.0003253731126068985
  },
  "RMSE": {
    "mean": 0.010534057393670082,
    "std": 0.005796749610453844,
    "median": 0.009417165070772171,
    "p05": 0.0038014198653399944,
    "p95": 0.02009887434542179,
    "ci95": 0.00035928626317666774
  },
  "MaxAbs": {
    "mean": 0.01842493563890457,
    "std": 0.008612418547272682,
    "median": 0.017069127410650253,
    "p05": 0.007955340668559074,
    "p95": 0.03256137669086456,
    "ci95": 0.0005338032319323802
  },
  "R2": {
    "mean": 0.9948802590370178,
    "std": 0.005840606987476349,
    "median": 0.9966388940811157,
    "p05": 0.983807384967804,
    "p95": 0.9996476173400879,
    "ci95": 0.000362004571567068
  }
}