{
  "N_test": 1000,
  "relL2": {
    "mean": 0.06239015609025955,
    "std": 0.05384029448032379,
    "median": 0.04612792283296585,
    "p05": 0.013204138725996017,
    "p95": 0.15887321531772614,
    "ci95": 0.0033370560248594905
  },
  "MAE": {
    "mean": 0.013257958926260471,
    "std": 0.006434144917875528,
    "median": 0.01225169375538826,
    "p05": 0.005032790824770927,
    "p95": 0.024088477715849876,
    "ci95": 0.0003987924336272404
  },
  "RMSE": {
    "mean": 0.015641452744603157,
    "std": 0.007402440067380667,
    "median": 0.0145716592669487,
    "p05": 0.005974062718451023,
    "p95": 0.027839984744787216,
    "ci95": 0.00045880798877393863
  },
  "MaxAbs": {
    "mean": 0.02877200022339821,
    "std": 0.012935636565089226,
    "median": 0.027437886223196983,
    "p05": 0.01156111154705286,
    "p95": 0.050189048051834106,
    "ci95": 0.0008017590607848422
  },
  "R2": {
    "mean": 0.9850872755050659,
    "std": 0.025372957810759544,
    "median": 0.9937567114830017,
    "p05": 0.9441813230514526,
    "p95": 0.9992052316665649,
    "ci95": 0.0015726322180842501
  }
}