{
  "N_test": 1000,
  "relL2": {
    "mean": 0.05007687956094742,
    "std": 0.04218149930238724,
    "median": 0.03773416578769684,
    "p05": 0.011622830294072628,
    "p95": 0.1292162835597992,
    "ci95": 0.0026144364131604056
  },
  "MAE": {
    "mean": 0.010819393210113049,
    "std": 0.005517567973583937,
    "median": 0.009898246265947819,
    "p05": 0.004046945832669735,
    "p95": 0.020705334842205048,
    "ci95": 0.00034198240604996997
  },
  "RMSE": {
    "mean": 0.012919602915644646,
    "std": 0.006446403916925192,
    "median": 0.011778619140386581,
    "p05": 0.0049536279402673244,
    "p95": 0.023850927129387856,
    "ci95": 0.00039955225426032364
  },
  "MaxAbs": {
    "mean": 0.02514779195189476,
    "std": 0.012049026787281036,
    "median": 0.023061037063598633,
    "p05": 0.009566623717546463,
    "p95": 0.045314688235521317,
    "ci95": 0.0007468064174293083
  },
  "R2": {
    "mean": 0.9902472496032715,
    "std": 0.01703551597893238,
    "median": 0.9957526922225952,
    "p05": 0.9644964337348938,
    "p95": 0.9994381666183472,
    "ci95": 0.0010558722195485387
  }
}