{
  "N_test": 1000,
  "relL2": {
    "mean": 0.08548583835363388,
    "std": 0.06463687121868134,
    "median": 0.06911635398864746,
    "p05": 0.023059168830513954,
    "p95": 0.19905655086040497,
    "ci95": 0.004006234784009123
  },
  "MAE": {
    "mean": 0.02111964114010334,
    "std": 0.012965445406734943,
    "median": 0.017876971513032913,
    "p05": 0.007202955894172192,
    "p95": 0.04697095975279808,
    "ci95": 0.0008036066319314725
  },
  "RMSE": {
    "mean": 0.02360513247549534,
    "std": 0.013582630082964897,
    "median": 0.020305238664150238,
    "p05": 0.008685891516506672,
    "p95": 0.049649085849523544,
    "ci95": 0.0008418601344827412
  },
  "MaxAbs": {
    "mean": 0.03893125057220459,
    "std": 0.020127370953559875,
    "median": 0.03488759696483612,
    "p05": 0.01572677306830883,
    "p95": 0.074309341609478,
    "ci95": 0.0012475073762775407
  },
  "R2": {
    "mean": 0.9686893224716187,
    "std": 0.05028359219431877,
    "median": 0.9867909550666809,
    "p05": 0.8678103089332581,
    "p95": 0.9981616735458374,
    "ci95": 0.003116609333274582
  }
}