{
  "N_test": 1000,
  "relL2": {
    "mean": 0.0507301464676857,
    "std": 0.03791053593158722,
    "median": 0.03993108496069908,
    "p05": 0.013666066341102123,
    "p95": 0.12244778126478195,
    "ci95": 0.0023497193608847905
  },
  "MAE": {
    "mean": 0.011398108676075935,
    "std": 0.006414877250790596,
    "median": 0.009858604520559311,
    "p05": 0.004851088393479586,
    "p95": 0.02171565592288971,
    "ci95": 0.00039759821124879004
  },
  "RMSE": {
    "mean": 0.0136774443089962,
    "std": 0.007438504137098789,
    "median": 0.011907298117876053,
    "p05": 0.005779194179922342,
    "p95": 0.026395119726657867,
    "ci95": 0.00046104326297322437
  },
  "MaxAbs": {
    "mean": 0.02610914036631584,
    "std": 0.01348583772778511,
    "median": 0.02301333099603653,
    "p05": 0.010989242233335972,
    "p95": 0.052062902599573135,
    "ci95": 0.0008358608821545227
  },
  "R2": {
    "mean": 0.9909148216247559,
    "std": 0.013429174199700356,
    "median": 0.9948724508285522,
    "p05": 0.968757688999176,
    "p95": 0.9991899728775024,
    "ci95": 0.0008323488402979513
  }
}