{
  "N_test": 1000,
  "relL2": {
    "mean": 0.03066144324839115,
    "std": 0.024737799540162086,
    "median": 0.023524723947048187,
    "p05": 0.007541116327047348,
    "p95": 0.07744621485471725,
    "ci95": 0.0015332647006125323
  },
  "MAE": {
    "mean": 0.007025906816124916,
    "std": 0.004651397932320833,
    "median": 0.006176345981657505,
    "p05": 0.002489242469891906,
    "p95": 0.014505158178508282,
    "ci95": 0.0002882966306906586
  },
  "RMSE": {
    "mean": 0.008243879303336143,
    "std": 0.00518816290423274,
    "median": 0.007242543622851372,
    "p05": 0.003103692317381501,
    "p95": 0.017032861709594727,
    "ci95": 0.0003215656683276421
  },
  "MaxAbs": {
    "mean": 0.01523490808904171,
    "std": 0.008866014890372753,
    "median": 0.013320231810212135,
    "p05": 0.0058949170634150505,
    "p95": 0.03090331330895424,
    "ci95": 0.0005495212961219008
  },
  "R2": {
    "mean": 0.9960336685180664,
    "std": 0.007103798445314169,
    "median": 0.998260498046875,
    "p05": 0.9855407476425171,
    "p95": 0.9998289942741394,
    "ci95": 0.0004402979892687349
  }
}