{
  "N_test": 1000,
  "relL2": {
    "mean": 0.030986342579126358,
    "std": 0.02322077564895153,
    "median": 0.02448265627026558,
    "p05": 0.006909281946718693,
    "p95": 0.0744299367070198,
    "ci95": 0.0014392385856946421
  },
  "MAE": {
    "mean": 0.008099361322820187,
    "std": 0.007070503197610378,
    "median": 0.005792588926851749,
    "p05": 0.0021786722354590893,
    "p95": 0.02225693129003048,
    "ci95": 0.00043823432843586685
  },
  "RMSE": {
    "mean": 0.009106308221817017,
    "std": 0.0074164047837257385,
    "median": 0.006877599284052849,
    "p05": 0.002645142376422882,
    "p95": 0.023287417367100716,
    "ci95": 0.00045967353086029937
  },
  "MaxAbs": {
    "mean": 0.015256143175065517,
    "std": 0.010438000783324242,
    "median": 0.012543749064207077,
    "p05": 0.0053441813215613365,
    "p95": 0.034254517406225204,
    "ci95": 0.0006469539912009554
  },
  "R2": {
    "mean": 0.9952896237373352,
    "std": 0.008621931076049805,
    "median": 0.9983255863189697,
    "p05": 0.9799782037734985,
    "p95": 0.9998496770858765,
    "ci95": 0.0005343928245743547
  }
}