{
  "N_test": 1000,
  "relL2": {
    "mean": 0.049582161009311676,
    "std": 0.040302522480487823,
    "median": 0.03744712099432945,
    "p05": 0.012232228182256222,
    "p95": 0.1320679485797882,
    "ci95": 0.002497976223174219
  },
  "MAE": {
    "mean": 0.011768609285354614,
    "std": 0.008264427073299885,
    "median": 0.009619432501494884,
    "p05": 0.0026794050354510546,
    "p95": 0.026859406381845474,
    "ci95": 0.0005122344969165446
  },
  "RMSE": {
    "mean": 0.01307455264031887,
    "std": 0.00871620699763298,
    "median": 0.010928530246019363,
    "p05": 0.003355220193043351,
    "p95": 0.02924998290836811,
    "ci95": 0.0005402361067323542
  },
  "MaxAbs": {
    "mean": 0.02013459801673889,
    "std": 0.012255216017365456,
    "median": 0.017248738557100296,
    "p05": 0.006365720182657242,
    "p95": 0.04418592527508736,
    "ci95": 0.0007595861583121486
  },
  "R2": {
    "mean": 0.9906542897224426,
    "std": 0.013954974710941315,
    "median": 0.9958378076553345,
    "p05": 0.9643595218658447,
    "p95": 0.9995258450508118,
    "ci95": 0.0008649382936218383
  }
}