{
  "N_test": 1000,
  "relL2": {
    "mean": 0.03213993459939957,
    "std": 0.01758451759815216,
    "median": 0.02788352034986019,
    "p05": 0.012699141167104244,
    "p95": 0.06551532447338104,
    "ci95": 0.0010898996924432964
  },
  "MAE": {
    "mean": 0.008872922509908676,
    "std": 0.006362977437674999,
    "median": 0.007541215512901545,
    "p05": 0.002977270632982254,
    "p95": 0.01819450780749321,
    "ci95": 0.00039438142750497566
  },
  "RMSE": {
    "mean": 0.009905633516609669,
    "std": 0.00661358330398798,
    "median": 0.008670182898640633,
    "p05": 0.0035767864901572466,
    "p95": 0.019128946587443352,
    "ci95": 0.0004099141400229299
  },
  "MaxAbs": {
    "mean": 0.01581680029630661,
    "std": 0.008695196360349655,
    "median": 0.014376206323504448,
    "p05": 0.006872662343084812,
    "p95": 0.028210505843162537,
    "ci95": 0.0005389338539417779
  },
  "R2": {
    "mean": 0.9958016276359558,
    "std": 0.006024321541190147,
    "median": 0.9976646900177002,
    "p05": 0.9849164485931396,
    "p95": 0.9995669722557068,
    "ci95": 0.00037339131757658416
  }
}