{
  "N_test": 1000,
  "relL2": {
    "mean": 0.025007931515574455,
    "std": 0.014467954635620117,
    "median": 0.021307166665792465,
    "p05": 0.009894773364067078,
    "p95": 0.051799483597278595,
    "ci95": 0.0008967331187580004
  },
  "MAE": {
    "mean": 0.006746206898242235,
    "std": 0.004434565547853708,
    "median": 0.005557256750762463,
    "p05": 0.0020871164742857218,
    "p95": 0.014597464352846146,
    "ci95": 0.00027485722026479055
  },
  "RMSE": {
    "mean": 0.0076960232108831406,
    "std": 0.0046905935741961,
    "median": 0.006510221399366856,
    "p05": 0.0025260774418711662,
    "p95": 0.016034724190831184,
    "ci95": 0.00029072600174314967
  },
  "MaxAbs": {
    "mean": 0.01334841176867485,
    "std": 0.006774859502911568,
    "median": 0.012376109138131142,
    "p05": 0.0050689238123595715,
    "p95": 0.024667875841259956,
    "ci95": 0.0004199101423939994
  },
  "R2": {
    "mean": 0.9977330565452576,
    "std": 0.003940009046345949,
    "median": 0.9985730648040771,
    "p05": 0.9929261207580566,
    "p95": 0.9996674060821533,
    "ci95": 0.00024420429072717387
  }
}