{
  "N_test": 1000,
  "relL2": {
    "mean": 0.025064660236239433,
    "std": 0.01783151924610138,
    "median": 0.019150394946336746,
    "p05": 0.008295593783259392,
    "p95": 0.06252942979335785,
    "ci95": 0.0011052090131926542
  },
  "MAE": {
    "mean": 0.006173752713948488,
    "std": 0.004470652900636196,
    "median": 0.004998086020350456,
    "p05": 0.0021532250102609396,
    "p95": 0.013369669206440449,
    "ci95": 0.00027709393756335666
  },
  "RMSE": {
    "mean": 0.007265250198543072,
    "std": 0.004944892134517431,
    "median": 0.006027274765074253,
    "p05": 0.0025767094921320677,
    "p95": 0.015144944190979004,
    "ci95": 0.0003064875898069654
  },
  "MaxAbs": {
    "mean": 0.013187115080654621,
    "std": 0.007640233263373375,
    "median": 0.011834264732897282,
    "p05": 0.005146979354321957,
    "p95": 0.024600118398666382,
    "ci95": 0.0004735465637579232
  },
  "R2": {
    "mean": 0.9973635077476501,
    "std": 0.0049157473258674145,
    "median": 0.9987678527832031,
    "p05": 0.9905015826225281,
    "p95": 0.999801754951477,
    "ci95": 0.00030468117585181033
  }
}