{
  "N_test": 1000,
  "relL2": {
    "mean": 0.05653797835111618,
    "std": 0.04119490459561348,
    "median": 0.04665333032608032,
    "p05": 0.018124070018529892,
    "p95": 0.12631861865520477,
    "ci95": 0.002553286639703334
  },
  "MAE": {
    "mean": 0.0133588258177042,
    "std": 0.00953095592558384,
    "median": 0.010790063068270683,
    "p05": 0.004543261602520943,
    "p95": 0.03085060976445675,
    "ci95": 0.000590734768469055
  },
  "RMSE": {
    "mean": 0.015289919450879097,
    "std": 0.010320023633539677,
    "median": 0.012801241129636765,
    "p05": 0.005604156292974949,
    "p95": 0.034509703516960144,
    "ci95": 0.0006396416916995436
  },
  "MaxAbs": {
    "mean": 0.026525424793362617,
    "std": 0.015498492866754532,
    "median": 0.02293546497821808,
    "p05": 0.010614147409796715,
    "p95": 0.054285548627376556,
    "ci95": 0.0009606065400728101
  },
  "R2": {
    "mean": 0.9891330003738403,
    "std": 0.016913754865527153,
    "median": 0.9940225481987,
    "p05": 0.96401047706604,
    "p95": 0.9985318779945374,
    "ci95": 0.0010483253875520867
  }
}