{
  "N_test": 1000,
  "relL2": {
    "mean": 0.04866397753357887,
    "std": 0.040506865829229355,
    "median": 0.036969758570194244,
    "p05": 0.014117886312305927,
    "p95": 0.11558666080236435,
    "ci95": 0.0025106415551461136
  },
  "MAE": {
    "mean": 0.010461379773914814,
    "std": 0.007395372726023197,
    "median": 0.008681507781147957,
    "p05": 0.004219020716845989,
    "p95": 0.021686458960175514,
    "ci95": 0.000458369950418385
  },
  "RMSE": {
    "mean": 0.012155952863395214,
    "std": 0.00792374461889267,
    "median": 0.010347157716751099,
    "p05": 0.0051432386972010136,
    "p95": 0.024049954488873482,
    "ci95": 0.0004911187796267925
  },
  "MaxAbs": {
    "mean": 0.02216816507279873,
    "std": 0.012014039792120457,
    "median": 0.020024999976158142,
    "p05": 0.009877904318273067,
    "p95": 0.04076908528804779,
    "ci95": 0.000744637901002731
  },
  "R2": {
    "mean": 0.9903985857963562,
    "std": 0.01708241179585457,
    "median": 0.9961076974868774,
    "p05": 0.9611203670501709,
    "p95": 0.9993763566017151,
    "ci95": 0.001058778852395023
  }
}