{
  "N_test": 1000,
  "relL2": {
    "mean": 0.027211060747504234,
    "std": 0.0195360966026783,
    "median": 0.022060444578528404,
    "p05": 0.007363162003457546,
    "p95": 0.06344711035490036,
    "ci95": 0.0012108598123294026
  },
  "MAE": {
    "mean": 0.0070616924203932285,
    "std": 0.0060664815828204155,
    "median": 0.005329393781721592,
    "p05": 0.0021882401779294014,
    "p95": 0.01830948516726494,
    "ci95": 0.0003760044240294478
  },
  "RMSE": {
    "mean": 0.007997185923159122,
    "std": 0.006310760509222746,
    "median": 0.006251818500459194,
    "p05": 0.0026294870767742395,
    "p95": 0.019198929890990257,
    "ci95": 0.00039114498874896314
  },
  "MaxAbs": {
    "mean": 0.013508438132703304,
    "std": 0.008592098020017147,
    "median": 0.011542310938239098,
    "p05": 0.005063494201749563,
    "p95": 0.028123173862695694,
    "ci95": 0.0005325437526044729
  },
  "R2": {
    "mean": 0.9967396855354309,
    "std": 0.005245571956038475,
    "median": 0.9985995292663574,
    "p05": 0.9876036643981934,
    "p95": 0.9998325109481812,
    "ci95": 0.0003251239182231699
  }
}