{
  "N_test": 1000,
  "relL2": {
    "mean": 0.03163471445441246,
    "std": 0.02698591724038124,
    "median": 0.024160951375961304,
    "p05": 0.007927530445158482,
    "p95": 0.08037695288658142,
    "ci95": 0.0016726044792768422
  },
  "MAE": {
    "mean": 0.0077738575637340546,
    "std": 0.0062829661183059216,
    "median": 0.005985241383314133,
    "p05": 0.002415342489257455,
    "p95": 0.018302038311958313,
    "ci95": 0.00038942227455206766
  },
  "RMSE": {
    "mean": 0.008791710250079632,
    "std": 0.006648689974099398,
    "median": 0.00703142024576664,
    "p05": 0.002933069132268429,
    "p95": 0.019614186137914658,
    "ci95": 0.0004120900739798081
  },
  "MaxAbs": {
    "mean": 0.015597864985466003,
    "std": 0.01029722299426794,
    "median": 0.01345227099955082,
    "p05": 0.006059054285287857,
    "p95": 0.03090653568506241,
    "ci95": 0.0006382284934362949
  },
  "R2": {
    "mean": 0.9957146048545837,
    "std": 0.007894297130405903,
    "median": 0.9981412887573242,
    "p05": 0.9846259951591492,
    "p95": 0.9998021125793457,
    "ci95": 0.0004892936053809931
  }
}