{
  "N_test": 1000,
  "relL2": {
    "mean": 0.03996501863002777,
    "std": 0.023285355418920517,
    "median": 0.03459591045975685,
    "p05": 0.014951982535421848,
    "p95": 0.08383426815271378,
    "ci95": 0.001443241281306528
  },
  "MAE": {
    "mean": 0.011176979169249535,
    "std": 0.008916334249079227,
    "median": 0.009285509586334229,
    "p05": 0.0028292268980294466,
    "p95": 0.02488073520362377,
    "ci95": 0.0005526401222865658
  },
  "RMSE": {
    "mean": 0.012139145284891129,
    "std": 0.009273006580770016,
    "median": 0.010269323363900185,
    "p05": 0.003499426878988743,
    "p95": 0.025717556476593018,
    "ci95": 0.0005747469024380824
  },
  "MaxAbs": {
    "mean": 0.018449509516358376,
    "std": 0.011810778640210629,
    "median": 0.016647592186927795,
    "p05": 0.006593531463295221,
    "p95": 0.03497278317809105,
    "ci95": 0.000732039644285386
  },
  "R2": {
    "mean": 0.9934151768684387,
    "std": 0.009875833988189697,
    "median": 0.996722400188446,
    "p05": 0.97650146484375,
    "p95": 0.9993258118629456,
    "ci95": 0.0006121105322491239
  }
}