{
  "N_test": 1000,
  "relL2": {
    "mean": 0.047725677490234375,
    "std": 0.04131316393613815,
    "median": 0.03644130006432533,
    "p05": 0.010120305232703686,
    "p95": 0.12179730832576752,
    "ci95": 0.0025606164295680234
  },
  "MAE": {
    "mean": 0.01142842136323452,
    "std": 0.008782533928751945,
    "median": 0.009068144485354424,
    "p05": 0.0034400534350425005,
    "p95": 0.025781163945794106,
    "ci95": 0.0005443470925142369
  },
  "RMSE": {
    "mean": 0.013113168999552727,
    "std": 0.009911056607961655,
    "median": 0.01057206466794014,
    "p05": 0.004093442112207413,
    "p95": 0.029677530750632286,
    "ci95": 0.0006142936528404181
  },
  "MaxAbs": {
    "mean": 0.022305648773908615,
    "std": 0.01577259786427021,
    "median": 0.018570732325315475,
    "p05": 0.007877843454480171,
    "p95": 0.04910682886838913,
    "ci95": 0.0009775957438324231
  },
  "R2": {
    "mean": 0.9909975528717041,
    "std": 0.014308471232652664,
    "median": 0.9959203004837036,
    "p05": 0.9654890298843384,
    "p95": 0.9996079802513123,
    "ci95": 0.0008868482350315169
  }
}