{
  "N_test": 1000,
  "relL2": {
    "mean": 0.03095334582030773,
    "std": 0.021400153636932373,
    "median": 0.025226816534996033,
    "p05": 0.009737430140376091,
    "p95": 0.07093764841556549,
    "ci95": 0.0013263952642967498
  },
  "MAE": {
    "mean": 0.008591167628765106,
    "std": 0.008679652586579323,
    "median": 0.0059839882887899876,
    "p05": 0.0026630237698554993,
    "p95": 0.024131380021572113,
    "ci95": 0.0005379704408622246
  },
  "RMSE": {
    "mean": 0.009783260524272919,
    "std": 0.009210282936692238,
    "median": 0.007043121382594109,
    "p05": 0.003276546485722065,
    "p95": 0.026107680052518845,
    "ci95": 0.0005708592507008248
  },
  "MaxAbs": {
    "mean": 0.016767345368862152,
    "std": 0.012791079469025135,
    "median": 0.01351296529173851,
    "p05": 0.006458492483943701,
    "p95": 0.039938583970069885,
    "ci95": 0.0007927993191449974
  },
  "R2": {
    "mean": 0.9960145354270935,
    "std": 0.008061300031840801,
    "median": 0.9979719519615173,
    "p05": 0.9866069555282593,
    "p95": 0.9996892809867859,
    "ci95": 0.0004996445524510543
  }
}