{
  "N_test": 1000,
  "relL2": {
    "mean": 0.03461604192852974,
    "std": 0.023074550554156303,
    "median": 0.027564741671085358,
    "p05": 0.010862858965992928,
    "p95": 0.0778200775384903,
    "ci95": 0.0014301754604223538
  },
  "MAE": {
    "mean": 0.00923654530197382,
    "std": 0.008313911966979504,
    "median": 0.006770080886781216,
    "p05": 0.0029413336887955666,
    "p95": 0.023076042532920837,
    "ci95": 0.0005153016024030023
  },
  "RMSE": {
    "mean": 0.010472648777067661,
    "std": 0.008505987003445625,
    "median": 0.008273731917142868,
    "p05": 0.003665327560156584,
    "p95": 0.024218350648880005,
    "ci95": 0.0005272065365021021
  },
  "MaxAbs": {
    "mean": 0.018800996243953705,
    "std": 0.011292541399598122,
    "median": 0.01623322069644928,
    "p05": 0.00737007986754179,
    "p95": 0.037395112216472626,
    "ci95": 0.0006999189673317237
  },
  "R2": {
    "mean": 0.9951301217079163,
    "std": 0.006921376567333937,
    "median": 0.9975203275680542,
    "p05": 0.981963038444519,
    "p95": 0.9996399879455566,
    "ci95": 0.00042899136413126305
  }
}