{
  "N_test": 1000,
  "relL2": {
    "mean": 0.03333573788404465,
    "std": 0.023440850898623466,
    "median": 0.027326693758368492,
    "p05": 0.010299138724803925,
    "p95": 0.07656773179769516,
    "ci95": 0.0014528789909882753
  },
  "MAE": {
    "mean": 0.008055792190134525,
    "std": 0.0070712147280573845,
    "median": 0.005746637471020222,
    "p05": 0.002721616066992283,
    "p95": 0.0207989364862442,
    "ci95": 0.00043827842954987403
  },
  "RMSE": {
    "mean": 0.00930369645357132,
    "std": 0.007639147806912661,
    "median": 0.007006139028817415,
    "p05": 0.003351987572386861,
    "p95": 0.02316189743578434,
    "ci95": 0.0004734792864694738
  },
  "MaxAbs": {
    "mean": 0.01704525016248226,
    "std": 0.012202581390738487,
    "median": 0.013966456055641174,
    "p05": 0.006724133621901274,
    "p95": 0.03923646733164787,
    "ci95": 0.0007563238303550468
  },
  "R2": {
    "mean": 0.9959973096847534,
    "std": 0.005776554811745882,
    "median": 0.9978494048118591,
    "p05": 0.9867143630981445,
    "p95": 0.9996365308761597,
    "ci95": 0.0003580345765848743
  }
}