{
  "N_test": 1000,
  "relL2": {
    "mean": 0.04291212186217308,
    "std": 0.033128947019577026,
    "median": 0.03285412862896919,
    "p05": 0.01565520651638508,
    "p95": 0.09925995022058487,
    "ci95": 0.002053353409672241
  },
  "MAE": {
    "mean": 0.009679341688752174,
    "std": 0.007022158708423376,
    "median": 0.00832388550043106,
    "p05": 0.004083038307726383,
    "p95": 0.017928337678313255,
    "ci95": 0.00043523790595216
  },
  "RMSE": {
    "mean": 0.011455178260803223,
    "std": 0.0074998801574110985,
    "median": 0.01002039946615696,
    "p05": 0.004943968262523413,
    "p95": 0.020750951021909714,
    "ci95": 0.000464847388124136
  },
  "MaxAbs": {
    "mean": 0.021652041003108025,
    "std": 0.011150149628520012,
    "median": 0.019786745309829712,
    "p05": 0.009799251332879066,
    "p95": 0.03947322815656662,
    "ci95": 0.0006910934339249503
  },
  "R2": {
    "mean": 0.9930849671363831,
    "std": 0.016396701335906982,
    "median": 0.9964914321899414,
    "p05": 0.9780433773994446,
    "p95": 0.9992115497589111,
    "ci95": 0.0010162780777658368
  }
}