{
  "N_test": 1000,
  "relL2": {
    "mean": 0.029128393158316612,
    "std": 0.019440772011876106,
    "median": 0.02378775365650654,
    "p05": 0.008787581697106361,
    "p95": 0.06611602753400803,
    "ci95": 0.0012049515329798169
  },
  "MAE": {
    "mean": 0.007568749599158764,
    "std": 0.005913344211876392,
    "median": 0.006275181658565998,
    "p05": 0.002342357998713851,
    "p95": 0.01649370789527893,
    "ci95": 0.00036651287144281303
  },
  "RMSE": {
    "mean": 0.008591262623667717,
    "std": 0.006104158703237772,
    "median": 0.00736211845651269,
    "p05": 0.0029315107967704535,
    "p95": 0.017569608986377716,
    "ci95": 0.0003783396761468753
  },
  "MaxAbs": {
    "mean": 0.015018204227089882,
    "std": 0.008185598067939281,
    "median": 0.014051265083253384,
    "p05": 0.005809302907437086,
    "p95": 0.02620125003159046,
    "ci95": 0.000507348624545092
  },
  "R2": {
    "mean": 0.9965654015541077,
    "std": 0.005880466662347317,
    "median": 0.9982190132141113,
    "p05": 0.9882652163505554,
    "p95": 0.9997518658638,
    "ci95": 0.0003644750998110343
  }
}