{
  "N_test": 1000,
  "relL2": {
    "mean": 0.05197281017899513,
    "std": 0.030253136530518532,
    "median": 0.046266622841358185,
    "p05": 0.023206589743494987,
    "p95": 0.09978975355625153,
    "ci95": 0.0018751088288894602
  },
  "MAE": {
    "mean": 0.014921600930392742,
    "std": 0.0126566207036376,
    "median": 0.010819915682077408,
    "p05": 0.00399458734318614,
    "p95": 0.03888271376490593,
    "ci95": 0.0007844654785250204
  },
  "RMSE": {
    "mean": 0.016910836100578308,
    "std": 0.013722941279411316,
    "median": 0.012633390724658966,
    "p05": 0.004898376297205687,
    "p95": 0.04260803386569023,
    "ci95": 0.0008505567125378237
  },
  "MaxAbs": {
    "mean": 0.0289516169577837,
    "std": 0.020752202719449997,
    "median": 0.023297376930713654,
    "p05": 0.010015617124736309,
    "p95": 0.06530516594648361,
    "ci95": 0.0012862348503564435
  },
  "R2": {
    "mean": 0.9895168542861938,
    "std": 0.01826912723481655,
    "median": 0.9935232400894165,
    "p05": 0.968631386756897,
    "p95": 0.9985455274581909,
    "ci95": 0.0011323322373385084
  }
}