{
  "N_test": 1000,
  "relL2": {
    "mean": 0.043124403804540634,
    "std": 0.021000199019908905,
    "median": 0.03895990177989006,
    "p05": 0.017212092876434326,
    "p95": 0.08043640106916428,
    "ci95": 0.0013016058203070575
  },
  "MAE": {
    "mean": 0.011305286549031734,
    "std": 0.007786972913891077,
    "median": 0.009499505162239075,
    "p05": 0.0035653109662234783,
    "p95": 0.02433306910097599,
    "ci95": 0.00048264158152430686
  },
  "RMSE": {
    "mean": 0.012963132932782173,
    "std": 0.008666562847793102,
    "median": 0.011083591729402542,
    "p05": 0.004361575003713369,
    "p95": 0.02719930000603199,
    "ci95": 0.0005371591304468191
  },
  "MaxAbs": {
    "mean": 0.022142186760902405,
    "std": 0.014115231111645699,
    "median": 0.019008934497833252,
    "p05": 0.008406741544604301,
    "p95": 0.046840377151966095,
    "ci95": 0.0008748710882444291
  },
  "R2": {
    "mean": 0.994153618812561,
    "std": 0.005593031644821167,
    "median": 0.9955321550369263,
    "p05": 0.98578941822052,
    "p95": 0.998746931552887,
    "ci95": 0.00034665969285144254
  }
}