{
  "N_test": 1000,
  "relL2": {
    "mean": 0.033012986183166504,
    "std": 0.02370402216911316,
    "median": 0.02728726714849472,
    "p05": 0.010338925756514072,
    "p95": 0.07385580986738205,
    "ci95": 0.001469190515325842
  },
  "MAE": {
    "mean": 0.008217298425734043,
    "std": 0.00628317566588521,
    "median": 0.006897184066474438,
    "p05": 0.0030528134666383266,
    "p95": 0.01684817485511303,
    "ci95": 0.0003894352624455907
  },
  "RMSE": {
    "mean": 0.009538994170725346,
    "std": 0.006722870282828808,
    "median": 0.008145221509039402,
    "p05": 0.0036873279605060816,
    "p95": 0.018682461231946945,
    "ci95": 0.0004166878171489485
  },
  "MaxAbs": {
    "mean": 0.017119165509939194,
    "std": 0.009655111469328403,
    "median": 0.0152646005153656,
    "p05": 0.0072879912331700325,
    "p95": 0.03236074000597,
    "ci95": 0.000598430008795497
  },
  "R2": {
    "mean": 0.9958294034004211,
    "std": 0.006908973213285208,
    "median": 0.9976140856742859,
    "p05": 0.9869151711463928,
    "p95": 0.9996638298034668,
    "ci95": 0.00042822259628264166
  }
}