{
  "N_test": 1000,
  "relL2": {
    "mean": 0.0363551490008831,
    "std": 0.028603563085198402,
    "median": 0.02856750227510929,
    "p05": 0.010188658721745014,
    "p95": 0.08878836035728455,
    "ci95": 0.0017728672074925809
  },
  "MAE": {
    "mean": 0.008560760878026485,
    "std": 0.0074163638055324554,
    "median": 0.0067658377811312675,
    "p05": 0.0030555648263543844,
    "p95": 0.021039247512817383,
    "ci95": 0.00045967099100556593
  },
  "RMSE": {
    "mean": 0.009932363405823708,
    "std": 0.007988957688212395,
    "median": 0.00805305503308773,
    "p05": 0.0037699781823903322,
    "p95": 0.023243775591254234,
    "ci95": 0.0004951607275391037
  },
  "MaxAbs": {
    "mean": 0.01779475063085556,
    "std": 0.011731239035725594,
    "median": 0.015432007610797882,
    "p05": 0.007432674057781696,
    "p95": 0.03730437532067299,
    "ci95": 0.0007271097285238977
  },
  "R2": {
    "mean": 0.9944761991500854,
    "std": 0.01280282624065876,
    "median": 0.9974039793014526,
    "p05": 0.9810600876808167,
    "p95": 0.9996630549430847,
    "ci95": 0.0007935273915939131
  }
}