{
  "N_test": 1000,
  "relL2": {
    "mean": 0.02707126922905445,
    "std": 0.01625126786530018,
    "median": 0.02368217520415783,
    "p05": 0.008226078934967518,
    "p95": 0.05627409741282463,
    "ci95": 0.00100726401786908
  },
  "MAE": {
    "mean": 0.007334189489483833,
    "std": 0.0063302479684352875,
    "median": 0.005920705385506153,
    "p05": 0.0024214605800807476,
    "p95": 0.016183659434318542,
    "ci95": 0.0003923528339846199
  },
  "RMSE": {
    "mean": 0.008242830634117126,
    "std": 0.006707348860800266,
    "median": 0.006833823397755623,
    "p05": 0.0029218464624136686,
    "p95": 0.016700834035873413,
    "ci95": 0.0004157257894447044
  },
  "MaxAbs": {
    "mean": 0.013962945900857449,
    "std": 0.009396379813551903,
    "median": 0.01242387667298317,
    "p05": 0.00550836930051446,
    "p95": 0.02585068717598915,
    "ci95": 0.0005823936546287051
  },
  "R2": {
    "mean": 0.9965672492980957,
    "std": 0.00568344397470355,
    "median": 0.9984689950942993,
    "p05": 0.9855806231498718,
    "p95": 0.9998062252998352,
    "ci95": 0.00035226350711486286
  }
}