{
  "N_test": 1000,
  "relL2": {
    "mean": 0.0413912795484066,
    "std": 0.03343772143125534,
    "median": 0.032736919820308685,
    "p05": 0.011662056669592857,
    "p95": 0.09659083187580109,
    "ci95": 0.0020724914459842475
  },
  "MAE": {
    "mean": 0.010338355787098408,
    "std": 0.008933081291615963,
    "median": 0.007655652705579996,
    "p05": 0.0030115749686956406,
    "p95": 0.026786314323544502,
    "ci95": 0.0005536781147369269
  },
  "RMSE": {
    "mean": 0.011980188079178333,
    "std": 0.009921393357217312,
    "median": 0.00920679047703743,
    "p05": 0.003747092094272375,
    "p95": 0.030614273622632027,
    "ci95": 0.0006149343311969167
  },
  "MaxAbs": {
    "mean": 0.021638110280036926,
    "std": 0.01576850190758705,
    "median": 0.017891105264425278,
    "p05": 0.00771724246442318,
    "p95": 0.049758367240428925,
    "ci95": 0.0009773418738070261
  },
  "R2": {
    "mean": 0.9923093318939209,
    "std": 0.019550032913684845,
    "median": 0.9969115257263184,
    "p05": 0.9732286930084229,
    "p95": 0.9995061755180359,
    "ci95": 0.0012117235938346415
  }
}