{
  "N_test": 1000,
  "relL2": {
    "mean": 0.041165541857481,
    "std": 0.01864132471382618,
    "median": 0.03663044050335884,
    "p05": 0.02084912732243538,
    "p95": 0.0794660896062851,
    "ci95": 0.001155401276090154
  },
  "MAE": {
    "mean": 0.01217991765588522,
    "std": 0.008654696866869926,
    "median": 0.010351357981562614,
    "p05": 0.003814498893916607,
    "p95": 0.025328069925308228,
    "ci95": 0.0005364236693295879
  },
  "RMSE": {
    "mean": 0.013430451042950153,
    "std": 0.009022912010550499,
    "median": 0.011576897464692593,
    "p05": 0.0045830123126506805,
    "p95": 0.02705683931708336,
    "ci95": 0.0005592458803803244
  },
  "MaxAbs": {
    "mean": 0.02059800550341606,
    "std": 0.01194345485419035,
    "median": 0.01864968240261078,
    "p05": 0.008562239818274975,
    "p95": 0.03803425654768944,
    "ci95": 0.0007402630012244603
  },
  "R2": {
    "mean": 0.9933872222900391,
    "std": 0.008621818386018276,
    "median": 0.9960929155349731,
    "p05": 0.9797265529632568,
    "p95": 0.9988839030265808,
    "ci95": 0.0005343858399738378
  }
}