{
  "N_test": 1000,
  "relL2": {
    "mean": 0.029285408556461334,
    "std": 0.01787017472088337,
    "median": 0.025042735040187836,
    "p05": 0.010059386491775513,
    "p95": 0.06511816382408142,
    "ci95": 0.0011076049043418415
  },
  "MAE": {
    "mean": 0.008136434480547905,
    "std": 0.006769594736397266,
    "median": 0.0064559392631053925,
    "p05": 0.0025502208154648542,
    "p95": 0.018601346760988235,
    "ci95": 0.00041958382878472944
  },
  "RMSE": {
    "mean": 0.009120757691562176,
    "std": 0.007092188578099012,
    "median": 0.007375859655439854,
    "p05": 0.003021666780114174,
    "p95": 0.019800012931227684,
    "ci95": 0.0004395784022435875
  },
  "MaxAbs": {
    "mean": 0.01551366038620472,
    "std": 0.00981075782328844,
    "median": 0.013460631482303143,
    "p05": 0.006071427837014198,
    "p95": 0.030160166323184967,
    "ci95": 0.000608077069760581
  },
  "R2": {
    "mean": 0.9964449405670166,
    "std": 0.005201950669288635,
    "median": 0.9979708194732666,
    "p05": 0.9880356192588806,
    "p95": 0.9997418522834778,
    "ci95": 0.00032242024285947224
  }
}