{
  "N_test": 1000,
  "relL2": {
    "mean": 0.02926577813923359,
    "std": 0.02300129644572735,
    "median": 0.022766754031181335,
    "p05": 0.007733101025223732,
    "p95": 0.07158516347408295,
    "ci95": 0.0014256351237425852
  },
  "MAE": {
    "mean": 0.00744188018143177,
    "std": 0.0059510632418096066,
    "median": 0.005688878241926432,
    "p05": 0.0020585728343576193,
    "p95": 0.018142879009246826,
    "ci95": 0.00036885072113894516
  },
  "RMSE": {
    "mean": 0.008122500963509083,
    "std": 0.006152632180601358,
    "median": 0.006418636068701744,
    "p05": 0.0026314477436244488,
    "p95": 0.018761994317173958,
    "ci95": 0.00038134409340059524
  },
  "MaxAbs": {
    "mean": 0.012893274426460266,
    "std": 0.008339648135006428,
    "median": 0.011002181097865105,
    "p05": 0.005241774953901768,
    "p95": 0.025232478976249695,
    "ci95": 0.000516896746623516
  },
  "R2": {
    "mean": 0.995214581489563,
    "std": 0.011093962006270885,
    "median": 0.9985234141349792,
    "p05": 0.9806909561157227,
    "p95": 0.9998293519020081,
    "ci95": 0.0006876108890176691
  }
}