{
  "N_test": 1000,
  "relL2": {
    "mean": 0.04039629548788071,
    "std": 0.01998358592391014,
    "median": 0.036800093948841095,
    "p05": 0.015986088663339615,
    "p95": 0.07613680511713028,
    "ci95": 0.001238595487809832
  },
  "MAE": {
    "mean": 0.011495471931993961,
    "std": 0.008675101213157177,
    "median": 0.009371979162096977,
    "p05": 0.0029131160117685795,
    "p95": 0.0263051837682724,
    "ci95": 0.0005376883438149043
  },
  "RMSE": {
    "mean": 0.012892131693661213,
    "std": 0.00943358987569809,
    "median": 0.010866845026612282,
    "p05": 0.003522138576954603,
    "p95": 0.028606580570340157,
    "ci95": 0.000584699958174569
  },
  "MaxAbs": {
    "mean": 0.02097158506512642,
    "std": 0.014349089935421944,
    "median": 0.01818549633026123,
    "p05": 0.006654290482401848,
    "p95": 0.04357533901929855,
    "ci95": 0.0008893658083120223
  },
  "R2": {
    "mean": 0.992790162563324,
    "std": 0.01028413511812687,
    "median": 0.9963041543960571,
    "p05": 0.974385142326355,
    "p95": 0.9993143081665039,
    "ci95": 0.0006374172984688316
  }
}