{
  "N_test": 1000,
  "relL2": {
    "mean": 0.03173018619418144,
    "std": 0.022896302863955498,
    "median": 0.02622128836810589,
    "p05": 0.0084070460870862,
    "p95": 0.07563149183988571,
    "ci95": 0.0014191275541238608
  },
  "MAE": {
    "mean": 0.008875184692442417,
    "std": 0.00914828386157751,
    "median": 0.00598582997918129,
    "p05": 0.002402807353064418,
    "p95": 0.025619175285100937,
    "ci95": 0.0005670165082131714
  },
  "RMSE": {
    "mean": 0.009961625561118126,
    "std": 0.009791282005608082,
    "median": 0.006999366916716099,
    "p05": 0.0029788431711494923,
    "p95": 0.02692360430955887,
    "ci95": 0.0006068699460745644
  },
  "MaxAbs": {
    "mean": 0.01719055138528347,
    "std": 0.013876289129257202,
    "median": 0.013459861278533936,
    "p05": 0.0061886487528681755,
    "p95": 0.03963436558842659,
    "ci95": 0.0008600613107419526
  },
  "R2": {
    "mean": 0.9958907961845398,
    "std": 0.006044786423444748,
    "median": 0.9979453086853027,
    "p05": 0.9858819246292114,
    "p95": 0.9997624754905701,
    "ci95": 0.00037465974412002954
  }
}