{
  "N_test": 1000,
  "relL2": {
    "mean": 0.05495510995388031,
    "std": 0.04375026002526283,
    "median": 0.04148886352777481,
    "p05": 0.01306927390396595,
    "p95": 0.14488695561885834,
    "ci95": 0.002711669210127148
  },
  "MAE": {
    "mean": 0.012083650566637516,
    "std": 0.008696438744664192,
    "median": 0.009959060698747635,
    "p05": 0.004260438494384289,
    "p95": 0.02603227272629738,
    "ci95": 0.0005390108577193767
  },
  "RMSE": {
    "mean": 0.014294187538325787,
    "std": 0.009811324998736382,
    "median": 0.011941605247557163,
    "p05": 0.005222599022090435,
    "p95": 0.030344631522893906,
    "ci95": 0.00060811222365905
  },
  "MaxAbs": {
    "mean": 0.026566622778773308,
    "std": 0.016244303435087204,
    "median": 0.0224979966878891,
    "p05": 0.010570922866463661,
    "p95": 0.053697649389505386,
    "ci95": 0.0010068323580123455
  },
  "R2": {
    "mean": 0.988937258720398,
    "std": 0.018037311732769012,
    "median": 0.9945312738418579,
    "p05": 0.9615383744239807,
    "p95": 0.9993413090705872,
    "ci95": 0.0011179641636637576
  }
}