{
  "N_test": 1000,
  "relL2": {
    "mean": 0.05535968765616417,
    "std": 0.03825075551867485,
    "median": 0.04419110342860222,
    "p05": 0.01749771647155285,
    "p95": 0.12987585365772247,
    "ci95": 0.0023708063893608496
  },
  "MAE": {
    "mean": 0.013759487308561802,
    "std": 0.00914943777024746,
    "median": 0.011477002874016762,
    "p05": 0.0046478877775371075,
    "p95": 0.03093852661550045,
    "ci95": 0.0005670880282135049
  },
  "RMSE": {
    "mean": 0.016161292791366577,
    "std": 0.010228668339550495,
    "median": 0.01364613976329565,
    "p05": 0.005717345513403416,
    "p95": 0.03541916236281395,
    "ci95": 0.0006339794319152696
  },
  "MaxAbs": {
    "mean": 0.02929767593741417,
    "std": 0.01682685874402523,
    "median": 0.02531629055738449,
    "p05": 0.010697786696255207,
    "p95": 0.061109062284231186,
    "ci95": 0.0010429395101419828
  },
  "R2": {
    "mean": 0.9900916814804077,
    "std": 0.013262210413813591,
    "median": 0.9938128590583801,
    "p05": 0.9705451726913452,
    "p95": 0.9985619783401489,
    "ci95": 0.0008220003176346811
  }
}