{
  "N_test": 1000,
  "relL2": {
    "mean": 0.04483790323138237,
    "std": 0.036193668842315674,
    "median": 0.03452925384044647,
    "p05": 0.012264704331755638,
    "p95": 0.11246702075004578,
    "ci95": 0.002243306836223909
  },
  "MAE": {
    "mean": 0.010825608856976032,
    "std": 0.008165828883647919,
    "median": 0.008565649390220642,
    "p05": 0.003939653746783733,
    "p95": 0.023942720144987106,
    "ci95": 0.0005061233178081432
  },
  "RMSE": {
    "mean": 0.012540111318230629,
    "std": 0.008697155863046646,
    "median": 0.01004909910261631,
    "p05": 0.004811212886124849,
    "p95": 0.027122436091303825,
    "ci95": 0.0005390553051772111
  },
  "MaxAbs": {
    "mean": 0.0227828249335289,
    "std": 0.013205123133957386,
    "median": 0.01922805979847908,
    "p05": 0.009177178144454956,
    "p95": 0.04751623421907425,
    "ci95": 0.0008184620113712076
  },
  "R2": {
    "mean": 0.9920445680618286,
    "std": 0.012990135699510574,
    "median": 0.996191143989563,
    "p05": 0.9722930788993835,
    "p95": 0.9995158910751343,
    "ci95": 0.0008051369521323134
  }
}