{
  "N_test": 1000,
  "relL2": {
    "mean": 0.02913728356361389,
    "std": 0.018007198348641396,
    "median": 0.02488008886575699,
    "p05": 0.008816823363304138,
    "p95": 0.06200085207819939,
    "ci95": 0.0011160977167785405
  },
  "MAE": {
    "mean": 0.007991272956132889,
    "std": 0.006824403535574675,
    "median": 0.006094860844314098,
    "p05": 0.002300051273778081,
    "p95": 0.02079632319509983,
    "ci95": 0.0004229809133526292
  },
  "RMSE": {
    "mean": 0.009110918268561363,
    "std": 0.007314152084290981,
    "median": 0.00704615842550993,
    "p05": 0.0028054555878043175,
    "p95": 0.02231021411716938,
    "ci95": 0.0004533358428888563
  },
  "MaxAbs": {
    "mean": 0.015110201202332973,
    "std": 0.01045192964375019,
    "median": 0.012507748790085316,
    "p05": 0.005703833419829607,
    "p95": 0.03398074209690094,
    "ci95": 0.0006478173109144244
  },
  "R2": {
    "mean": 0.9966309070587158,
    "std": 0.004357688128948212,
    "median": 0.9979824423789978,
    "p05": 0.9893187284469604,
    "p95": 0.999792754650116,
    "ci95": 0.00027009230847501597
  }
}