{
  "N_test": 1000,
  "relL2": {
    "mean": 0.03284187614917755,
    "std": 0.028426233679056168,
    "median": 0.02514847368001938,
    "p05": 0.007677013054490089,
    "p95": 0.08486700803041458,
    "ci95": 0.0017618762170297044
  },
  "MAE": {
    "mean": 0.007293255068361759,
    "std": 0.004660048056393862,
    "median": 0.006295274011790752,
    "p05": 0.002994275651872158,
    "p95": 0.014737766236066818,
    "ci95": 0.0002888327709352895
  },
  "RMSE": {
    "mean": 0.008536328561604023,
    "std": 0.005055681802332401,
    "median": 0.007418398279696703,
    "p05": 0.003806471358984709,
    "p95": 0.016218949109315872,
    "ci95": 0.000313354404560537
  },
  "MaxAbs": {
    "mean": 0.016503894701600075,
    "std": 0.008292320184409618,
    "median": 0.014457935467362404,
    "p05": 0.007802889216691256,
    "p95": 0.031783949583768845,
    "ci95": 0.0005139633298543887
  },
  "R2": {
    "mean": 0.9955497980117798,
    "std": 0.010623463429510593,
    "median": 0.9981132745742798,
    "p05": 0.9842331409454346,
    "p95": 0.9997565150260925,
    "ci95": 0.0006584490851044393
  }
}