{
  "N_test": 1000,
  "relL2": {
    "mean": 0.04392378777265549,
    "std": 0.03667833283543587,
    "median": 0.03416005149483681,
    "p05": 0.012149919755756855,
    "p95": 0.10988479107618332,
    "ci95": 0.0022733466217392958
  },
  "MAE": {
    "mean": 0.009672672487795353,
    "std": 0.006992224138230085,
    "median": 0.008149262517690659,
    "p05": 0.0037109325639903545,
    "p95": 0.020066309720277786,
    "ci95": 0.0004333825420694159
  },
  "RMSE": {
    "mean": 0.011348970234394073,
    "std": 0.007714622188359499,
    "median": 0.00972428172826767,
    "p05": 0.004575272556394339,
    "p95": 0.022668002173304558,
    "ci95": 0.0004781572370966154
  },
  "MaxAbs": {
    "mean": 0.02128452993929386,
    "std": 0.012160100974142551,
    "median": 0.01895327866077423,
    "p05": 0.009058509021997452,
    "p95": 0.0402807779610157,
    "ci95": 0.0007536908668560857
  },
  "R2": {
    "mean": 0.9916527271270752,
    "std": 0.020016346126794815,
    "median": 0.9965981245040894,
    "p05": 0.9706699252128601,
    "p95": 0.999492347240448,
    "ci95": 0.0012406259862212377
  }
}