{
  "N_test": 1000,
  "relL2": {
    "mean": 0.030587833374738693,
    "std": 0.020985709503293037,
    "median": 0.02605229616165161,
    "p05": 0.010614332742989063,
    "p95": 0.06661533564329147,
    "ci95": 0.0013007077507629179
  },
  "MAE": {
    "mean": 0.007985102012753487,
    "std": 0.006455619353801012,
    "median": 0.00675330962985754,
    "p05": 0.0027390015311539173,
    "p95": 0.016936032101511955,
    "ci95": 0.00040012343295548115
  },
  "RMSE": {
    "mean": 0.00922131072729826,
    "std": 0.0068967812694609165,
    "median": 0.007958153262734413,
    "p05": 0.003327407641336322,
    "p95": 0.018481824547052383,
    "ci95": 0.00042746693177548586
  },
  "MaxAbs": {
    "mean": 0.01632128469645977,
    "std": 0.01037796400487423,
    "median": 0.01440371759235859,
    "p05": 0.006637097802013159,
    "p95": 0.029827682301402092,
    "ci95": 0.0006432328731206487
  },
  "R2": {
    "mean": 0.996103823184967,
    "std": 0.006563251838088036,
    "median": 0.9978389739990234,
    "p05": 0.9877570867538452,
    "p95": 0.9997335076332092,
    "ci95": 0.00040679456344663905
  }
}