{
  "N_test": 1000,
  "relL2": {
    "mean": 0.04803664982318878,
    "std": 0.027254093438386917,
    "median": 0.041661348193883896,
    "p05": 0.018756598234176636,
    "p95": 0.09647198766469955,
    "ci95": 0.0016892262122357102
  },
  "MAE": {
    "mean": 0.013678034767508507,
    "std": 0.00955695379525423,
    "median": 0.012002993375062943,
    "p05": 0.003254922805353999,
    "p95": 0.028276411816477776,
    "ci95": 0.0005923461331254797
  },
  "RMSE": {
    "mean": 0.015753811225295067,
    "std": 0.010779866017401218,
    "median": 0.013546880334615707,
    "p05": 0.003855188610032201,
    "p95": 0.033137012273073196,
    "ci95": 0.0006681430179341486
  },
  "MaxAbs": {
    "mean": 0.02539636194705963,
    "std": 0.015731407329440117,
    "median": 0.022316308692097664,
    "p05": 0.00765665527433157,
    "p95": 0.05122675746679306,
    "ci95": 0.0009750427280335927
  },
  "R2": {
    "mean": 0.9918252229690552,
    "std": 0.010191335342824459,
    "median": 0.994800865650177,
    "p05": 0.9742906093597412,
    "p95": 0.9986971616744995,
    "ci95": 0.0006316655088052055
  }
}