{
  "N_test": 1000,
  "relL2": {
    "mean": 0.044876810163259506,
    "std": 0.03643270209431648,
    "median": 0.034429796040058136,
    "p05": 0.013052531518042088,
    "p95": 0.10760432481765747,
    "ci95": 0.002258122270675564
  },
  "MAE": {
    "mean": 0.00963625218719244,
    "std": 0.006477002985775471,
    "median": 0.008130686357617378,
    "p05": 0.003808504668995738,
    "p95": 0.01965290494263172,
    "ci95": 0.0004014488041965286
  },
  "RMSE": {
    "mean": 0.011307441629469395,
    "std": 0.007050403393805027,
    "median": 0.009722404181957245,
    "p05": 0.004679222125560045,
    "p95": 0.02196464315056801,
    "ci95": 0.00043698852968913725
  },
  "MaxAbs": {
    "mean": 0.021257203072309494,
    "std": 0.011635477654635906,
    "median": 0.019017653539776802,
    "p05": 0.009500155225396156,
    "p95": 0.041508372873067856,
    "ci95": 0.0007211743766318125
  },
  "R2": {
    "mean": 0.9920914173126221,
    "std": 0.014106910675764084,
    "median": 0.9965296983718872,
    "p05": 0.969107449054718,
    "p95": 0.999463677406311,
    "ci95": 0.0008743553822856077
  }
}