{
  "N_test": 1000,
  "relL2": {
    "mean": 0.4845770299434662,
    "std": 0.26439476013183594,
    "median": 0.41165775060653687,
    "p05": 0.17062963545322418,
    "p95": 0.9464340806007385,
    "ci95": 0.016387357011237447
  },
  "MAE": {
    "mean": 0.12177646905183792,
    "std": 0.05940363183617592,
    "median": 0.11137497425079346,
    "p05": 0.044248756021261215,
    "p95": 0.2285452038049698,
    "ci95": 0.003681875246612762
  },
  "RMSE": {
    "mean": 0.14218518137931824,
    "std": 0.06859312951564789,
    "median": 0.13148222863674164,
    "p05": 0.051683083176612854,
    "p95": 0.27028751373291016,
    "ci95": 0.004251446213724044
  },
  "MaxAbs": {
    "mean": 0.2358594834804535,
    "std": 0.1074879840016365,
    "median": 0.2182597815990448,
    "p05": 0.092385433614254,
    "p95": 0.4456288516521454,
    "ci95": 0.006662174270680262
  },
  "R2": {
    "mean": 0.1931886523962021,
    "std": 0.7233588695526123,
    "median": 0.41808944940567017,
    "p05": -1.2656360864639282,
    "p95": 0.9090297818183899,
    "ci95": 0.04483424723202922
  }
}