{
  "N_test": 1000,
  "relL2": {
    "mean": 0.04961080849170685,
    "std": 0.02400032989680767,
    "median": 0.04521459713578224,
    "p05": 0.018286583945155144,
    "p95": 0.09865684062242508,
    "ci95": 0.001487555858559185
  },
  "MAE": {
    "mean": 0.016466937959194183,
    "std": 0.014406184665858746,
    "median": 0.012087633833289146,
    "p05": 0.0033758259378373623,
    "p95": 0.04234684631228447,
    "ci95": 0.0008929045763672654
  },
  "RMSE": {
    "mean": 0.017697468400001526,
    "std": 0.015039107762277126,
    "median": 0.013220122084021568,
    "p05": 0.004067528527230024,
    "p95": 0.044497665017843246,
    "ci95": 0.0009321335563080709
  },
  "MaxAbs": {
    "mean": 0.025336265563964844,
    "std": 0.018868524581193924,
    "median": 0.020212560892105103,
    "p05": 0.007790715899318457,
    "p95": 0.05708567053079605,
    "ci95": 0.0011694832697635704
  },
  "R2": {
    "mean": 0.9887958765029907,
    "std": 0.01413776259869337,
    "median": 0.9939695596694946,
    "p05": 0.9615395069122314,
    "p95": 0.9992517232894897,
    "ci95": 0.0008762676042799972
  }
}