{
  "N_test": 1000,
  "relL2": {
    "mean": 0.043015334755182266,
    "std": 0.03189210221171379,
    "median": 0.034759119153022766,
    "p05": 0.012851595878601074,
    "p95": 0.10357832163572311,
    "ci95": 0.001976692974254218
  },
  "MAE": {
    "mean": 0.010248810984194279,
    "std": 0.00712470430880785,
    "median": 0.008688254281878471,
    "p05": 0.0038306033238768578,
    "p95": 0.020724348723888397,
    "ci95": 0.00044159374811254977
  },
  "RMSE": {
    "mean": 0.012092378921806812,
    "std": 0.007795961573719978,
    "median": 0.010430091992020607,
    "p05": 0.004660140722990036,
    "p95": 0.024162236601114273,
    "ci95": 0.0004831987044324739
  },
  "MaxAbs": {
    "mean": 0.02279900759458542,
    "std": 0.012704639695584774,
    "median": 0.020175114274024963,
    "p05": 0.009263880550861359,
    "p95": 0.04515332356095314,
    "ci95": 0.0007874417264807881
  },
  "R2": {
    "mean": 0.9923482537269592,
    "std": 0.01455837581306696,
    "median": 0.9964168071746826,
    "p05": 0.9737341403961182,
    "p95": 0.9994829893112183,
    "ci95": 0.0009023374813991473
  }
}