{
  "N_test": 1000,
  "relL2": {
    "mean": 0.029917003586888313,
    "std": 0.021668044850230217,
    "median": 0.025265611708164215,
    "p05": 0.008119775913655758,
    "p95": 0.06704963743686676,
    "ci95": 0.0013429993337204266
  },
  "MAE": {
    "mean": 0.007356172893196344,
    "std": 0.007016194052994251,
    "median": 0.005208232440054417,
    "p05": 0.0024406202137470245,
    "p95": 0.019481835886836052,
    "ci95": 0.0004348682127785232
  },
  "RMSE": {
    "mean": 0.00845496729016304,
    "std": 0.0074416580609977245,
    "median": 0.0062950667925179005,
    "p05": 0.003113801358267665,
    "p95": 0.021536150947213173,
    "ci95": 0.0004612387452017388
  },
  "MaxAbs": {
    "mean": 0.015354434959590435,
    "std": 0.010699648410081863,
    "median": 0.012462328188121319,
    "p05": 0.00641296012327075,
    "p95": 0.03321705386042595,
    "ci95": 0.0006631710791216166
  },
  "R2": {
    "mean": 0.9963559508323669,
    "std": 0.00608432199805975,
    "median": 0.9982608556747437,
    "p05": 0.9876762628555298,
    "p95": 0.9997842311859131,
    "ci95": 0.0003771101844220135
  }
}